{
  "entries": [
    {
      "id": 1742890798132,
      "type": "smoked",
      "category": "vaping",
      "timestamp": "2025-03-25T08:19:58.132Z",
      "note": "",
      "date": "Tue Mar 25 2025"
    },
    {
      "id": 1742893110135,
      "type": "craving",
      "category": "vaping",
      "timestamp": "2025-03-25T08:58:20.132Z",
      "note": "",
      "date": "Tue Mar 25 2025",
      "intensity": 1
    },
    {
      "id": 1742898036132,
      "type": "smoked",
      "category": "vaping",
      "timestamp": "2025-03-25T10:20:36.132Z",
      "note": "",
      "date": "Tue Mar 25 2025"
    },
    {
      "id": 1742898263132,
      "type": "smoked",
      "category": "vaping",
      "timestamp": "2025-03-25T10:24:23.132Z",
      "note": "",
      "date": "Tue Mar 25 2025"
    },
    {
      "id": 1742909729132,
      "type": "smoked",
      "category": "vaping",
      "timestamp": "2025-03-25T13:35:29.132Z",
      "note": "",
      "date": "Tue Mar 25 2025"
    },
    {
      "id": 1742910715134,
      "type": "craving",
      "category": "vaping",
      "timestamp": "2025-03-25T13:51:45.132Z",
      "note": "",
      "date": "Tue Mar 25 2025",
      "intensity": 2
    },
    {
      "id": 1742922918132,
      "type": "craving",
      "category": "alcohol",
      "timestamp": "2025-03-25T17:14:58.132Z",
      "note": "",
      "date": "Tue Mar 25 2025",
      "intensity": 2
    },
    {
      "id": 1742923360132,
      "type": "smoked",
      "category": "vaping",
      "timestamp": "2025-03-25T17:22:40.132Z",
      "note": "",
      "date": "Tue Mar 25 2025"
    },
    {
      "id": 1742925081137,
      "type": "craving",
      "category": "vaping",
      "timestamp": "2025-03-25T17:51:11.132Z",
      "note": "",
      "date": "Tue Mar 25 2025",
      "intensity": 2
    },
    {
      "id": 1742925718136,
      "type": "smoked",
      "category": "alcohol",
      "timestamp": "2025-03-25T18:01:58.132Z",
      "note": "",
      "date": "Tue Mar 25 2025",
      "cost": 1
    },
    {
      "id": 1742927219132,
      "type": "smoked",
      "category": "vaping",
      "timestamp": "2025-03-25T18:26:59.132Z",
      "note": "",
      "date": "Tue Mar 25 2025"
    },
    {
      "id": 1742928291132,
      "type": "smoked",
      "category": "alcohol",
      "timestamp": "2025-03-25T18:44:51.132Z",
      "note": "",
      "date": "Tue Mar 25 2025",
      "cost": 0.75
    },
    {
      "id": 1742930388133,
      "type": "craving",
      "category": "alcohol",
      "timestamp": "2025-03-25T19:19:28.132Z",
      "note": "",
      "date": "Tue Mar 25 2025",
      "intensity": 1
    },
    {
      "id": 1742932735134,
      "type": "smoked",
      "category": "alcohol",
      "timestamp": "2025-03-25T19:58:55.132Z",
      "note": "",
      "date": "Tue Mar 25 2025",
      "cost": 0.75
    },
    {
      "id": 1742933419133,
      "type": "craving",
      "category": "vaping",
      "timestamp": "2025-03-25T20:10:09.132Z",
      "note": "",
      "date": "Tue Mar 25 2025",
      "intensity": 2
    },
    {
      "id": 1742937088135,
      "type": "smoked",
      "category": "alcohol",
      "timestamp": "2025-03-25T21:11:28.132Z",
      "note": "",
      "date": "Tue Mar 25 2025",
      "cost": 1
    },
    {
      "id": 1742939448132,
      "type": "smoked",
      "category": "vaping",
      "timestamp": "2025-03-25T21:50:48.132Z",
      "note": "",
      "date": "Tue Mar 25 2025"
    },
    {
      "id": 1742943943132,
      "type": "craving",
      "category": "vaping",
      "timestamp": "2025-03-25T23:05:33.132Z",
      "note": "",
      "date": "Tue Mar 25 2025",
      "intensity": 2
    },
    {
      "id": 1742944706132,
      "type": "smoked",
      "category": "vaping",
      "timestamp": "2025-03-25T23:18:26.132Z",
      "note": "",
      "date": "Tue Mar 25 2025"
    },
    {
      "id": 1742944928137,
      "type": "smoked",
      "category": "alcohol",
      "timestamp": "2025-03-25T23:22:08.132Z",
      "note": "",
      "date": "Tue Mar 25 2025",
      "cost": 1.25
    },
    {
      "id": 1742945024133,
      "type": "smoked",
      "category": "alcohol",
      "timestamp": "2025-03-25T23:23:44.132Z",
      "note": "",
      "date": "Tue Mar 25 2025",
      "cost": 1
    },
    {
      "id": 1742947104136,
      "type": "craving",
      "category": "vaping",
      "timestamp": "2025-03-25T23:58:14.132Z",
      "note": "",
      "date": "Tue Mar 25 2025",
      "intensity": 3
    },
    {
      "id": 1742979461132,
      "type": "craving",
      "category": "vaping",
      "timestamp": "2025-03-26T08:57:31.132Z",
      "note": "",
      "date": "Wed Mar 26 2025",
      "intensity": 2
    },
    {
      "id": 1742980909136,
      "type": "craving",
      "category": "vaping",
      "timestamp": "2025-03-26T09:21:39.132Z",
      "note": "",
      "date": "Wed Mar 26 2025",
      "intensity": 3
    },
    {
      "id": 1742986601132,
      "type": "smoked",
      "category": "vaping",
      "timestamp": "2025-03-26T10:56:41.132Z",
      "note": "",
      "date": "Wed Mar 26 2025"
    },
    {
      "id": 1742987506132,
      "type": "smoked",
      "category": "vaping",
      "timestamp": "2025-03-26T11:11:46.132Z",
      "note": "",
      "date": "Wed Mar 26 2025"
    },
    {
      "id": 1742987688132,
      "type": "smoked",
      "category": "vaping",
      "timestamp": "2025-03-26T11:14:48.132Z",
      "note": "",
      "date": "Wed Mar 26 2025"
    },
    {
      "id": 1742993998134,
      "type": "craving",
      "category": "vaping",
      "timestamp": "2025-03-26T12:59:48.132Z",
      "note": "",
      "date": "Wed Mar 26 2025",
      "intensity": 2
    },
    {
      "id": 1742998075132,
      "type": "smoked",
      "category": "vaping",
      "timestamp": "2025-03-26T14:07:55.132Z",
      "note": "",
      "date": "Wed Mar 26 2025"
    },
    {
      "id": 1743009728132,
      "type": "smoked",
      "category": "vaping",
      "timestamp": "2025-03-26T17:22:08.132Z",
      "note": "",
      "date": "Wed Mar 26 2025"
    },
    {
      "id": 1743009987133,
      "type": "craving",
      "category": "vaping",
      "timestamp": "2025-03-26T17:26:17.132Z",
      "note": "",
      "date": "Wed Mar 26 2025",
      "intensity": 1
    },
    {
      "id": 1743015099132,
      "type": "smoked",
      "category": "vaping",
      "timestamp": "2025-03-26T18:51:39.132Z",
      "note": "",
      "date": "Wed Mar 26 2025"
    },
    {
      "id": 1743015737132,
      "type": "smoked",
      "category": "vaping",
      "timestamp": "2025-03-26T19:02:17.132Z",
      "note": "",
      "date": "Wed Mar 26 2025"
    },
    {
      "id": 1743018231132,
      "type": "craving",
      "category": "alcohol",
      "timestamp": "2025-03-26T19:43:31.132Z",
      "note": "",
      "date": "Wed Mar 26 2025",
      "intensity": 2
    },
    {
      "id": 1743024094132,
      "type": "smoked",
      "category": "vaping",
      "timestamp": "2025-03-26T21:21:34.132Z",
      "note": "",
      "date": "Wed Mar 26 2025"
    },
    {
      "id": 1743024155135,
      "type": "craving",
      "category": "vaping",
      "timestamp": "2025-03-26T21:22:25.132Z",
      "note": "",
      "date": "Wed Mar 26 2025",
      "intensity": 2
    },
    {
      "id": 1743026439132,
      "type": "smoked",
      "category": "alcohol",
      "timestamp": "2025-03-26T22:00:39.132Z",
      "note": "",
      "date": "Wed Mar 26 2025",
      "cost": 1.25
    },
    {
      "id": 1743026740134,
      "type": "smoked",
      "category": "alcohol",
      "timestamp": "2025-03-26T22:05:40.132Z",
      "note": "",
      "date": "Wed Mar 26 2025",
      "cost": 1
    },
    {
      "id": 1743030811132,
      "type": "smoked",
      "category": "vaping",
      "timestamp": "2025-03-26T23:13:31.132Z",
      "note": "",
      "date": "Wed Mar 26 2025"
    },
    {
      "id": 1743031998135,
      "type": "smoked",
      "category": "alcohol",
      "timestamp": "2025-03-26T23:33:18.132Z",
      "note": "",
      "date": "Wed Mar 26 2025",
      "cost": 0.75
    },
    {
      "id": 1743032426133,
      "type": "smoked",
      "category": "alcohol",
      "timestamp": "2025-03-26T23:40:26.132Z",
      "note": "",
      "date": "Wed Mar 26 2025",
      "cost": 1
    },
    {
      "id": 1743062827135,
      "type": "craving",
      "category": "vaping",
      "timestamp": "2025-03-27T08:06:57.132Z",
      "note": "",
      "date": "Thu Mar 27 2025",
      "intensity": 2
    },
    {
      "id": 1743074894134,
      "type": "craving",
      "category": "vaping",
      "timestamp": "2025-03-27T11:28:04.132Z",
      "note": "",
      "date": "Thu Mar 27 2025",
      "intensity": 3
    },
    {
      "id": 1743075404132,
      "type": "smoked",
      "category": "vaping",
      "timestamp": "2025-03-27T11:36:44.132Z",
      "note": "",
      "date": "Thu Mar 27 2025"
    },
    {
      "id": 1743077326132,
      "type": "smoked",
      "category": "vaping",
      "timestamp": "2025-03-27T12:08:46.132Z",
      "note": "",
      "date": "Thu Mar 27 2025"
    },
    {
      "id": 1743081257132,
      "type": "smoked",
      "category": "vaping",
      "timestamp": "2025-03-27T13:14:17.132Z",
      "note": "",
      "date": "Thu Mar 27 2025"
    },
    {
      "id": 1743085942132,
      "type": "smoked",
      "category": "vaping",
      "timestamp": "2025-03-27T14:32:22.132Z",
      "note": "",
      "date": "Thu Mar 27 2025"
    },
    {
      "id": 1743088406132,
      "type": "craving",
      "category": "vaping",
      "timestamp": "2025-03-27T15:13:16.132Z",
      "note": "",
      "date": "Thu Mar 27 2025",
      "intensity": 2
    },
    {
      "id": 1743091152136,
      "type": "craving",
      "category": "vaping",
      "timestamp": "2025-03-27T15:59:02.132Z",
      "note": "",
      "date": "Thu Mar 27 2025",
      "intensity": 2
    },
    {
      "id": 1743093008132,
      "type": "smoked",
      "category": "vaping",
      "timestamp": "2025-03-27T16:30:08.132Z",
      "note": "",
      "date": "Thu Mar 27 2025"
    },
    {
      "id": 1743093939132,
      "type": "smoked",
      "category": "vaping",
      "timestamp": "2025-03-27T16:45:39.132Z",
      "note": "",
      "date": "Thu Mar 27 2025"
    },
    {
      "id": 1743094113132,
      "type": "craving",
      "category": "alcohol",
      "timestamp": "2025-03-27T16:48:13.132Z",
      "note": "",
      "date": "Thu Mar 27 2025",
      "intensity": 1
    },
    {
      "id": 1743095839132,
      "type": "smoked",
      "category": "vaping",
      "timestamp": "2025-03-27T17:17:19.132Z",
      "note": "",
      "date": "Thu Mar 27 2025"
    },
    {
      "id": 1743099326132,
      "type": "smoked",
      "category": "vaping",
      "timestamp": "2025-03-27T18:15:26.132Z",
      "note": "",
      "date": "Thu Mar 27 2025"
    },
    {
      "id": 1743104079132,
      "type": "smoked",
      "category": "alcohol",
      "timestamp": "2025-03-27T19:34:39.132Z",
      "note": "",
      "date": "Thu Mar 27 2025",
      "cost": 1
    },
    {
      "id": 1743104508132,
      "type": "smoked",
      "category": "vaping",
      "timestamp": "2025-03-27T19:41:48.132Z",
      "note": "",
      "date": "Thu Mar 27 2025"
    },
    {
      "id": 1743104773135,
      "type": "smoked",
      "category": "alcohol",
      "timestamp": "2025-03-27T19:46:13.132Z",
      "note": "",
      "date": "Thu Mar 27 2025",
      "cost": 1.25
    },
    {
      "id": 1743106344137,
      "type": "craving",
      "category": "vaping",
      "timestamp": "2025-03-27T20:12:14.132Z",
      "note": "",
      "date": "Thu Mar 27 2025",
      "intensity": 1
    },
    {
      "id": 1743108289134,
      "type": "smoked",
      "category": "alcohol",
      "timestamp": "2025-03-27T20:44:49.132Z",
      "note": "",
      "date": "Thu Mar 27 2025",
      "cost": 1
    },
    {
      "id": 1743110552133,
      "type": "smoked",
      "category": "alcohol",
      "timestamp": "2025-03-27T21:22:32.132Z",
      "note": "",
      "date": "Thu Mar 27 2025",
      "cost": 1
    },
    {
      "id": 1743114502132,
      "type": "smoked",
      "category": "vaping",
      "timestamp": "2025-03-27T22:28:22.132Z",
      "note": "",
      "date": "Thu Mar 27 2025"
    },
    {
      "id": 1743115188136,
      "type": "smoked",
      "category": "alcohol",
      "timestamp": "2025-03-27T22:39:48.132Z",
      "note": "",
      "date": "Thu Mar 27 2025",
      "cost": 1.25
    },
    {
      "id": 1743118233133,
      "type": "craving",
      "category": "vaping",
      "timestamp": "2025-03-27T23:30:23.132Z",
      "note": "",
      "date": "Thu Mar 27 2025",
      "intensity": 3
    },
    {
      "id": 1743151173134,
      "type": "craving",
      "category": "vaping",
      "timestamp": "2025-03-28T08:39:23.132Z",
      "note": "",
      "date": "Fri Mar 28 2025",
      "intensity": 3
    },
    {
      "id": 1743152093132,
      "type": "smoked",
      "category": "vaping",
      "timestamp": "2025-03-28T08:54:53.132Z",
      "note": "",
      "date": "Fri Mar 28 2025"
    },
    {
      "id": 1743165581132,
      "type": "smoked",
      "category": "vaping",
      "timestamp": "2025-03-28T12:39:41.132Z",
      "note": "",
      "date": "Fri Mar 28 2025"
    },
    {
      "id": 1743167410132,
      "type": "smoked",
      "category": "vaping",
      "timestamp": "2025-03-28T13:10:10.132Z",
      "note": "",
      "date": "Fri Mar 28 2025"
    },
    {
      "id": 1743167880132,
      "type": "smoked",
      "category": "vaping",
      "timestamp": "2025-03-28T13:18:00.132Z",
      "note": "",
      "date": "Fri Mar 28 2025"
    },
    {
      "id": 1743167945132,
      "type": "smoked",
      "category": "vaping",
      "timestamp": "2025-03-28T13:19:05.132Z",
      "note": "",
      "date": "Fri Mar 28 2025"
    },
    {
      "id": 1743176652132,
      "type": "smoked",
      "category": "vaping",
      "timestamp": "2025-03-28T15:44:12.132Z",
      "note": "",
      "date": "Fri Mar 28 2025"
    },
    {
      "id": 1743181963132,
      "type": "smoked",
      "category": "vaping",
      "timestamp": "2025-03-28T17:12:43.132Z",
      "note": "",
      "date": "Fri Mar 28 2025"
    },
    {
      "id": 1743185934133,
      "type": "craving",
      "category": "vaping",
      "timestamp": "2025-03-28T18:18:44.132Z",
      "note": "",
      "date": "Fri Mar 28 2025",
      "intensity": 1
    },
    {
      "id": 1743186826132,
      "type": "smoked",
      "category": "alcohol",
      "timestamp": "2025-03-28T18:33:46.132Z",
      "note": "",
      "date": "Fri Mar 28 2025",
      "cost": 1.25
    },
    {
      "id": 1743188250132,
      "type": "craving",
      "category": "alcohol",
      "timestamp": "2025-03-28T18:57:10.132Z",
      "note": "",
      "date": "Fri Mar 28 2025",
      "intensity": 2
    },
    {
      "id": 1743188572132,
      "type": "smoked",
      "category": "vaping",
      "timestamp": "2025-03-28T19:02:52.132Z",
      "note": "",
      "date": "Fri Mar 28 2025"
    },
    {
      "id": 1743189806132,
      "type": "smoked",
      "category": "vaping",
      "timestamp": "2025-03-28T19:23:26.132Z",
      "note": "",
      "date": "Fri Mar 28 2025"
    },
    {
      "id": 1743190556133,
      "type": "smoked",
      "category": "alcohol",
      "timestamp": "2025-03-28T19:35:56.132Z",
      "note": "",
      "date": "Fri Mar 28 2025",
      "cost": 1
    },
    {
      "id": 1743192959134,
      "type": "smoked",
      "category": "alcohol",
      "timestamp": "2025-03-28T20:15:59.132Z",
      "note": "",
      "date": "Fri Mar 28 2025",
      "cost": 1
    },
    {
      "id": 1743193078135,
      "type": "smoked",
      "category": "alcohol",
      "timestamp": "2025-03-28T20:17:58.132Z",
      "note": "",
      "date": "Fri Mar 28 2025",
      "cost": 1
    },
    {
      "id": 1743193102132,
      "type": "smoked",
      "category": "vaping",
      "timestamp": "2025-03-28T20:18:22.132Z",
      "note": "",
      "date": "Fri Mar 28 2025"
    },
    {
      "id": 1743196630136,
      "type": "smoked",
      "category": "alcohol",
      "timestamp": "2025-03-28T21:17:10.132Z",
      "note": "",
      "date": "Fri Mar 28 2025",
      "cost": 0.75
    },
    {
      "id": 1743199684132,
      "type": "craving",
      "category": "vaping",
      "timestamp": "2025-03-28T22:07:54.132Z",
      "note": "",
      "date": "Fri Mar 28 2025",
      "intensity": 3
    },
    {
      "id": 1743203667132,
      "type": "smoked",
      "category": "vaping",
      "timestamp": "2025-03-28T23:14:27.132Z",
      "note": "",
      "date": "Fri Mar 28 2025"
    },
    {
      "id": 1743205378132,
      "type": "smoked",
      "category": "vaping",
      "timestamp": "2025-03-28T23:42:58.132Z",
      "note": "",
      "date": "Fri Mar 28 2025"
    },
    {
      "id": 1743238242132,
      "type": "smoked",
      "category": "vaping",
      "timestamp": "2025-03-29T08:50:42.132Z",
      "note": "",
      "date": "Sat Mar 29 2025"
    },
    {
      "id": 1743245692132,
      "type": "smoked",
      "category": "vaping",
      "timestamp": "2025-03-29T10:54:52.132Z",
      "note": "",
      "date": "Sat Mar 29 2025"
    },
    {
      "id": 1743249255132,
      "type": "smoked",
      "category": "vaping",
      "timestamp": "2025-03-29T11:54:15.132Z",
      "note": "",
      "date": "Sat Mar 29 2025"
    },
    {
      "id": 1743255776134,
      "type": "craving",
      "category": "vaping",
      "timestamp": "2025-03-29T13:42:46.132Z",
      "note": "",
      "date": "Sat Mar 29 2025",
      "intensity": 2
    },
    {
      "id": 1743265127132,
      "type": "smoked",
      "category": "vaping",
      "timestamp": "2025-03-29T16:18:47.132Z",
      "note": "",
      "date": "Sat Mar 29 2025"
    },
    {
      "id": 1743268299132,
      "type": "craving",
      "category": "vaping",
      "timestamp": "2025-03-29T17:11:29.132Z",
      "note": "",
      "date": "Sat Mar 29 2025",
      "intensity": 2
    },
    {
      "id": 1743268578132,
      "type": "smoked",
      "category": "vaping",
      "timestamp": "2025-03-29T17:16:18.132Z",
      "note": "",
      "date": "Sat Mar 29 2025"
    },
    {
      "id": 1743273787132,
      "type": "smoked",
      "category": "vaping",
      "timestamp": "2025-03-29T18:43:07.132Z",
      "note": "",
      "date": "Sat Mar 29 2025"
    },
    {
      "id": 1743273981132,
      "type": "craving",
      "category": "alcohol",
      "timestamp": "2025-03-29T18:46:01.132Z",
      "note": "",
      "date": "Sat Mar 29 2025",
      "intensity": 2
    },
    {
      "id": 1743275484133,
      "type": "smoked",
      "category": "alcohol",
      "timestamp": "2025-03-29T19:11:24.132Z",
      "note": "",
      "date": "Sat Mar 29 2025",
      "cost": 1
    },
    {
      "id": 1743284939132,
      "type": "smoked",
      "category": "vaping",
      "timestamp": "2025-03-29T21:48:59.132Z",
      "note": "",
      "date": "Sat Mar 29 2025"
    },
    {
      "id": 1743286471133,
      "type": "craving",
      "category": "vaping",
      "timestamp": "2025-03-29T22:14:21.132Z",
      "note": "",
      "date": "Sat Mar 29 2025",
      "intensity": 2
    },
    {
      "id": 1743288816132,
      "type": "smoked",
      "category": "vaping",
      "timestamp": "2025-03-29T22:53:36.132Z",
      "note": "",
      "date": "Sat Mar 29 2025"
    },
    {
      "id": 1743289427134,
      "type": "smoked",
      "category": "alcohol",
      "timestamp": "2025-03-29T23:03:47.132Z",
      "note": "",
      "date": "Sat Mar 29 2025",
      "cost": 1
    },
    {
      "id": 1743290571132,
      "type": "smoked",
      "category": "alcohol",
      "timestamp": "2025-03-29T23:22:51.132Z",
      "note": "",
      "date": "Sat Mar 29 2025",
      "cost": 1
    },
    {
      "id": 1743328088132,
      "type": "craving",
      "category": "vaping",
      "timestamp": "2025-03-30T09:47:58.132Z",
      "note": "",
      "date": "Sun Mar 30 2025",
      "intensity": 3
    },
    {
      "id": 1743328924132,
      "type": "smoked",
      "category": "vaping",
      "timestamp": "2025-03-30T10:02:04.132Z",
      "note": "",
      "date": "Sun Mar 30 2025"
    },
    {
      "id": 1743339425132,
      "type": "smoked",
      "category": "vaping",
      "timestamp": "2025-03-30T12:57:05.132Z",
      "note": "",
      "date": "Sun Mar 30 2025"
    },
    {
      "id": 1743345347132,
      "type": "smoked",
      "category": "vaping",
      "timestamp": "2025-03-30T14:35:47.132Z",
      "note": "",
      "date": "Sun Mar 30 2025"
    },
    {
      "id": 1743347016133,
      "type": "craving",
      "category": "alcohol",
      "timestamp": "2025-03-30T15:03:16.132Z",
      "note": "",
      "date": "Sun Mar 30 2025",
      "intensity": 2
    },
    {
      "id": 1743349857133,
      "type": "craving",
      "category": "vaping",
      "timestamp": "2025-03-30T15:50:47.132Z",
      "note": "",
      "date": "Sun Mar 30 2025",
      "intensity": 2
    },
    {
      "id": 1743350077132,
      "type": "smoked",
      "category": "vaping",
      "timestamp": "2025-03-30T15:54:37.132Z",
      "note": "",
      "date": "Sun Mar 30 2025"
    },
    {
      "id": 1743353053132,
      "type": "smoked",
      "category": "vaping",
      "timestamp": "2025-03-30T16:44:13.132Z",
      "note": "",
      "date": "Sun Mar 30 2025"
    },
    {
      "id": 1743355720133,
      "type": "smoked",
      "category": "alcohol",
      "timestamp": "2025-03-30T17:28:40.132Z",
      "note": "",
      "date": "Sun Mar 30 2025",
      "cost": 1.25
    },
    {
      "id": 1743357388132,
      "type": "smoked",
      "category": "alcohol",
      "timestamp": "2025-03-30T17:56:28.132Z",
      "note": "",
      "date": "Sun Mar 30 2025",
      "cost": 0.75
    },
    {
      "id": 1743359869132,
      "type": "craving",
      "category": "alcohol",
      "timestamp": "2025-03-30T18:37:29.132Z",
      "note": "",
      "date": "Sun Mar 30 2025",
      "intensity": 1
    },
    {
      "id": 1743362440132,
      "type": "smoked",
      "category": "vaping",
      "timestamp": "2025-03-30T19:20:40.132Z",
      "note": "",
      "date": "Sun Mar 30 2025"
    },
    {
      "id": 1743363239135,
      "type": "smoked",
      "category": "alcohol",
      "timestamp": "2025-03-30T19:33:59.132Z",
      "note": "",
      "date": "Sun Mar 30 2025",
      "cost": 1
    },
    {
      "id": 1743363878132,
      "type": "smoked",
      "category": "vaping",
      "timestamp": "2025-03-30T19:44:38.132Z",
      "note": "",
      "date": "Sun Mar 30 2025"
    },
    {
      "id": 1743365416132,
      "type": "smoked",
      "category": "vaping",
      "timestamp": "2025-03-30T20:10:16.132Z",
      "note": "",
      "date": "Sun Mar 30 2025"
    },
    {
      "id": 1743366082134,
      "type": "craving",
      "category": "vaping",
      "timestamp": "2025-03-30T20:21:12.132Z",
      "note": "",
      "date": "Sun Mar 30 2025",
      "intensity": 2
    },
    {
      "id": 1743368166132,
      "type": "smoked",
      "category": "vaping",
      "timestamp": "2025-03-30T20:56:06.132Z",
      "note": "",
      "date": "Sun Mar 30 2025"
    },
    {
      "id": 1743368289132,
      "type": "smoked",
      "category": "vaping",
      "timestamp": "2025-03-30T20:58:09.132Z",
      "note": "",
      "date": "Sun Mar 30 2025"
    },
    {
      "id": 1743369487132,
      "type": "smoked",
      "category": "vaping",
      "timestamp": "2025-03-30T21:18:07.132Z",
      "note": "",
      "date": "Sun Mar 30 2025"
    },
    {
      "id": 1743373612134,
      "type": "smoked",
      "category": "alcohol",
      "timestamp": "2025-03-30T22:26:52.132Z",
      "note": "",
      "date": "Sun Mar 30 2025",
      "cost": 1.25
    },
    {
      "id": 1743373902132,
      "type": "smoked",
      "category": "vaping",
      "timestamp": "2025-03-30T22:31:42.132Z",
      "note": "",
      "date": "Sun Mar 30 2025"
    },
    {
      "id": 1743405746132,
      "type": "craving",
      "category": "vaping",
      "timestamp": "2025-03-31T07:22:16.132Z",
      "note": "",
      "date": "Mon Mar 31 2025",
      "intensity": 2
    },
    {
      "id": 1743409037132,
      "type": "smoked",
      "category": "vaping",
      "timestamp": "2025-03-31T08:17:17.132Z",
      "note": "",
      "date": "Mon Mar 31 2025"
    },
    {
      "id": 1743409428135,
      "type": "craving",
      "category": "vaping",
      "timestamp": "2025-03-31T08:23:38.132Z",
      "note": "",
      "date": "Mon Mar 31 2025",
      "intensity": 2
    },
    {
      "id": 1743414958132,
      "type": "smoked",
      "category": "vaping",
      "timestamp": "2025-03-31T09:55:58.132Z",
      "note": "",
      "date": "Mon Mar 31 2025"
    },
    {
      "id": 1743424974132,
      "type": "smoked",
      "category": "vaping",
      "timestamp": "2025-03-31T12:42:54.132Z",
      "note": "",
      "date": "Mon Mar 31 2025"
    },
    {
      "id": 1743426311136,
      "type": "craving",
      "category": "vaping",
      "timestamp": "2025-03-31T13:05:01.132Z",
      "note": "",
      "date": "Mon Mar 31 2025",
      "intensity": 2
    },
    {
      "id": 1743426421132,
      "type": "smoked",
      "category": "vaping",
      "timestamp": "2025-03-31T13:07:01.132Z",
      "note": "",
      "date": "Mon Mar 31 2025"
    },
    {
      "id": 1743426840132,
      "type": "smoked",
      "category": "vaping",
      "timestamp": "2025-03-31T13:14:00.132Z",
      "note": "",
      "date": "Mon Mar 31 2025"
    },
    {
      "id": 1743430550132,
      "type": "smoked",
      "category": "vaping",
      "timestamp": "2025-03-31T14:15:50.132Z",
      "note": "",
      "date": "Mon Mar 31 2025"
    },
    {
      "id": 1743434155132,
      "type": "smoked",
      "category": "vaping",
      "timestamp": "2025-03-31T15:15:55.132Z",
      "note": "",
      "date": "Mon Mar 31 2025"
    },
    {
      "id": 1743441117132,
      "type": "smoked",
      "category": "vaping",
      "timestamp": "2025-03-31T17:11:57.132Z",
      "note": "",
      "date": "Mon Mar 31 2025"
    },
    {
      "id": 1743441429132,
      "type": "smoked",
      "category": "vaping",
      "timestamp": "2025-03-31T17:17:09.132Z",
      "note": "",
      "date": "Mon Mar 31 2025"
    },
    {
      "id": 1743444554132,
      "type": "smoked",
      "category": "vaping",
      "timestamp": "2025-03-31T18:09:14.132Z",
      "note": "",
      "date": "Mon Mar 31 2025"
    },
    {
      "id": 1743445923134,
      "type": "craving",
      "category": "vaping",
      "timestamp": "2025-03-31T18:31:53.132Z",
      "note": "",
      "date": "Mon Mar 31 2025",
      "intensity": 3
    },
    {
      "id": 1743446027132,
      "type": "craving",
      "category": "alcohol",
      "timestamp": "2025-03-31T18:33:27.132Z",
      "note": "",
      "date": "Mon Mar 31 2025",
      "intensity": 2
    },
    {
      "id": 1743446197132,
      "type": "smoked",
      "category": "alcohol",
      "timestamp": "2025-03-31T18:36:37.132Z",
      "note": "",
      "date": "Mon Mar 31 2025",
      "cost": 1
    },
    {
      "id": 1743446281133,
      "type": "smoked",
      "category": "alcohol",
      "timestamp": "2025-03-31T18:38:01.132Z",
      "note": "",
      "date": "Mon Mar 31 2025",
      "cost": 1
    },
    {
      "id": 1743455975134,
      "type": "smoked",
      "category": "alcohol",
      "timestamp": "2025-03-31T21:19:35.132Z",
      "note": "",
      "date": "Mon Mar 31 2025",
      "cost": 1
    },
    {
      "id": 1743457452133,
      "type": "craving",
      "category": "vaping",
      "timestamp": "2025-03-31T21:44:02.132Z",
      "note": "",
      "date": "Mon Mar 31 2025",
      "intensity": 3
    },
    {
      "id": 1743461353132,
      "type": "smoked",
      "category": "vaping",
      "timestamp": "2025-03-31T22:49:13.132Z",
      "note": "",
      "date": "Mon Mar 31 2025"
    },
    {
      "id": 1743497548132,
      "type": "smoked",
      "category": "vaping",
      "timestamp": "2025-04-01T08:52:28.132Z",
      "note": "",
      "date": "Tue Apr 01 2025"
    },
    {
      "id": 1743514376132,
      "type": "smoked",
      "category": "vaping",
      "timestamp": "2025-04-01T13:32:56.132Z",
      "note": "",
      "date": "Tue Apr 01 2025"
    },
    {
      "id": 1743514649132,
      "type": "smoked",
      "category": "vaping",
      "timestamp": "2025-04-01T13:37:29.132Z",
      "note": "",
      "date": "Tue Apr 01 2025"
    },
    {
      "id": 1743521233133,
      "type": "craving",
      "category": "vaping",
      "timestamp": "2025-04-01T15:27:03.132Z",
      "note": "",
      "date": "Tue Apr 01 2025",
      "intensity": 3
    },
    {
      "id": 1743522942132,
      "type": "smoked",
      "category": "vaping",
      "timestamp": "2025-04-01T15:55:42.132Z",
      "note": "",
      "date": "Tue Apr 01 2025"
    },
    {
      "id": 1743523940132,
      "type": "smoked",
      "category": "vaping",
      "timestamp": "2025-04-01T16:12:20.132Z",
      "note": "",
      "date": "Tue Apr 01 2025"
    },
    {
      "id": 1743525836134,
      "type": "craving",
      "category": "vaping",
      "timestamp": "2025-04-01T16:43:46.132Z",
      "note": "",
      "date": "Tue Apr 01 2025",
      "intensity": 1
    },
    {
      "id": 1743528718134,
      "type": "smoked",
      "category": "alcohol",
      "timestamp": "2025-04-01T17:31:58.132Z",
      "note": "",
      "date": "Tue Apr 01 2025",
      "cost": 0.75
    },
    {
      "id": 1743529450136,
      "type": "smoked",
      "category": "alcohol",
      "timestamp": "2025-04-01T17:44:10.132Z",
      "note": "",
      "date": "Tue Apr 01 2025",
      "cost": 1
    },
    {
      "id": 1743531051132,
      "type": "craving",
      "category": "vaping",
      "timestamp": "2025-04-01T18:10:41.132Z",
      "note": "",
      "date": "Tue Apr 01 2025",
      "intensity": 2
    },
    {
      "id": 1743533730132,
      "type": "craving",
      "category": "alcohol",
      "timestamp": "2025-04-01T18:55:10.132Z",
      "note": "",
      "date": "Tue Apr 01 2025",
      "intensity": 3
    },
    {
      "id": 1743535482135,
      "type": "smoked",
      "category": "alcohol",
      "timestamp": "2025-04-01T19:24:42.132Z",
      "note": "",
      "date": "Tue Apr 01 2025",
      "cost": 1.25
    },
    {
      "id": 1743536564133,
      "type": "smoked",
      "category": "alcohol",
      "timestamp": "2025-04-01T19:42:44.132Z",
      "note": "",
      "date": "Tue Apr 01 2025",
      "cost": 1
    },
    {
      "id": 1743537352132,
      "type": "smoked",
      "category": "vaping",
      "timestamp": "2025-04-01T19:55:52.132Z",
      "note": "",
      "date": "Tue Apr 01 2025"
    },
    {
      "id": 1743542227132,
      "type": "smoked",
      "category": "vaping",
      "timestamp": "2025-04-01T21:17:07.132Z",
      "note": "",
      "date": "Tue Apr 01 2025"
    },
    {
      "id": 1743544457132,
      "type": "smoked",
      "category": "alcohol",
      "timestamp": "2025-04-01T21:54:17.132Z",
      "note": "",
      "date": "Tue Apr 01 2025",
      "cost": 0.75
    },
    {
      "id": 1743546219132,
      "type": "smoked",
      "category": "vaping",
      "timestamp": "2025-04-01T22:23:39.132Z",
      "note": "",
      "date": "Tue Apr 01 2025"
    },
    {
      "id": 1743581362132,
      "type": "craving",
      "category": "vaping",
      "timestamp": "2025-04-02T08:09:12.132Z",
      "note": "",
      "date": "Wed Apr 02 2025",
      "intensity": 1
    },
    {
      "id": 1743584957132,
      "type": "smoked",
      "category": "vaping",
      "timestamp": "2025-04-02T09:09:17.132Z",
      "note": "",
      "date": "Wed Apr 02 2025"
    },
    {
      "id": 1743591129137,
      "type": "craving",
      "category": "vaping",
      "timestamp": "2025-04-02T10:51:59.132Z",
      "note": "",
      "date": "Wed Apr 02 2025",
      "intensity": 3
    },
    {
      "id": 1743591750133,
      "type": "craving",
      "category": "vaping",
      "timestamp": "2025-04-02T11:02:20.132Z",
      "note": "",
      "date": "Wed Apr 02 2025",
      "intensity": 2
    },
    {
      "id": 1743591879132,
      "type": "smoked",
      "category": "vaping",
      "timestamp": "2025-04-02T11:04:39.132Z",
      "note": "",
      "date": "Wed Apr 02 2025"
    },
    {
      "id": 1743593249132,
      "type": "smoked",
      "category": "vaping",
      "timestamp": "2025-04-02T11:27:29.132Z",
      "note": "",
      "date": "Wed Apr 02 2025"
    },
    {
      "id": 1743594334132,
      "type": "smoked",
      "category": "vaping",
      "timestamp": "2025-04-02T11:45:34.132Z",
      "note": "",
      "date": "Wed Apr 02 2025"
    },
    {
      "id": 1743600514132,
      "type": "smoked",
      "category": "vaping",
      "timestamp": "2025-04-02T13:28:34.132Z",
      "note": "",
      "date": "Wed Apr 02 2025"
    },
    {
      "id": 1743607492132,
      "type": "smoked",
      "category": "vaping",
      "timestamp": "2025-04-02T15:24:52.132Z",
      "note": "",
      "date": "Wed Apr 02 2025"
    },
    {
      "id": 1743608744132,
      "type": "smoked",
      "category": "vaping",
      "timestamp": "2025-04-02T15:45:44.132Z",
      "note": "",
      "date": "Wed Apr 02 2025"
    },
    {
      "id": 1743608900132,
      "type": "smoked",
      "category": "vaping",
      "timestamp": "2025-04-02T15:48:20.132Z",
      "note": "",
      "date": "Wed Apr 02 2025"
    },
    {
      "id": 1743613345132,
      "type": "smoked",
      "category": "vaping",
      "timestamp": "2025-04-02T17:02:25.132Z",
      "note": "",
      "date": "Wed Apr 02 2025"
    },
    {
      "id": 1743616759132,
      "type": "craving",
      "category": "alcohol",
      "timestamp": "2025-04-02T17:58:59.132Z",
      "note": "",
      "date": "Wed Apr 02 2025",
      "intensity": 2
    },
    {
      "id": 1743616806136,
      "type": "craving",
      "category": "vaping",
      "timestamp": "2025-04-02T17:59:56.132Z",
      "note": "",
      "date": "Wed Apr 02 2025",
      "intensity": 3
    },
    {
      "id": 1743617999132,
      "type": "smoked",
      "category": "alcohol",
      "timestamp": "2025-04-02T18:19:59.132Z",
      "note": "",
      "date": "Wed Apr 02 2025",
      "cost": 1
    },
    {
      "id": 1743618872133,
      "type": "craving",
      "category": "alcohol",
      "timestamp": "2025-04-02T18:34:12.132Z",
      "note": "",
      "date": "Wed Apr 02 2025",
      "intensity": 2
    },
    {
      "id": 1743620375132,
      "type": "smoked",
      "category": "vaping",
      "timestamp": "2025-04-02T18:59:35.132Z",
      "note": "",
      "date": "Wed Apr 02 2025"
    },
    {
      "id": 1743622416133,
      "type": "smoked",
      "category": "alcohol",
      "timestamp": "2025-04-02T19:33:36.132Z",
      "note": "",
      "date": "Wed Apr 02 2025",
      "cost": 1.25
    },
    {
      "id": 1743625410135,
      "type": "craving",
      "category": "vaping",
      "timestamp": "2025-04-02T20:23:20.132Z",
      "note": "",
      "date": "Wed Apr 02 2025",
      "intensity": 3
    },
    {
      "id": 1743626904134,
      "type": "smoked",
      "category": "alcohol",
      "timestamp": "2025-04-02T20:48:24.132Z",
      "note": "",
      "date": "Wed Apr 02 2025",
      "cost": 1
    },
    {
      "id": 1743627604135,
      "type": "smoked",
      "category": "alcohol",
      "timestamp": "2025-04-02T21:00:04.132Z",
      "note": "",
      "date": "Wed Apr 02 2025",
      "cost": 0.75
    },
    {
      "id": 1743629354132,
      "type": "smoked",
      "category": "vaping",
      "timestamp": "2025-04-02T21:29:14.132Z",
      "note": "",
      "date": "Wed Apr 02 2025"
    },
    {
      "id": 1743629811132,
      "type": "smoked",
      "category": "vaping",
      "timestamp": "2025-04-02T21:36:51.132Z",
      "note": "",
      "date": "Wed Apr 02 2025"
    },
    {
      "id": 1743633097134,
      "type": "craving",
      "category": "vaping",
      "timestamp": "2025-04-02T22:31:27.132Z",
      "note": "",
      "date": "Wed Apr 02 2025",
      "intensity": 2
    },
    {
      "id": 1743633883136,
      "type": "smoked",
      "category": "alcohol",
      "timestamp": "2025-04-02T22:44:43.132Z",
      "note": "",
      "date": "Wed Apr 02 2025",
      "cost": 1
    },
    {
      "id": 1743666105132,
      "type": "smoked",
      "category": "vaping",
      "timestamp": "2025-04-03T07:41:45.132Z",
      "note": "",
      "date": "Thu Apr 03 2025"
    },
    {
      "id": 1743668686132,
      "type": "smoked",
      "category": "vaping",
      "timestamp": "2025-04-03T08:24:46.132Z",
      "note": "",
      "date": "Thu Apr 03 2025"
    },
    {
      "id": 1743685052132,
      "type": "craving",
      "category": "vaping",
      "timestamp": "2025-04-03T12:57:22.132Z",
      "note": "",
      "date": "Thu Apr 03 2025",
      "intensity": 2
    },
    {
      "id": 1743697803132,
      "type": "smoked",
      "category": "vaping",
      "timestamp": "2025-04-03T16:30:03.132Z",
      "note": "",
      "date": "Thu Apr 03 2025"
    },
    {
      "id": 1743704714133,
      "type": "craving",
      "category": "vaping",
      "timestamp": "2025-04-03T18:25:04.132Z",
      "note": "",
      "date": "Thu Apr 03 2025",
      "intensity": 1
    },
    {
      "id": 1743705748132,
      "type": "craving",
      "category": "alcohol",
      "timestamp": "2025-04-03T18:42:08.132Z",
      "note": "",
      "date": "Thu Apr 03 2025",
      "intensity": 1
    },
    {
      "id": 1743706389136,
      "type": "smoked",
      "category": "alcohol",
      "timestamp": "2025-04-03T18:53:09.132Z",
      "note": "",
      "date": "Thu Apr 03 2025",
      "cost": 1
    },
    {
      "id": 1743708480133,
      "type": "smoked",
      "category": "alcohol",
      "timestamp": "2025-04-03T19:28:00.132Z",
      "note": "",
      "date": "Thu Apr 03 2025",
      "cost": 1.25
    },
    {
      "id": 1743709405135,
      "type": "smoked",
      "category": "alcohol",
      "timestamp": "2025-04-03T19:43:25.132Z",
      "note": "",
      "date": "Thu Apr 03 2025",
      "cost": 1
    },
    {
      "id": 1743709741132,
      "type": "smoked",
      "category": "vaping",
      "timestamp": "2025-04-03T19:49:01.132Z",
      "note": "",
      "date": "Thu Apr 03 2025"
    },
    {
      "id": 1743710948134,
      "type": "craving",
      "category": "vaping",
      "timestamp": "2025-04-03T20:08:58.132Z",
      "note": "",
      "date": "Thu Apr 03 2025",
      "intensity": 3
    },
    {
      "id": 1743711213132,
      "type": "smoked",
      "category": "vaping",
      "timestamp": "2025-04-03T20:13:33.132Z",
      "note": "",
      "date": "Thu Apr 03 2025"
    },
    {
      "id": 1743713082132,
      "type": "smoked",
      "category": "vaping",
      "timestamp": "2025-04-03T20:44:42.132Z",
      "note": "",
      "date": "Thu Apr 03 2025"
    },
    {
      "id": 1743713174132,
      "type": "smoked",
      "category": "vaping",
      "timestamp": "2025-04-03T20:46:14.132Z",
      "note": "",
      "date": "Thu Apr 03 2025"
    },
    {
      "id": 1743714168137,
      "type": "smoked",
      "category": "alcohol",
      "timestamp": "2025-04-03T21:02:48.132Z",
      "note": "",
      "date": "Thu Apr 03 2025",
      "cost": 1
    },
    {
      "id": 1743714784134,
      "type": "smoked",
      "category": "alcohol",
      "timestamp": "2025-04-03T21:13:04.132Z",
      "note": "",
      "date": "Thu Apr 03 2025",
      "cost": 1
    },
    {
      "id": 1743715727132,
      "type": "smoked",
      "category": "vaping",
      "timestamp": "2025-04-03T21:28:47.132Z",
      "note": "",
      "date": "Thu Apr 03 2025"
    },
    {
      "id": 1743718974132,
      "type": "smoked",
      "category": "vaping",
      "timestamp": "2025-04-03T22:22:54.132Z",
      "note": "",
      "date": "Thu Apr 03 2025"
    },
    {
      "id": 1743719873132,
      "type": "smoked",
      "category": "alcohol",
      "timestamp": "2025-04-03T22:37:53.132Z",
      "note": "",
      "date": "Thu Apr 03 2025",
      "cost": 0.75
    },
    {
      "id": 1743752315135,
      "type": "craving",
      "category": "vaping",
      "timestamp": "2025-04-04T07:38:25.132Z",
      "note": "",
      "date": "Fri Apr 04 2025",
      "intensity": 2
    },
    {
      "id": 1743754717134,
      "type": "craving",
      "category": "vaping",
      "timestamp": "2025-04-04T08:18:27.132Z",
      "note": "",
      "date": "Fri Apr 04 2025",
      "intensity": 2
    },
    {
      "id": 1743770947132,
      "type": "smoked",
      "category": "vaping",
      "timestamp": "2025-04-04T12:49:07.132Z",
      "note": "",
      "date": "Fri Apr 04 2025"
    },
    {
      "id": 1743772793132,
      "type": "smoked",
      "category": "vaping",
      "timestamp": "2025-04-04T13:19:53.132Z",
      "note": "",
      "date": "Fri Apr 04 2025"
    },
    {
      "id": 1743773878132,
      "type": "smoked",
      "category": "vaping",
      "timestamp": "2025-04-04T13:37:58.132Z",
      "note": "",
      "date": "Fri Apr 04 2025"
    },
    {
      "id": 1743774507132,
      "type": "smoked",
      "category": "vaping",
      "timestamp": "2025-04-04T13:48:27.132Z",
      "note": "",
      "date": "Fri Apr 04 2025"
    },
    {
      "id": 1743775286132,
      "type": "craving",
      "category": "vaping",
      "timestamp": "2025-04-04T14:01:16.132Z",
      "note": "",
      "date": "Fri Apr 04 2025",
      "intensity": 3
    },
    {
      "id": 1743777876133,
      "type": "craving",
      "category": "vaping",
      "timestamp": "2025-04-04T14:44:26.132Z",
      "note": "",
      "date": "Fri Apr 04 2025",
      "intensity": 1
    },
    {
      "id": 1743782512132,
      "type": "smoked",
      "category": "vaping",
      "timestamp": "2025-04-04T16:01:52.132Z",
      "note": "",
      "date": "Fri Apr 04 2025"
    },
    {
      "id": 1743782916132,
      "type": "smoked",
      "category": "vaping",
      "timestamp": "2025-04-04T16:08:36.132Z",
      "note": "",
      "date": "Fri Apr 04 2025"
    },
    {
      "id": 1743786354132,
      "type": "craving",
      "category": "alcohol",
      "timestamp": "2025-04-04T17:05:34.132Z",
      "note": "",
      "date": "Fri Apr 04 2025",
      "intensity": 1
    },
    {
      "id": 1743790795133,
      "type": "smoked",
      "category": "alcohol",
      "timestamp": "2025-04-04T18:19:55.132Z",
      "note": "",
      "date": "Fri Apr 04 2025",
      "cost": 1
    },
    {
      "id": 1743796473136,
      "type": "smoked",
      "category": "alcohol",
      "timestamp": "2025-04-04T19:54:33.132Z",
      "note": "",
      "date": "Fri Apr 04 2025",
      "cost": 1
    },
    {
      "id": 1743797503132,
      "type": "smoked",
      "category": "vaping",
      "timestamp": "2025-04-04T20:11:43.132Z",
      "note": "",
      "date": "Fri Apr 04 2025"
    },
    {
      "id": 1743797857132,
      "type": "smoked",
      "category": "alcohol",
      "timestamp": "2025-04-04T20:17:37.132Z",
      "note": "",
      "date": "Fri Apr 04 2025",
      "cost": 1
    },
    {
      "id": 1743799724137,
      "type": "smoked",
      "category": "alcohol",
      "timestamp": "2025-04-04T20:48:44.132Z",
      "note": "",
      "date": "Fri Apr 04 2025",
      "cost": 1
    },
    {
      "id": 1743804178135,
      "type": "smoked",
      "category": "alcohol",
      "timestamp": "2025-04-04T22:02:58.132Z",
      "note": "",
      "date": "Fri Apr 04 2025",
      "cost": 1.25
    },
    {
      "id": 1743804557134,
      "type": "smoked",
      "category": "alcohol",
      "timestamp": "2025-04-04T22:09:17.132Z",
      "note": "",
      "date": "Fri Apr 04 2025",
      "cost": 0.75
    },
    {
      "id": 1743805779132,
      "type": "smoked",
      "category": "vaping",
      "timestamp": "2025-04-04T22:29:39.132Z",
      "note": "",
      "date": "Fri Apr 04 2025"
    },
    {
      "id": 1743806215132,
      "type": "smoked",
      "category": "vaping",
      "timestamp": "2025-04-04T22:36:55.132Z",
      "note": "",
      "date": "Fri Apr 04 2025"
    },
    {
      "id": 1743806371136,
      "type": "craving",
      "category": "vaping",
      "timestamp": "2025-04-04T22:39:21.132Z",
      "note": "",
      "date": "Fri Apr 04 2025",
      "intensity": 2
    },
    {
      "id": 1743839596132,
      "type": "smoked",
      "category": "vaping",
      "timestamp": "2025-04-05T07:53:16.132Z",
      "note": "",
      "date": "Sat Apr 05 2025"
    },
    {
      "id": 1743840763133,
      "type": "craving",
      "category": "vaping",
      "timestamp": "2025-04-05T08:12:33.132Z",
      "note": "",
      "date": "Sat Apr 05 2025",
      "intensity": 3
    },
    {
      "id": 1743842682132,
      "type": "smoked",
      "category": "vaping",
      "timestamp": "2025-04-05T08:44:42.132Z",
      "note": "",
      "date": "Sat Apr 05 2025"
    },
    {
      "id": 1743842703132,
      "type": "smoked",
      "category": "vaping",
      "timestamp": "2025-04-05T08:45:03.132Z",
      "note": "",
      "date": "Sat Apr 05 2025"
    },
    {
      "id": 1743847520132,
      "type": "smoked",
      "category": "vaping",
      "timestamp": "2025-04-05T10:05:20.132Z",
      "note": "",
      "date": "Sat Apr 05 2025"
    },
    {
      "id": 1743862959132,
      "type": "smoked",
      "category": "vaping",
      "timestamp": "2025-04-05T14:22:39.132Z",
      "note": "",
      "date": "Sat Apr 05 2025"
    },
    {
      "id": 1743863177132,
      "type": "smoked",
      "category": "vaping",
      "timestamp": "2025-04-05T14:26:17.132Z",
      "note": "",
      "date": "Sat Apr 05 2025"
    },
    {
      "id": 1743867670132,
      "type": "craving",
      "category": "alcohol",
      "timestamp": "2025-04-05T15:40:50.132Z",
      "note": "",
      "date": "Sat Apr 05 2025",
      "intensity": 3
    },
    {
      "id": 1743877718134,
      "type": "craving",
      "category": "vaping",
      "timestamp": "2025-04-05T18:28:28.132Z",
      "note": "",
      "date": "Sat Apr 05 2025",
      "intensity": 1
    },
    {
      "id": 1743880300132,
      "type": "craving",
      "category": "vaping",
      "timestamp": "2025-04-05T19:11:30.132Z",
      "note": "",
      "date": "Sat Apr 05 2025",
      "intensity": 1
    },
    {
      "id": 1743880908133,
      "type": "smoked",
      "category": "alcohol",
      "timestamp": "2025-04-05T19:21:48.132Z",
      "note": "",
      "date": "Sat Apr 05 2025",
      "cost": 1
    },
    {
      "id": 1743881969132,
      "type": "smoked",
      "category": "vaping",
      "timestamp": "2025-04-05T19:39:29.132Z",
      "note": "",
      "date": "Sat Apr 05 2025"
    },
    {
      "id": 1743882782132,
      "type": "smoked",
      "category": "vaping",
      "timestamp": "2025-04-05T19:53:02.132Z",
      "note": "",
      "date": "Sat Apr 05 2025"
    },
    {
      "id": 1743883611134,
      "type": "smoked",
      "category": "alcohol",
      "timestamp": "2025-04-05T20:06:51.132Z",
      "note": "",
      "date": "Sat Apr 05 2025",
      "cost": 1
    },
    {
      "id": 1743884389132,
      "type": "smoked",
      "category": "vaping",
      "timestamp": "2025-04-05T20:19:49.132Z",
      "note": "",
      "date": "Sat Apr 05 2025"
    },
    {
      "id": 1743885703135,
      "type": "craving",
      "category": "vaping",
      "timestamp": "2025-04-05T20:41:33.132Z",
      "note": "",
      "date": "Sat Apr 05 2025",
      "intensity": 2
    },
    {
      "id": 1743888346135,
      "type": "smoked",
      "category": "alcohol",
      "timestamp": "2025-04-05T21:25:46.132Z",
      "note": "",
      "date": "Sat Apr 05 2025",
      "cost": 0.75
    },
    {
      "id": 1743888563132,
      "type": "smoked",
      "category": "alcohol",
      "timestamp": "2025-04-05T21:29:23.132Z",
      "note": "",
      "date": "Sat Apr 05 2025",
      "cost": 0.75
    },
    {
      "id": 1743889619132,
      "type": "smoked",
      "category": "vaping",
      "timestamp": "2025-04-05T21:46:59.132Z",
      "note": "",
      "date": "Sat Apr 05 2025"
    },
    {
      "id": 1743927602132,
      "type": "smoked",
      "category": "vaping",
      "timestamp": "2025-04-06T08:20:02.132Z",
      "note": "",
      "date": "Sun Apr 06 2025"
    },
    {
      "id": 1743927785132,
      "type": "smoked",
      "category": "vaping",
      "timestamp": "2025-04-06T08:23:05.132Z",
      "note": "",
      "date": "Sun Apr 06 2025"
    },
    {
      "id": 1743931003135,
      "type": "craving",
      "category": "vaping",
      "timestamp": "2025-04-06T09:16:33.132Z",
      "note": "",
      "date": "Sun Apr 06 2025",
      "intensity": 2
    },
    {
      "id": 1743936309132,
      "type": "craving",
      "category": "vaping",
      "timestamp": "2025-04-06T10:44:59.132Z",
      "note": "",
      "date": "Sun Apr 06 2025",
      "intensity": 3
    },
    {
      "id": 1743948445132,
      "type": "smoked",
      "category": "vaping",
      "timestamp": "2025-04-06T14:07:25.132Z",
      "note": "",
      "date": "Sun Apr 06 2025"
    },
    {
      "id": 1743948679132,
      "type": "smoked",
      "category": "vaping",
      "timestamp": "2025-04-06T14:11:19.132Z",
      "note": "",
      "date": "Sun Apr 06 2025"
    },
    {
      "id": 1743952143133,
      "type": "craving",
      "category": "alcohol",
      "timestamp": "2025-04-06T15:08:43.132Z",
      "note": "",
      "date": "Sun Apr 06 2025",
      "intensity": 2
    },
    {
      "id": 1743952243132,
      "type": "smoked",
      "category": "vaping",
      "timestamp": "2025-04-06T15:10:43.132Z",
      "note": "",
      "date": "Sun Apr 06 2025"
    },
    {
      "id": 1743953586132,
      "type": "smoked",
      "category": "vaping",
      "timestamp": "2025-04-06T15:33:06.132Z",
      "note": "",
      "date": "Sun Apr 06 2025"
    },
    {
      "id": 1743955469132,
      "type": "smoked",
      "category": "vaping",
      "timestamp": "2025-04-06T16:04:29.132Z",
      "note": "",
      "date": "Sun Apr 06 2025"
    },
    {
      "id": 1743957382132,
      "type": "smoked",
      "category": "vaping",
      "timestamp": "2025-04-06T16:36:22.132Z",
      "note": "",
      "date": "Sun Apr 06 2025"
    },
    {
      "id": 1743957846132,
      "type": "craving",
      "category": "alcohol",
      "timestamp": "2025-04-06T16:43:46.132Z",
      "note": "",
      "date": "Sun Apr 06 2025",
      "intensity": 1
    },
    {
      "id": 1743959758134,
      "type": "craving",
      "category": "vaping",
      "timestamp": "2025-04-06T17:15:48.132Z",
      "note": "",
      "date": "Sun Apr 06 2025",
      "intensity": 2
    },
    {
      "id": 1743961280132,
      "type": "smoked",
      "category": "vaping",
      "timestamp": "2025-04-06T17:41:20.132Z",
      "note": "",
      "date": "Sun Apr 06 2025"
    },
    {
      "id": 1743961481132,
      "type": "smoked",
      "category": "alcohol",
      "timestamp": "2025-04-06T17:44:41.132Z",
      "note": "",
      "date": "Sun Apr 06 2025",
      "cost": 0.75
    },
    {
      "id": 1743962209132,
      "type": "smoked",
      "category": "vaping",
      "timestamp": "2025-04-06T17:56:49.132Z",
      "note": "",
      "date": "Sun Apr 06 2025"
    },
    {
      "id": 1743962449132,
      "type": "smoked",
      "category": "vaping",
      "timestamp": "2025-04-06T18:00:49.132Z",
      "note": "",
      "date": "Sun Apr 06 2025"
    },
    {
      "id": 1743964638132,
      "type": "smoked",
      "category": "vaping",
      "timestamp": "2025-04-06T18:37:18.132Z",
      "note": "",
      "date": "Sun Apr 06 2025"
    },
    {
      "id": 1743966007136,
      "type": "smoked",
      "category": "alcohol",
      "timestamp": "2025-04-06T19:00:07.132Z",
      "note": "",
      "date": "Sun Apr 06 2025",
      "cost": 1
    },
    {
      "id": 1743974552135,
      "type": "smoked",
      "category": "alcohol",
      "timestamp": "2025-04-06T21:22:32.132Z",
      "note": "",
      "date": "Sun Apr 06 2025",
      "cost": 1
    },
    {
      "id": 1743975401133,
      "type": "smoked",
      "category": "alcohol",
      "timestamp": "2025-04-06T21:36:41.132Z",
      "note": "",
      "date": "Sun Apr 06 2025",
      "cost": 1
    },
    {
      "id": 1743975931133,
      "type": "craving",
      "category": "vaping",
      "timestamp": "2025-04-06T21:45:21.132Z",
      "note": "",
      "date": "Sun Apr 06 2025",
      "intensity": 1
    },
    {
      "id": 1743979613134,
      "type": "smoked",
      "category": "alcohol",
      "timestamp": "2025-04-06T22:46:53.132Z",
      "note": "",
      "date": "Sun Apr 06 2025",
      "cost": 1.25
    },
    {
      "id": 1744009542134,
      "type": "craving",
      "category": "vaping",
      "timestamp": "2025-04-07T07:05:32.132Z",
      "note": "",
      "date": "Mon Apr 07 2025",
      "intensity": 2
    },
    {
      "id": 1744009836135,
      "type": "craving",
      "category": "vaping",
      "timestamp": "2025-04-07T07:10:26.132Z",
      "note": "",
      "date": "Mon Apr 07 2025",
      "intensity": 2
    },
    {
      "id": 1744012654132,
      "type": "smoked",
      "category": "vaping",
      "timestamp": "2025-04-07T07:57:34.132Z",
      "note": "",
      "date": "Mon Apr 07 2025"
    },
    {
      "id": 1744012722132,
      "type": "smoked",
      "category": "vaping",
      "timestamp": "2025-04-07T07:58:42.132Z",
      "note": "",
      "date": "Mon Apr 07 2025"
    },
    {
      "id": 1744014544132,
      "type": "smoked",
      "category": "vaping",
      "timestamp": "2025-04-07T08:29:04.132Z",
      "note": "",
      "date": "Mon Apr 07 2025"
    },
    {
      "id": 1744017185133,
      "type": "craving",
      "category": "vaping",
      "timestamp": "2025-04-07T09:12:55.132Z",
      "note": "",
      "date": "Mon Apr 07 2025",
      "intensity": 2
    },
    {
      "id": 1744028534132,
      "type": "smoked",
      "category": "vaping",
      "timestamp": "2025-04-07T12:22:14.132Z",
      "note": "",
      "date": "Mon Apr 07 2025"
    },
    {
      "id": 1744032223136,
      "type": "craving",
      "category": "vaping",
      "timestamp": "2025-04-07T13:23:33.132Z",
      "note": "",
      "date": "Mon Apr 07 2025",
      "intensity": 3
    },
    {
      "id": 1744039233132,
      "type": "craving",
      "category": "vaping",
      "timestamp": "2025-04-07T15:20:23.132Z",
      "note": "",
      "date": "Mon Apr 07 2025",
      "intensity": 3
    },
    {
      "id": 1744046071132,
      "type": "craving",
      "category": "alcohol",
      "timestamp": "2025-04-07T17:14:11.132Z",
      "note": "",
      "date": "Mon Apr 07 2025",
      "intensity": 2
    },
    {
      "id": 1744046504133,
      "type": "smoked",
      "category": "alcohol",
      "timestamp": "2025-04-07T17:21:44.132Z",
      "note": "",
      "date": "Mon Apr 07 2025",
      "cost": 0.75
    },
    {
      "id": 1744046798137,
      "type": "smoked",
      "category": "alcohol",
      "timestamp": "2025-04-07T17:26:38.132Z",
      "note": "",
      "date": "Mon Apr 07 2025",
      "cost": 0.75
    },
    {
      "id": 1744048514132,
      "type": "smoked",
      "category": "vaping",
      "timestamp": "2025-04-07T17:55:14.132Z",
      "note": "",
      "date": "Mon Apr 07 2025"
    },
    {
      "id": 1744049845132,
      "type": "smoked",
      "category": "vaping",
      "timestamp": "2025-04-07T18:17:25.132Z",
      "note": "",
      "date": "Mon Apr 07 2025"
    },
    {
      "id": 1744052139136,
      "type": "smoked",
      "category": "alcohol",
      "timestamp": "2025-04-07T18:55:39.132Z",
      "note": "",
      "date": "Mon Apr 07 2025",
      "cost": 1.25
    },
    {
      "id": 1744052771132,
      "type": "smoked",
      "category": "vaping",
      "timestamp": "2025-04-07T19:06:11.132Z",
      "note": "",
      "date": "Mon Apr 07 2025"
    },
    {
      "id": 1744056079132,
      "type": "smoked",
      "category": "vaping",
      "timestamp": "2025-04-07T20:01:19.132Z",
      "note": "",
      "date": "Mon Apr 07 2025"
    },
    {
      "id": 1744056374132,
      "type": "smoked",
      "category": "vaping",
      "timestamp": "2025-04-07T20:06:14.132Z",
      "note": "",
      "date": "Mon Apr 07 2025"
    },
    {
      "id": 1744060619132,
      "type": "smoked",
      "category": "alcohol",
      "timestamp": "2025-04-07T21:16:59.132Z",
      "note": "",
      "date": "Mon Apr 07 2025",
      "cost": 0.75
    },
    {
      "id": 1744064887135,
      "type": "smoked",
      "category": "alcohol",
      "timestamp": "2025-04-07T22:28:07.132Z",
      "note": "",
      "date": "Mon Apr 07 2025",
      "cost": 0.75
    },
    {
      "id": 1744065341134,
      "type": "smoked",
      "category": "alcohol",
      "timestamp": "2025-04-07T22:35:41.132Z",
      "note": "",
      "date": "Mon Apr 07 2025",
      "cost": 1.25
    },
    {
      "id": 1744066773132,
      "type": "smoked",
      "category": "vaping",
      "timestamp": "2025-04-07T22:59:33.132Z",
      "note": "",
      "date": "Mon Apr 07 2025"
    },
    {
      "id": 1744097979132,
      "type": "smoked",
      "category": "vaping",
      "timestamp": "2025-04-08T07:39:39.132Z",
      "note": "",
      "date": "Tue Apr 08 2025"
    },
    {
      "id": 1744111044132,
      "type": "smoked",
      "category": "vaping",
      "timestamp": "2025-04-08T11:17:24.132Z",
      "note": "",
      "date": "Tue Apr 08 2025"
    },
    {
      "id": 1744122542132,
      "type": "smoked",
      "category": "vaping",
      "timestamp": "2025-04-08T14:29:02.132Z",
      "note": "",
      "date": "Tue Apr 08 2025"
    },
    {
      "id": 1744125796132,
      "type": "smoked",
      "category": "vaping",
      "timestamp": "2025-04-08T15:23:16.132Z",
      "note": "",
      "date": "Tue Apr 08 2025"
    },
    {
      "id": 1744126161132,
      "type": "smoked",
      "category": "vaping",
      "timestamp": "2025-04-08T15:29:21.132Z",
      "note": "",
      "date": "Tue Apr 08 2025"
    },
    {
      "id": 1744127521132,
      "type": "smoked",
      "category": "vaping",
      "timestamp": "2025-04-08T15:52:01.132Z",
      "note": "",
      "date": "Tue Apr 08 2025"
    },
    {
      "id": 1744129202132,
      "type": "smoked",
      "category": "vaping",
      "timestamp": "2025-04-08T16:20:02.132Z",
      "note": "",
      "date": "Tue Apr 08 2025"
    },
    {
      "id": 1744131606132,
      "type": "smoked",
      "category": "vaping",
      "timestamp": "2025-04-08T17:00:06.132Z",
      "note": "",
      "date": "Tue Apr 08 2025"
    },
    {
      "id": 1744132377133,
      "type": "craving",
      "category": "alcohol",
      "timestamp": "2025-04-08T17:12:37.132Z",
      "note": "",
      "date": "Tue Apr 08 2025",
      "intensity": 1
    },
    {
      "id": 1744133123135,
      "type": "smoked",
      "category": "alcohol",
      "timestamp": "2025-04-08T17:25:23.132Z",
      "note": "",
      "date": "Tue Apr 08 2025",
      "cost": 1
    },
    {
      "id": 1744133144132,
      "type": "craving",
      "category": "alcohol",
      "timestamp": "2025-04-08T17:25:24.132Z",
      "note": "",
      "date": "Tue Apr 08 2025",
      "intensity": 1
    },
    {
      "id": 1744136830136,
      "type": "smoked",
      "category": "alcohol",
      "timestamp": "2025-04-08T18:27:10.132Z",
      "note": "",
      "date": "Tue Apr 08 2025",
      "cost": 0.75
    },
    {
      "id": 1744143630137,
      "type": "smoked",
      "category": "alcohol",
      "timestamp": "2025-04-08T20:20:30.132Z",
      "note": "",
      "date": "Tue Apr 08 2025",
      "cost": 1.25
    },
    {
      "id": 1744145723133,
      "type": "smoked",
      "category": "alcohol",
      "timestamp": "2025-04-08T20:55:23.132Z",
      "note": "",
      "date": "Tue Apr 08 2025",
      "cost": 1
    },
    {
      "id": 1744146245134,
      "type": "smoked",
      "category": "alcohol",
      "timestamp": "2025-04-08T21:04:05.132Z",
      "note": "",
      "date": "Tue Apr 08 2025",
      "cost": 1
    },
    {
      "id": 1744146839132,
      "type": "smoked",
      "category": "alcohol",
      "timestamp": "2025-04-08T21:13:59.132Z",
      "note": "",
      "date": "Tue Apr 08 2025",
      "cost": 1.25
    },
    {
      "id": 1744147839132,
      "type": "craving",
      "category": "vaping",
      "timestamp": "2025-04-08T21:30:29.132Z",
      "note": "",
      "date": "Tue Apr 08 2025",
      "intensity": 2
    },
    {
      "id": 1744148023134,
      "type": "craving",
      "category": "vaping",
      "timestamp": "2025-04-08T21:33:33.132Z",
      "note": "",
      "date": "Tue Apr 08 2025",
      "intensity": 3
    },
    {
      "id": 1744148818132,
      "type": "smoked",
      "category": "vaping",
      "timestamp": "2025-04-08T21:46:58.132Z",
      "note": "",
      "date": "Tue Apr 08 2025"
    },
    {
      "id": 1744149829133,
      "type": "craving",
      "category": "vaping",
      "timestamp": "2025-04-08T22:03:39.132Z",
      "note": "",
      "date": "Tue Apr 08 2025",
      "intensity": 2
    },
    {
      "id": 1744150325132,
      "type": "smoked",
      "category": "vaping",
      "timestamp": "2025-04-08T22:12:05.132Z",
      "note": "",
      "date": "Tue Apr 08 2025"
    },
    {
      "id": 1744198180133,
      "type": "craving",
      "category": "vaping",
      "timestamp": "2025-04-09T11:29:30.132Z",
      "note": "",
      "date": "Wed Apr 09 2025",
      "intensity": 3
    },
    {
      "id": 1744199505132,
      "type": "smoked",
      "category": "vaping",
      "timestamp": "2025-04-09T11:51:45.132Z",
      "note": "",
      "date": "Wed Apr 09 2025"
    },
    {
      "id": 1744203610132,
      "type": "smoked",
      "category": "vaping",
      "timestamp": "2025-04-09T13:00:10.132Z",
      "note": "",
      "date": "Wed Apr 09 2025"
    },
    {
      "id": 1744213138132,
      "type": "craving",
      "category": "alcohol",
      "timestamp": "2025-04-09T15:38:38.132Z",
      "note": "",
      "date": "Wed Apr 09 2025",
      "intensity": 2
    },
    {
      "id": 1744218819132,
      "type": "smoked",
      "category": "vaping",
      "timestamp": "2025-04-09T17:13:39.132Z",
      "note": "",
      "date": "Wed Apr 09 2025"
    },
    {
      "id": 1744220411134,
      "type": "craving",
      "category": "vaping",
      "timestamp": "2025-04-09T17:40:01.132Z",
      "note": "",
      "date": "Wed Apr 09 2025",
      "intensity": 2
    },
    {
      "id": 1744221444132,
      "type": "smoked",
      "category": "vaping",
      "timestamp": "2025-04-09T17:57:24.132Z",
      "note": "",
      "date": "Wed Apr 09 2025"
    },
    {
      "id": 1744222374133,
      "type": "craving",
      "category": "alcohol",
      "timestamp": "2025-04-09T18:12:34.132Z",
      "note": "",
      "date": "Wed Apr 09 2025",
      "intensity": 2
    },
    {
      "id": 1744224887132,
      "type": "smoked",
      "category": "alcohol",
      "timestamp": "2025-04-09T18:54:47.132Z",
      "note": "",
      "date": "Wed Apr 09 2025",
      "cost": 1
    },
    {
      "id": 1744225645132,
      "type": "smoked",
      "category": "vaping",
      "timestamp": "2025-04-09T19:07:25.132Z",
      "note": "",
      "date": "Wed Apr 09 2025"
    },
    {
      "id": 1744226972132,
      "type": "smoked",
      "category": "vaping",
      "timestamp": "2025-04-09T19:29:32.132Z",
      "note": "",
      "date": "Wed Apr 09 2025"
    },
    {
      "id": 1744228837133,
      "type": "smoked",
      "category": "alcohol",
      "timestamp": "2025-04-09T20:00:37.132Z",
      "note": "",
      "date": "Wed Apr 09 2025",
      "cost": 0.75
    },
    {
      "id": 1744231608134,
      "type": "smoked",
      "category": "alcohol",
      "timestamp": "2025-04-09T20:46:48.132Z",
      "note": "",
      "date": "Wed Apr 09 2025",
      "cost": 0.75
    },
    {
      "id": 1744234218132,
      "type": "smoked",
      "category": "vaping",
      "timestamp": "2025-04-09T21:30:18.132Z",
      "note": "",
      "date": "Wed Apr 09 2025"
    },
    {
      "id": 1744236959132,
      "type": "smoked",
      "category": "vaping",
      "timestamp": "2025-04-09T22:15:59.132Z",
      "note": "",
      "date": "Wed Apr 09 2025"
    },
    {
      "id": 1744237971132,
      "type": "smoked",
      "category": "vaping",
      "timestamp": "2025-04-09T22:32:51.132Z",
      "note": "",
      "date": "Wed Apr 09 2025"
    },
    {
      "id": 1744237997132,
      "type": "craving",
      "category": "vaping",
      "timestamp": "2025-04-09T22:33:07.132Z",
      "note": "",
      "date": "Wed Apr 09 2025",
      "intensity": 1
    },
    {
      "id": 1744238240132,
      "type": "smoked",
      "category": "vaping",
      "timestamp": "2025-04-09T22:37:20.132Z",
      "note": "",
      "date": "Wed Apr 09 2025"
    },
    {
      "id": 1744273950132,
      "type": "smoked",
      "category": "vaping",
      "timestamp": "2025-04-10T08:32:30.132Z",
      "note": "",
      "date": "Thu Apr 10 2025"
    },
    {
      "id": 1744274674132,
      "type": "smoked",
      "category": "vaping",
      "timestamp": "2025-04-10T08:44:34.132Z",
      "note": "",
      "date": "Thu Apr 10 2025"
    },
    {
      "id": 1744277753134,
      "type": "craving",
      "category": "vaping",
      "timestamp": "2025-04-10T09:35:43.132Z",
      "note": "",
      "date": "Thu Apr 10 2025",
      "intensity": 2
    },
    {
      "id": 1744289444132,
      "type": "smoked",
      "category": "vaping",
      "timestamp": "2025-04-10T12:50:44.132Z",
      "note": "",
      "date": "Thu Apr 10 2025"
    },
    {
      "id": 1744291706136,
      "type": "craving",
      "category": "vaping",
      "timestamp": "2025-04-10T13:28:16.132Z",
      "note": "",
      "date": "Thu Apr 10 2025",
      "intensity": 2
    },
    {
      "id": 1744300431132,
      "type": "smoked",
      "category": "vaping",
      "timestamp": "2025-04-10T15:53:51.132Z",
      "note": "",
      "date": "Thu Apr 10 2025"
    },
    {
      "id": 1744301013132,
      "type": "smoked",
      "category": "vaping",
      "timestamp": "2025-04-10T16:03:33.132Z",
      "note": "",
      "date": "Thu Apr 10 2025"
    },
    {
      "id": 1744301481132,
      "type": "smoked",
      "category": "vaping",
      "timestamp": "2025-04-10T16:11:21.132Z",
      "note": "",
      "date": "Thu Apr 10 2025"
    },
    {
      "id": 1744306895132,
      "type": "craving",
      "category": "vaping",
      "timestamp": "2025-04-10T17:41:25.132Z",
      "note": "",
      "date": "Thu Apr 10 2025",
      "intensity": 2
    },
    {
      "id": 1744307505132,
      "type": "smoked",
      "category": "vaping",
      "timestamp": "2025-04-10T17:51:45.132Z",
      "note": "",
      "date": "Thu Apr 10 2025"
    },
    {
      "id": 1744307834132,
      "type": "smoked",
      "category": "vaping",
      "timestamp": "2025-04-10T17:57:14.132Z",
      "note": "",
      "date": "Thu Apr 10 2025"
    },
    {
      "id": 1744308743132,
      "type": "craving",
      "category": "alcohol",
      "timestamp": "2025-04-10T18:12:03.132Z",
      "note": "",
      "date": "Thu Apr 10 2025",
      "intensity": 1
    },
    {
      "id": 1744309755134,
      "type": "smoked",
      "category": "alcohol",
      "timestamp": "2025-04-10T18:29:15.132Z",
      "note": "",
      "date": "Thu Apr 10 2025",
      "cost": 1.25
    },
    {
      "id": 1744311164133,
      "type": "craving",
      "category": "vaping",
      "timestamp": "2025-04-10T18:52:34.132Z",
      "note": "",
      "date": "Thu Apr 10 2025",
      "intensity": 2
    },
    {
      "id": 1744312110132,
      "type": "smoked",
      "category": "alcohol",
      "timestamp": "2025-04-10T19:08:30.132Z",
      "note": "",
      "date": "Thu Apr 10 2025",
      "cost": 1
    },
    {
      "id": 1744315423133,
      "type": "smoked",
      "category": "alcohol",
      "timestamp": "2025-04-10T20:03:43.132Z",
      "note": "",
      "date": "Thu Apr 10 2025",
      "cost": 0.75
    },
    {
      "id": 1744317051132,
      "type": "smoked",
      "category": "vaping",
      "timestamp": "2025-04-10T20:30:51.132Z",
      "note": "",
      "date": "Thu Apr 10 2025"
    },
    {
      "id": 1744319219135,
      "type": "smoked",
      "category": "alcohol",
      "timestamp": "2025-04-10T21:06:59.132Z",
      "note": "",
      "date": "Thu Apr 10 2025",
      "cost": 0.75
    },
    {
      "id": 1744320598135,
      "type": "craving",
      "category": "vaping",
      "timestamp": "2025-04-10T21:29:48.132Z",
      "note": "",
      "date": "Thu Apr 10 2025",
      "intensity": 1
    },
    {
      "id": 1744320636137,
      "type": "craving",
      "category": "vaping",
      "timestamp": "2025-04-10T21:30:26.132Z",
      "note": "",
      "date": "Thu Apr 10 2025",
      "intensity": 2
    },
    {
      "id": 1744322788136,
      "type": "smoked",
      "category": "alcohol",
      "timestamp": "2025-04-10T22:06:28.132Z",
      "note": "",
      "date": "Thu Apr 10 2025",
      "cost": 0.75
    },
    {
      "id": 1744355368137,
      "type": "craving",
      "category": "vaping",
      "timestamp": "2025-04-11T07:09:18.132Z",
      "note": "",
      "date": "Fri Apr 11 2025",
      "intensity": 2
    },
    {
      "id": 1744356963132,
      "type": "smoked",
      "category": "vaping",
      "timestamp": "2025-04-11T07:36:03.132Z",
      "note": "",
      "date": "Fri Apr 11 2025"
    },
    {
      "id": 1744363551132,
      "type": "smoked",
      "category": "vaping",
      "timestamp": "2025-04-11T09:25:51.132Z",
      "note": "",
      "date": "Fri Apr 11 2025"
    },
    {
      "id": 1744367821134,
      "type": "craving",
      "category": "vaping",
      "timestamp": "2025-04-11T10:36:51.132Z",
      "note": "",
      "date": "Fri Apr 11 2025",
      "intensity": 3
    },
    {
      "id": 1744372959132,
      "type": "smoked",
      "category": "vaping",
      "timestamp": "2025-04-11T12:02:39.132Z",
      "note": "",
      "date": "Fri Apr 11 2025"
    },
    {
      "id": 1744373648132,
      "type": "smoked",
      "category": "vaping",
      "timestamp": "2025-04-11T12:14:08.132Z",
      "note": "",
      "date": "Fri Apr 11 2025"
    },
    {
      "id": 1744380375132,
      "type": "smoked",
      "category": "vaping",
      "timestamp": "2025-04-11T14:06:15.132Z",
      "note": "",
      "date": "Fri Apr 11 2025"
    },
    {
      "id": 1744383674132,
      "type": "smoked",
      "category": "vaping",
      "timestamp": "2025-04-11T15:01:14.132Z",
      "note": "",
      "date": "Fri Apr 11 2025"
    },
    {
      "id": 1744385276132,
      "type": "craving",
      "category": "alcohol",
      "timestamp": "2025-04-11T15:27:36.132Z",
      "note": "",
      "date": "Fri Apr 11 2025",
      "intensity": 2
    },
    {
      "id": 1744388895133,
      "type": "craving",
      "category": "vaping",
      "timestamp": "2025-04-11T16:28:05.132Z",
      "note": "",
      "date": "Fri Apr 11 2025",
      "intensity": 3
    },
    {
      "id": 1744390996135,
      "type": "craving",
      "category": "vaping",
      "timestamp": "2025-04-11T17:03:06.132Z",
      "note": "",
      "date": "Fri Apr 11 2025",
      "intensity": 2
    },
    {
      "id": 1744394129132,
      "type": "smoked",
      "category": "vaping",
      "timestamp": "2025-04-11T17:55:29.132Z",
      "note": "",
      "date": "Fri Apr 11 2025"
    },
    {
      "id": 1744395432134,
      "type": "smoked",
      "category": "alcohol",
      "timestamp": "2025-04-11T18:17:12.132Z",
      "note": "",
      "date": "Fri Apr 11 2025",
      "cost": 1.25
    },
    {
      "id": 1744396636132,
      "type": "craving",
      "category": "vaping",
      "timestamp": "2025-04-11T18:37:06.132Z",
      "note": "",
      "date": "Fri Apr 11 2025",
      "intensity": 1
    },
    {
      "id": 1744400645132,
      "type": "smoked",
      "category": "alcohol",
      "timestamp": "2025-04-11T19:44:05.132Z",
      "note": "",
      "date": "Fri Apr 11 2025",
      "cost": 0.75
    },
    {
      "id": 1744402651132,
      "type": "smoked",
      "category": "vaping",
      "timestamp": "2025-04-11T20:17:31.132Z",
      "note": "",
      "date": "Fri Apr 11 2025"
    },
    {
      "id": 1744402906136,
      "type": "craving",
      "category": "vaping",
      "timestamp": "2025-04-11T20:21:36.132Z",
      "note": "",
      "date": "Fri Apr 11 2025",
      "intensity": 1
    },
    {
      "id": 1744404357132,
      "type": "smoked",
      "category": "vaping",
      "timestamp": "2025-04-11T20:45:57.132Z",
      "note": "",
      "date": "Fri Apr 11 2025"
    },
    {
      "id": 1744408948132,
      "type": "smoked",
      "category": "vaping",
      "timestamp": "2025-04-11T22:02:28.132Z",
      "note": "",
      "date": "Fri Apr 11 2025"
    },
    {
      "id": 1744410037133,
      "type": "smoked",
      "category": "alcohol",
      "timestamp": "2025-04-11T22:20:37.132Z",
      "note": "",
      "date": "Fri Apr 11 2025",
      "cost": 1
    },
    {
      "id": 1744453150132,
      "type": "smoked",
      "category": "vaping",
      "timestamp": "2025-04-12T10:19:10.132Z",
      "note": "",
      "date": "Sat Apr 12 2025"
    },
    {
      "id": 1744459184132,
      "type": "smoked",
      "category": "vaping",
      "timestamp": "2025-04-12T11:59:44.132Z",
      "note": "",
      "date": "Sat Apr 12 2025"
    },
    {
      "id": 1744461315133,
      "type": "craving",
      "category": "vaping",
      "timestamp": "2025-04-12T12:35:05.132Z",
      "note": "",
      "date": "Sat Apr 12 2025",
      "intensity": 3
    },
    {
      "id": 1744473340132,
      "type": "craving",
      "category": "alcohol",
      "timestamp": "2025-04-12T15:55:20.132Z",
      "note": "",
      "date": "Sat Apr 12 2025",
      "intensity": 2
    },
    {
      "id": 1744473874132,
      "type": "smoked",
      "category": "vaping",
      "timestamp": "2025-04-12T16:04:34.132Z",
      "note": "",
      "date": "Sat Apr 12 2025"
    },
    {
      "id": 1744476150132,
      "type": "smoked",
      "category": "vaping",
      "timestamp": "2025-04-12T16:42:30.132Z",
      "note": "",
      "date": "Sat Apr 12 2025"
    },
    {
      "id": 1744476646133,
      "type": "craving",
      "category": "alcohol",
      "timestamp": "2025-04-12T16:50:26.132Z",
      "note": "",
      "date": "Sat Apr 12 2025",
      "intensity": 2
    },
    {
      "id": 1744477262134,
      "type": "smoked",
      "category": "alcohol",
      "timestamp": "2025-04-12T17:01:02.132Z",
      "note": "",
      "date": "Sat Apr 12 2025",
      "cost": 1.25
    },
    {
      "id": 1744478858132,
      "type": "craving",
      "category": "vaping",
      "timestamp": "2025-04-12T17:27:28.132Z",
      "note": "",
      "date": "Sat Apr 12 2025",
      "intensity": 1
    },
    {
      "id": 1744479045132,
      "type": "smoked",
      "category": "vaping",
      "timestamp": "2025-04-12T17:30:45.132Z",
      "note": "",
      "date": "Sat Apr 12 2025"
    },
    {
      "id": 1744480070133,
      "type": "smoked",
      "category": "alcohol",
      "timestamp": "2025-04-12T17:47:50.132Z",
      "note": "",
      "date": "Sat Apr 12 2025",
      "cost": 1.25
    },
    {
      "id": 1744485309132,
      "type": "smoked",
      "category": "vaping",
      "timestamp": "2025-04-12T19:15:09.132Z",
      "note": "",
      "date": "Sat Apr 12 2025"
    },
    {
      "id": 1744485443135,
      "type": "craving",
      "category": "vaping",
      "timestamp": "2025-04-12T19:17:13.132Z",
      "note": "",
      "date": "Sat Apr 12 2025",
      "intensity": 3
    },
    {
      "id": 1744485913132,
      "type": "smoked",
      "category": "alcohol",
      "timestamp": "2025-04-12T19:25:13.132Z",
      "note": "",
      "date": "Sat Apr 12 2025",
      "cost": 1.25
    },
    {
      "id": 1744489456132,
      "type": "smoked",
      "category": "vaping",
      "timestamp": "2025-04-12T20:24:16.132Z",
      "note": "",
      "date": "Sat Apr 12 2025"
    },
    {
      "id": 1744490562135,
      "type": "smoked",
      "category": "alcohol",
      "timestamp": "2025-04-12T20:42:42.132Z",
      "note": "",
      "date": "Sat Apr 12 2025",
      "cost": 1.25
    },
    {
      "id": 1744490745132,
      "type": "smoked",
      "category": "vaping",
      "timestamp": "2025-04-12T20:45:45.132Z",
      "note": "",
      "date": "Sat Apr 12 2025"
    },
    {
      "id": 1744493044134,
      "type": "craving",
      "category": "vaping",
      "timestamp": "2025-04-12T21:23:54.132Z",
      "note": "",
      "date": "Sat Apr 12 2025",
      "intensity": 1
    },
    {
      "id": 1744528070132,
      "type": "smoked",
      "category": "vaping",
      "timestamp": "2025-04-13T07:07:50.132Z",
      "note": "",
      "date": "Sun Apr 13 2025"
    },
    {
      "id": 1744531227132,
      "type": "smoked",
      "category": "vaping",
      "timestamp": "2025-04-13T08:00:27.132Z",
      "note": "",
      "date": "Sun Apr 13 2025"
    },
    {
      "id": 1744533566132,
      "type": "smoked",
      "category": "vaping",
      "timestamp": "2025-04-13T08:39:26.132Z",
      "note": "",
      "date": "Sun Apr 13 2025"
    },
    {
      "id": 1744540630132,
      "type": "craving",
      "category": "vaping",
      "timestamp": "2025-04-13T10:37:00.132Z",
      "note": "",
      "date": "Sun Apr 13 2025",
      "intensity": 1
    },
    {
      "id": 1744541266132,
      "type": "smoked",
      "category": "vaping",
      "timestamp": "2025-04-13T10:47:46.132Z",
      "note": "",
      "date": "Sun Apr 13 2025"
    },
    {
      "id": 1744543322132,
      "type": "smoked",
      "category": "vaping",
      "timestamp": "2025-04-13T11:22:02.132Z",
      "note": "",
      "date": "Sun Apr 13 2025"
    },
    {
      "id": 1744554590135,
      "type": "craving",
      "category": "vaping",
      "timestamp": "2025-04-13T14:29:40.132Z",
      "note": "",
      "date": "Sun Apr 13 2025",
      "intensity": 2
    },
    {
      "id": 1744562428132,
      "type": "smoked",
      "category": "vaping",
      "timestamp": "2025-04-13T16:40:28.132Z",
      "note": "",
      "date": "Sun Apr 13 2025"
    },
    {
      "id": 1744563122132,
      "type": "smoked",
      "category": "vaping",
      "timestamp": "2025-04-13T16:52:02.132Z",
      "note": "",
      "date": "Sun Apr 13 2025"
    },
    {
      "id": 1744564296132,
      "type": "smoked",
      "category": "vaping",
      "timestamp": "2025-04-13T17:11:36.132Z",
      "note": "",
      "date": "Sun Apr 13 2025"
    },
    {
      "id": 1744566975132,
      "type": "craving",
      "category": "alcohol",
      "timestamp": "2025-04-13T17:55:55.132Z",
      "note": "",
      "date": "Sun Apr 13 2025",
      "intensity": 3
    },
    {
      "id": 1744568423134,
      "type": "craving",
      "category": "vaping",
      "timestamp": "2025-04-13T18:20:13.132Z",
      "note": "",
      "date": "Sun Apr 13 2025",
      "intensity": 2
    },
    {
      "id": 1744569020134,
      "type": "smoked",
      "category": "alcohol",
      "timestamp": "2025-04-13T18:30:20.132Z",
      "note": "",
      "date": "Sun Apr 13 2025",
      "cost": 1.25
    },
    {
      "id": 1744573337132,
      "type": "smoked",
      "category": "alcohol",
      "timestamp": "2025-04-13T19:42:17.132Z",
      "note": "",
      "date": "Sun Apr 13 2025",
      "cost": 1.25
    },
    {
      "id": 1744573664132,
      "type": "smoked",
      "category": "vaping",
      "timestamp": "2025-04-13T19:47:44.132Z",
      "note": "",
      "date": "Sun Apr 13 2025"
    },
    {
      "id": 1744578141132,
      "type": "smoked",
      "category": "vaping",
      "timestamp": "2025-04-13T21:02:21.132Z",
      "note": "",
      "date": "Sun Apr 13 2025"
    },
    {
      "id": 1744579240132,
      "type": "smoked",
      "category": "vaping",
      "timestamp": "2025-04-13T21:20:40.132Z",
      "note": "",
      "date": "Sun Apr 13 2025"
    },
    {
      "id": 1744579424133,
      "type": "smoked",
      "category": "alcohol",
      "timestamp": "2025-04-13T21:23:44.132Z",
      "note": "",
      "date": "Sun Apr 13 2025",
      "cost": 1
    },
    {
      "id": 1744579500135,
      "type": "smoked",
      "category": "alcohol",
      "timestamp": "2025-04-13T21:25:00.132Z",
      "note": "",
      "date": "Sun Apr 13 2025",
      "cost": 1
    },
    {
      "id": 1744581507132,
      "type": "smoked",
      "category": "vaping",
      "timestamp": "2025-04-13T21:58:27.132Z",
      "note": "",
      "date": "Sun Apr 13 2025"
    },
    {
      "id": 1744583250136,
      "type": "smoked",
      "category": "alcohol",
      "timestamp": "2025-04-13T22:27:30.132Z",
      "note": "",
      "date": "Sun Apr 13 2025",
      "cost": 1.25
    },
    {
      "id": 1744583312133,
      "type": "craving",
      "category": "vaping",
      "timestamp": "2025-04-13T22:28:22.132Z",
      "note": "",
      "date": "Sun Apr 13 2025",
      "intensity": 3
    },
    {
      "id": 1744614274132,
      "type": "craving",
      "category": "vaping",
      "timestamp": "2025-04-14T07:04:24.132Z",
      "note": "",
      "date": "Mon Apr 14 2025",
      "intensity": 3
    },
    {
      "id": 1744621178132,
      "type": "smoked",
      "category": "vaping",
      "timestamp": "2025-04-14T08:59:38.132Z",
      "note": "",
      "date": "Mon Apr 14 2025"
    },
    {
      "id": 1744624716132,
      "type": "smoked",
      "category": "vaping",
      "timestamp": "2025-04-14T09:58:36.132Z",
      "note": "",
      "date": "Mon Apr 14 2025"
    },
    {
      "id": 1744626735134,
      "type": "craving",
      "category": "vaping",
      "timestamp": "2025-04-14T10:32:05.132Z",
      "note": "",
      "date": "Mon Apr 14 2025",
      "intensity": 1
    },
    {
      "id": 1744627474135,
      "type": "craving",
      "category": "vaping",
      "timestamp": "2025-04-14T10:44:24.132Z",
      "note": "",
      "date": "Mon Apr 14 2025",
      "intensity": 1
    },
    {
      "id": 1744629821133,
      "type": "craving",
      "category": "vaping",
      "timestamp": "2025-04-14T11:23:31.132Z",
      "note": "",
      "date": "Mon Apr 14 2025",
      "intensity": 3
    },
    {
      "id": 1744632561132,
      "type": "smoked",
      "category": "vaping",
      "timestamp": "2025-04-14T12:09:21.132Z",
      "note": "",
      "date": "Mon Apr 14 2025"
    },
    {
      "id": 1744637327132,
      "type": "smoked",
      "category": "vaping",
      "timestamp": "2025-04-14T13:28:47.132Z",
      "note": "",
      "date": "Mon Apr 14 2025"
    },
    {
      "id": 1744645278132,
      "type": "craving",
      "category": "alcohol",
      "timestamp": "2025-04-14T15:40:58.132Z",
      "note": "",
      "date": "Mon Apr 14 2025",
      "intensity": 2
    },
    {
      "id": 1744651897132,
      "type": "smoked",
      "category": "vaping",
      "timestamp": "2025-04-14T17:31:37.132Z",
      "note": "",
      "date": "Mon Apr 14 2025"
    },
    {
      "id": 1744652776132,
      "type": "smoked",
      "category": "vaping",
      "timestamp": "2025-04-14T17:46:16.132Z",
      "note": "",
      "date": "Mon Apr 14 2025"
    },
    {
      "id": 1744658187132,
      "type": "smoked",
      "category": "vaping",
      "timestamp": "2025-04-14T19:16:27.132Z",
      "note": "",
      "date": "Mon Apr 14 2025"
    },
    {
      "id": 1744660144132,
      "type": "smoked",
      "category": "alcohol",
      "timestamp": "2025-04-14T19:49:04.132Z",
      "note": "",
      "date": "Mon Apr 14 2025",
      "cost": 1.25
    },
    {
      "id": 1744661497132,
      "type": "smoked",
      "category": "vaping",
      "timestamp": "2025-04-14T20:11:37.132Z",
      "note": "",
      "date": "Mon Apr 14 2025"
    },
    {
      "id": 1744662165132,
      "type": "smoked",
      "category": "vaping",
      "timestamp": "2025-04-14T20:22:45.132Z",
      "note": "",
      "date": "Mon Apr 14 2025"
    },
    {
      "id": 1744664673133,
      "type": "smoked",
      "category": "alcohol",
      "timestamp": "2025-04-14T21:04:33.132Z",
      "note": "",
      "date": "Mon Apr 14 2025",
      "cost": 1
    },
    {
      "id": 1744667135134,
      "type": "smoked",
      "category": "alcohol",
      "timestamp": "2025-04-14T21:45:35.132Z",
      "note": "",
      "date": "Mon Apr 14 2025",
      "cost": 1.25
    },
    {
      "id": 1744667628132,
      "type": "smoked",
      "category": "vaping",
      "timestamp": "2025-04-14T21:53:48.132Z",
      "note": "",
      "date": "Mon Apr 14 2025"
    },
    {
      "id": 1744667695132,
      "type": "smoked",
      "category": "vaping",
      "timestamp": "2025-04-14T21:54:55.132Z",
      "note": "",
      "date": "Mon Apr 14 2025"
    },
    {
      "id": 1744701158132,
      "type": "smoked",
      "category": "vaping",
      "timestamp": "2025-04-15T07:12:38.132Z",
      "note": "",
      "date": "Tue Apr 15 2025"
    },
    {
      "id": 1744701480132,
      "type": "smoked",
      "category": "vaping",
      "timestamp": "2025-04-15T07:18:00.132Z",
      "note": "",
      "date": "Tue Apr 15 2025"
    },
    {
      "id": 1744716843132,
      "type": "smoked",
      "category": "vaping",
      "timestamp": "2025-04-15T11:34:03.132Z",
      "note": "",
      "date": "Tue Apr 15 2025"
    },
    {
      "id": 1744718136132,
      "type": "smoked",
      "category": "vaping",
      "timestamp": "2025-04-15T11:55:36.132Z",
      "note": "",
      "date": "Tue Apr 15 2025"
    },
    {
      "id": 1744718469132,
      "type": "smoked",
      "category": "vaping",
      "timestamp": "2025-04-15T12:01:09.132Z",
      "note": "",
      "date": "Tue Apr 15 2025"
    },
    {
      "id": 1744719657132,
      "type": "smoked",
      "category": "vaping",
      "timestamp": "2025-04-15T12:20:57.132Z",
      "note": "",
      "date": "Tue Apr 15 2025"
    },
    {
      "id": 1744725513134,
      "type": "craving",
      "category": "vaping",
      "timestamp": "2025-04-15T13:58:23.132Z",
      "note": "",
      "date": "Tue Apr 15 2025",
      "intensity": 3
    },
    {
      "id": 1744725675135,
      "type": "craving",
      "category": "vaping",
      "timestamp": "2025-04-15T14:01:05.132Z",
      "note": "",
      "date": "Tue Apr 15 2025",
      "intensity": 1
    },
    {
      "id": 1744729436133,
      "type": "craving",
      "category": "vaping",
      "timestamp": "2025-04-15T15:03:46.132Z",
      "note": "",
      "date": "Tue Apr 15 2025",
      "intensity": 2
    },
    {
      "id": 1744729822132,
      "type": "smoked",
      "category": "vaping",
      "timestamp": "2025-04-15T15:10:22.132Z",
      "note": "",
      "date": "Tue Apr 15 2025"
    },
    {
      "id": 1744731514132,
      "type": "smoked",
      "category": "vaping",
      "timestamp": "2025-04-15T15:38:34.132Z",
      "note": "",
      "date": "Tue Apr 15 2025"
    },
    {
      "id": 1744736735132,
      "type": "smoked",
      "category": "vaping",
      "timestamp": "2025-04-15T17:05:35.132Z",
      "note": "",
      "date": "Tue Apr 15 2025"
    },
    {
      "id": 1744737488132,
      "type": "smoked",
      "category": "alcohol",
      "timestamp": "2025-04-15T17:18:08.132Z",
      "note": "",
      "date": "Tue Apr 15 2025",
      "cost": 1.25
    },
    {
      "id": 1744740920132,
      "type": "craving",
      "category": "alcohol",
      "timestamp": "2025-04-15T18:15:00.132Z",
      "note": "",
      "date": "Tue Apr 15 2025",
      "intensity": 2
    },
    {
      "id": 1744741101133,
      "type": "smoked",
      "category": "alcohol",
      "timestamp": "2025-04-15T18:18:21.132Z",
      "note": "",
      "date": "Tue Apr 15 2025",
      "cost": 1.25
    },
    {
      "id": 1744743846132,
      "type": "smoked",
      "category": "vaping",
      "timestamp": "2025-04-15T19:04:06.132Z",
      "note": "",
      "date": "Tue Apr 15 2025"
    },
    {
      "id": 1744745797136,
      "type": "craving",
      "category": "vaping",
      "timestamp": "2025-04-15T19:36:27.132Z",
      "note": "",
      "date": "Tue Apr 15 2025",
      "intensity": 3
    },
    {
      "id": 1744747256132,
      "type": "craving",
      "category": "vaping",
      "timestamp": "2025-04-15T20:00:46.132Z",
      "note": "",
      "date": "Tue Apr 15 2025",
      "intensity": 2
    },
    {
      "id": 1744753519132,
      "type": "smoked",
      "category": "vaping",
      "timestamp": "2025-04-15T21:45:19.132Z",
      "note": "",
      "date": "Tue Apr 15 2025"
    },
    {
      "id": 1744753677134,
      "type": "smoked",
      "category": "alcohol",
      "timestamp": "2025-04-15T21:47:57.132Z",
      "note": "",
      "date": "Tue Apr 15 2025",
      "cost": 0.75
    },
    {
      "id": 1744754670132,
      "type": "smoked",
      "category": "vaping",
      "timestamp": "2025-04-15T22:04:30.132Z",
      "note": "",
      "date": "Tue Apr 15 2025"
    },
    {
      "id": 1744791052132,
      "type": "smoked",
      "category": "vaping",
      "timestamp": "2025-04-16T08:10:52.132Z",
      "note": "",
      "date": "Wed Apr 16 2025"
    },
    {
      "id": 1744793565134,
      "type": "craving",
      "category": "vaping",
      "timestamp": "2025-04-16T08:52:35.132Z",
      "note": "",
      "date": "Wed Apr 16 2025",
      "intensity": 1
    },
    {
      "id": 1744794169132,
      "type": "smoked",
      "category": "vaping",
      "timestamp": "2025-04-16T09:02:49.132Z",
      "note": "",
      "date": "Wed Apr 16 2025"
    },
    {
      "id": 1744797517133,
      "type": "craving",
      "category": "vaping",
      "timestamp": "2025-04-16T09:58:27.132Z",
      "note": "",
      "date": "Wed Apr 16 2025",
      "intensity": 3
    },
    {
      "id": 1744797593132,
      "type": "smoked",
      "category": "vaping",
      "timestamp": "2025-04-16T09:59:53.132Z",
      "note": "",
      "date": "Wed Apr 16 2025"
    },
    {
      "id": 1744800366132,
      "type": "smoked",
      "category": "vaping",
      "timestamp": "2025-04-16T10:46:06.132Z",
      "note": "",
      "date": "Wed Apr 16 2025"
    },
    {
      "id": 1744804828132,
      "type": "smoked",
      "category": "vaping",
      "timestamp": "2025-04-16T12:00:28.132Z",
      "note": "",
      "date": "Wed Apr 16 2025"
    },
    {
      "id": 1744809269132,
      "type": "smoked",
      "category": "vaping",
      "timestamp": "2025-04-16T13:14:29.132Z",
      "note": "",
      "date": "Wed Apr 16 2025"
    },
    {
      "id": 1744810968132,
      "type": "smoked",
      "category": "vaping",
      "timestamp": "2025-04-16T13:42:48.132Z",
      "note": "",
      "date": "Wed Apr 16 2025"
    },
    {
      "id": 1744820871132,
      "type": "craving",
      "category": "vaping",
      "timestamp": "2025-04-16T16:27:41.132Z",
      "note": "",
      "date": "Wed Apr 16 2025",
      "intensity": 2
    },
    {
      "id": 1744821432132,
      "type": "craving",
      "category": "alcohol",
      "timestamp": "2025-04-16T16:36:52.132Z",
      "note": "",
      "date": "Wed Apr 16 2025",
      "intensity": 1
    },
    {
      "id": 1744823615132,
      "type": "smoked",
      "category": "alcohol",
      "timestamp": "2025-04-16T17:13:35.132Z",
      "note": "",
      "date": "Wed Apr 16 2025",
      "cost": 1
    },
    {
      "id": 1744827800132,
      "type": "smoked",
      "category": "vaping",
      "timestamp": "2025-04-16T18:23:20.132Z",
      "note": "",
      "date": "Wed Apr 16 2025"
    },
    {
      "id": 1744828061132,
      "type": "smoked",
      "category": "vaping",
      "timestamp": "2025-04-16T18:27:41.132Z",
      "note": "",
      "date": "Wed Apr 16 2025"
    },
    {
      "id": 1744830871132,
      "type": "smoked",
      "category": "vaping",
      "timestamp": "2025-04-16T19:14:31.132Z",
      "note": "",
      "date": "Wed Apr 16 2025"
    },
    {
      "id": 1744836693132,
      "type": "smoked",
      "category": "vaping",
      "timestamp": "2025-04-16T20:51:33.132Z",
      "note": "",
      "date": "Wed Apr 16 2025"
    },
    {
      "id": 1744836983134,
      "type": "smoked",
      "category": "alcohol",
      "timestamp": "2025-04-16T20:56:23.132Z",
      "note": "",
      "date": "Wed Apr 16 2025",
      "cost": 1.25
    },
    {
      "id": 1744842876135,
      "type": "smoked",
      "category": "alcohol",
      "timestamp": "2025-04-16T22:34:36.132Z",
      "note": "",
      "date": "Wed Apr 16 2025",
      "cost": 0.75
    },
    {
      "id": 1744843146133,
      "type": "smoked",
      "category": "alcohol",
      "timestamp": "2025-04-16T22:39:06.132Z",
      "note": "",
      "date": "Wed Apr 16 2025",
      "cost": 1.25
    },
    {
      "id": 1744874207135,
      "type": "craving",
      "category": "vaping",
      "timestamp": "2025-04-17T07:16:37.132Z",
      "note": "",
      "date": "Thu Apr 17 2025",
      "intensity": 2
    },
    {
      "id": 1744875245133,
      "type": "craving",
      "category": "vaping",
      "timestamp": "2025-04-17T07:33:55.132Z",
      "note": "",
      "date": "Thu Apr 17 2025",
      "intensity": 3
    },
    {
      "id": 1744881174132,
      "type": "smoked",
      "category": "vaping",
      "timestamp": "2025-04-17T09:12:54.132Z",
      "note": "",
      "date": "Thu Apr 17 2025"
    },
    {
      "id": 1744887879132,
      "type": "smoked",
      "category": "vaping",
      "timestamp": "2025-04-17T11:04:39.132Z",
      "note": "",
      "date": "Thu Apr 17 2025"
    },
    {
      "id": 1744896436132,
      "type": "smoked",
      "category": "vaping",
      "timestamp": "2025-04-17T13:27:16.132Z",
      "note": "",
      "date": "Thu Apr 17 2025"
    },
    {
      "id": 1744900988134,
      "type": "craving",
      "category": "vaping",
      "timestamp": "2025-04-17T14:42:58.132Z",
      "note": "",
      "date": "Thu Apr 17 2025",
      "intensity": 1
    },
    {
      "id": 1744903661132,
      "type": "craving",
      "category": "alcohol",
      "timestamp": "2025-04-17T15:27:21.132Z",
      "note": "",
      "date": "Thu Apr 17 2025",
      "intensity": 1
    },
    {
      "id": 1744904071136,
      "type": "craving",
      "category": "vaping",
      "timestamp": "2025-04-17T15:34:21.132Z",
      "note": "",
      "date": "Thu Apr 17 2025",
      "intensity": 1
    },
    {
      "id": 1744904584132,
      "type": "smoked",
      "category": "vaping",
      "timestamp": "2025-04-17T15:43:04.132Z",
      "note": "",
      "date": "Thu Apr 17 2025"
    },
    {
      "id": 1744907243132,
      "type": "smoked",
      "category": "vaping",
      "timestamp": "2025-04-17T16:27:23.132Z",
      "note": "",
      "date": "Thu Apr 17 2025"
    },
    {
      "id": 1744909034132,
      "type": "craving",
      "category": "vaping",
      "timestamp": "2025-04-17T16:57:04.132Z",
      "note": "",
      "date": "Thu Apr 17 2025",
      "intensity": 2
    },
    {
      "id": 1744912735132,
      "type": "smoked",
      "category": "vaping",
      "timestamp": "2025-04-17T17:58:55.132Z",
      "note": "",
      "date": "Thu Apr 17 2025"
    },
    {
      "id": 1744913626134,
      "type": "smoked",
      "category": "alcohol",
      "timestamp": "2025-04-17T18:13:46.132Z",
      "note": "",
      "date": "Thu Apr 17 2025",
      "cost": 1
    },
    {
      "id": 1744914226133,
      "type": "craving",
      "category": "alcohol",
      "timestamp": "2025-04-17T18:23:26.132Z",
      "note": "",
      "date": "Thu Apr 17 2025",
      "intensity": 1
    },
    {
      "id": 1744914432133,
      "type": "smoked",
      "category": "alcohol",
      "timestamp": "2025-04-17T18:27:12.132Z",
      "note": "",
      "date": "Thu Apr 17 2025",
      "cost": 1.25
    },
    {
      "id": 1744914937132,
      "type": "smoked",
      "category": "vaping",
      "timestamp": "2025-04-17T18:35:37.132Z",
      "note": "",
      "date": "Thu Apr 17 2025"
    },
    {
      "id": 1744915568137,
      "type": "craving",
      "category": "vaping",
      "timestamp": "2025-04-17T18:45:58.132Z",
      "note": "",
      "date": "Thu Apr 17 2025",
      "intensity": 2
    },
    {
      "id": 1744919823132,
      "type": "smoked",
      "category": "vaping",
      "timestamp": "2025-04-17T19:57:03.132Z",
      "note": "",
      "date": "Thu Apr 17 2025"
    },
    {
      "id": 1744925415136,
      "type": "smoked",
      "category": "alcohol",
      "timestamp": "2025-04-17T21:30:15.132Z",
      "note": "",
      "date": "Thu Apr 17 2025",
      "cost": 0.75
    },
    {
      "id": 1744928783135,
      "type": "smoked",
      "category": "alcohol",
      "timestamp": "2025-04-17T22:26:23.132Z",
      "note": "",
      "date": "Thu Apr 17 2025",
      "cost": 1.25
    },
    {
      "id": 1744929754132,
      "type": "smoked",
      "category": "alcohol",
      "timestamp": "2025-04-17T22:42:34.132Z",
      "note": "",
      "date": "Thu Apr 17 2025",
      "cost": 1.25
    },
    {
      "id": 1744962352136,
      "type": "craving",
      "category": "vaping",
      "timestamp": "2025-04-18T07:45:42.132Z",
      "note": "",
      "date": "Fri Apr 18 2025",
      "intensity": 1
    },
    {
      "id": 1744965155132,
      "type": "smoked",
      "category": "vaping",
      "timestamp": "2025-04-18T08:32:35.132Z",
      "note": "",
      "date": "Fri Apr 18 2025"
    },
    {
      "id": 1744965827132,
      "type": "smoked",
      "category": "vaping",
      "timestamp": "2025-04-18T08:43:47.132Z",
      "note": "",
      "date": "Fri Apr 18 2025"
    },
    {
      "id": 1744968416132,
      "type": "smoked",
      "category": "vaping",
      "timestamp": "2025-04-18T09:26:56.132Z",
      "note": "",
      "date": "Fri Apr 18 2025"
    },
    {
      "id": 1744970171132,
      "type": "smoked",
      "category": "vaping",
      "timestamp": "2025-04-18T09:56:11.132Z",
      "note": "",
      "date": "Fri Apr 18 2025"
    },
    {
      "id": 1744972057132,
      "type": "smoked",
      "category": "vaping",
      "timestamp": "2025-04-18T10:27:37.132Z",
      "note": "",
      "date": "Fri Apr 18 2025"
    },
    {
      "id": 1744973118135,
      "type": "craving",
      "category": "vaping",
      "timestamp": "2025-04-18T10:45:08.132Z",
      "note": "",
      "date": "Fri Apr 18 2025",
      "intensity": 2
    },
    {
      "id": 1744974744132,
      "type": "smoked",
      "category": "vaping",
      "timestamp": "2025-04-18T11:12:24.132Z",
      "note": "",
      "date": "Fri Apr 18 2025"
    },
    {
      "id": 1744975028132,
      "type": "smoked",
      "category": "vaping",
      "timestamp": "2025-04-18T11:17:08.132Z",
      "note": "",
      "date": "Fri Apr 18 2025"
    },
    {
      "id": 1744979277132,
      "type": "smoked",
      "category": "vaping",
      "timestamp": "2025-04-18T12:27:57.132Z",
      "note": "",
      "date": "Fri Apr 18 2025"
    },
    {
      "id": 1744986393132,
      "type": "craving",
      "category": "vaping",
      "timestamp": "2025-04-18T14:26:23.132Z",
      "note": "",
      "date": "Fri Apr 18 2025",
      "intensity": 2
    },
    {
      "id": 1744988955133,
      "type": "craving",
      "category": "vaping",
      "timestamp": "2025-04-18T15:09:05.132Z",
      "note": "",
      "date": "Fri Apr 18 2025",
      "intensity": 1
    },
    {
      "id": 1744991208132,
      "type": "craving",
      "category": "alcohol",
      "timestamp": "2025-04-18T15:46:28.132Z",
      "note": "",
      "date": "Fri Apr 18 2025",
      "intensity": 1
    },
    {
      "id": 1744994126132,
      "type": "smoked",
      "category": "vaping",
      "timestamp": "2025-04-18T16:35:26.132Z",
      "note": "",
      "date": "Fri Apr 18 2025"
    },
    {
      "id": 1744998283132,
      "type": "smoked",
      "category": "vaping",
      "timestamp": "2025-04-18T17:44:43.132Z",
      "note": "",
      "date": "Fri Apr 18 2025"
    },
    {
      "id": 1744998770134,
      "type": "craving",
      "category": "vaping",
      "timestamp": "2025-04-18T17:52:40.132Z",
      "note": "",
      "date": "Fri Apr 18 2025",
      "intensity": 3
    },
    {
      "id": 1744998953132,
      "type": "smoked",
      "category": "alcohol",
      "timestamp": "2025-04-18T17:55:53.132Z",
      "note": "",
      "date": "Fri Apr 18 2025",
      "cost": 1
    },
    {
      "id": 1745001035137,
      "type": "craving",
      "category": "vaping",
      "timestamp": "2025-04-18T18:30:25.132Z",
      "note": "",
      "date": "Fri Apr 18 2025",
      "intensity": 3
    },
    {
      "id": 1745008397132,
      "type": "smoked",
      "category": "vaping",
      "timestamp": "2025-04-18T20:33:17.132Z",
      "note": "",
      "date": "Fri Apr 18 2025"
    },
    {
      "id": 1745010129133,
      "type": "smoked",
      "category": "alcohol",
      "timestamp": "2025-04-18T21:02:09.132Z",
      "note": "",
      "date": "Fri Apr 18 2025",
      "cost": 1
    },
    {
      "id": 1745011754134,
      "type": "smoked",
      "category": "alcohol",
      "timestamp": "2025-04-18T21:29:14.132Z",
      "note": "",
      "date": "Fri Apr 18 2025",
      "cost": 1
    },
    {
      "id": 1745012897135,
      "type": "smoked",
      "category": "alcohol",
      "timestamp": "2025-04-18T21:48:17.132Z",
      "note": "",
      "date": "Fri Apr 18 2025",
      "cost": 1
    },
    {
      "id": 1745053949132,
      "type": "smoked",
      "category": "vaping",
      "timestamp": "2025-04-19T09:12:29.132Z",
      "note": "",
      "date": "Sat Apr 19 2025"
    },
    {
      "id": 1745056878132,
      "type": "smoked",
      "category": "vaping",
      "timestamp": "2025-04-19T10:01:18.132Z",
      "note": "",
      "date": "Sat Apr 19 2025"
    },
    {
      "id": 1745060030134,
      "type": "craving",
      "category": "vaping",
      "timestamp": "2025-04-19T10:53:40.132Z",
      "note": "",
      "date": "Sat Apr 19 2025",
      "intensity": 2
    },
    {
      "id": 1745062369132,
      "type": "smoked",
      "category": "vaping",
      "timestamp": "2025-04-19T11:32:49.132Z",
      "note": "",
      "date": "Sat Apr 19 2025"
    },
    {
      "id": 1745070975132,
      "type": "smoked",
      "category": "vaping",
      "timestamp": "2025-04-19T13:56:15.132Z",
      "note": "",
      "date": "Sat Apr 19 2025"
    },
    {
      "id": 1745073114132,
      "type": "smoked",
      "category": "vaping",
      "timestamp": "2025-04-19T14:31:54.132Z",
      "note": "",
      "date": "Sat Apr 19 2025"
    },
    {
      "id": 1745075035132,
      "type": "craving",
      "category": "vaping",
      "timestamp": "2025-04-19T15:03:45.132Z",
      "note": "",
      "date": "Sat Apr 19 2025",
      "intensity": 2
    },
    {
      "id": 1745075350132,
      "type": "craving",
      "category": "alcohol",
      "timestamp": "2025-04-19T15:08:50.132Z",
      "note": "",
      "date": "Sat Apr 19 2025",
      "intensity": 2
    },
    {
      "id": 1745075894132,
      "type": "smoked",
      "category": "vaping",
      "timestamp": "2025-04-19T15:18:14.132Z",
      "note": "",
      "date": "Sat Apr 19 2025"
    },
    {
      "id": 1745079328132,
      "type": "smoked",
      "category": "vaping",
      "timestamp": "2025-04-19T16:15:28.132Z",
      "note": "",
      "date": "Sat Apr 19 2025"
    },
    {
      "id": 1745079720132,
      "type": "smoked",
      "category": "vaping",
      "timestamp": "2025-04-19T16:22:00.132Z",
      "note": "",
      "date": "Sat Apr 19 2025"
    },
    {
      "id": 1745082559132,
      "type": "smoked",
      "category": "vaping",
      "timestamp": "2025-04-19T17:09:19.132Z",
      "note": "",
      "date": "Sat Apr 19 2025"
    },
    {
      "id": 1745084806136,
      "type": "smoked",
      "category": "alcohol",
      "timestamp": "2025-04-19T17:46:46.132Z",
      "note": "",
      "date": "Sat Apr 19 2025",
      "cost": 1
    },
    {
      "id": 1745085609137,
      "type": "smoked",
      "category": "alcohol",
      "timestamp": "2025-04-19T18:00:09.132Z",
      "note": "",
      "date": "Sat Apr 19 2025",
      "cost": 1
    },
    {
      "id": 1745086207133,
      "type": "craving",
      "category": "vaping",
      "timestamp": "2025-04-19T18:09:57.132Z",
      "note": "",
      "date": "Sat Apr 19 2025",
      "intensity": 2
    },
    {
      "id": 1745086741133,
      "type": "craving",
      "category": "alcohol",
      "timestamp": "2025-04-19T18:18:41.132Z",
      "note": "",
      "date": "Sat Apr 19 2025",
      "intensity": 1
    },
    {
      "id": 1745091565134,
      "type": "smoked",
      "category": "alcohol",
      "timestamp": "2025-04-19T19:39:25.132Z",
      "note": "",
      "date": "Sat Apr 19 2025",
      "cost": 1
    },
    {
      "id": 1745095628132,
      "type": "smoked",
      "category": "vaping",
      "timestamp": "2025-04-19T20:47:08.132Z",
      "note": "",
      "date": "Sat Apr 19 2025"
    },
    {
      "id": 1745099170132,
      "type": "smoked",
      "category": "alcohol",
      "timestamp": "2025-04-19T21:46:10.132Z",
      "note": "",
      "date": "Sat Apr 19 2025",
      "cost": 1.25
    },
    {
      "id": 1745100211133,
      "type": "smoked",
      "category": "alcohol",
      "timestamp": "2025-04-19T22:03:31.132Z",
      "note": "",
      "date": "Sat Apr 19 2025",
      "cost": 1
    },
    {
      "id": 1745100882135,
      "type": "smoked",
      "category": "alcohol",
      "timestamp": "2025-04-19T22:14:42.132Z",
      "note": "",
      "date": "Sat Apr 19 2025",
      "cost": 0.75
    },
    {
      "id": 1745101158135,
      "type": "craving",
      "category": "vaping",
      "timestamp": "2025-04-19T22:19:08.132Z",
      "note": "",
      "date": "Sat Apr 19 2025",
      "intensity": 1
    },
    {
      "id": 1745133797132,
      "type": "smoked",
      "category": "vaping",
      "timestamp": "2025-04-20T07:23:17.132Z",
      "note": "",
      "date": "Sun Apr 20 2025"
    },
    {
      "id": 1745134413134,
      "type": "craving",
      "category": "vaping",
      "timestamp": "2025-04-20T07:33:23.132Z",
      "note": "",
      "date": "Sun Apr 20 2025",
      "intensity": 3
    },
    {
      "id": 1745141569132,
      "type": "smoked",
      "category": "vaping",
      "timestamp": "2025-04-20T09:32:49.132Z",
      "note": "",
      "date": "Sun Apr 20 2025"
    },
    {
      "id": 1745143680132,
      "type": "smoked",
      "category": "vaping",
      "timestamp": "2025-04-20T10:08:00.132Z",
      "note": "",
      "date": "Sun Apr 20 2025"
    },
    {
      "id": 1745144364132,
      "type": "smoked",
      "category": "vaping",
      "timestamp": "2025-04-20T10:19:24.132Z",
      "note": "",
      "date": "Sun Apr 20 2025"
    },
    {
      "id": 1745147908135,
      "type": "craving",
      "category": "vaping",
      "timestamp": "2025-04-20T11:18:18.132Z",
      "note": "",
      "date": "Sun Apr 20 2025",
      "intensity": 2
    },
    {
      "id": 1745149498132,
      "type": "craving",
      "category": "vaping",
      "timestamp": "2025-04-20T11:44:48.132Z",
      "note": "",
      "date": "Sun Apr 20 2025",
      "intensity": 2
    },
    {
      "id": 1745149960136,
      "type": "craving",
      "category": "vaping",
      "timestamp": "2025-04-20T11:52:30.132Z",
      "note": "",
      "date": "Sun Apr 20 2025",
      "intensity": 2
    },
    {
      "id": 1745152653133,
      "type": "craving",
      "category": "vaping",
      "timestamp": "2025-04-20T12:37:23.132Z",
      "note": "",
      "date": "Sun Apr 20 2025",
      "intensity": 2
    },
    {
      "id": 1745161866132,
      "type": "smoked",
      "category": "vaping",
      "timestamp": "2025-04-20T15:11:06.132Z",
      "note": "",
      "date": "Sun Apr 20 2025"
    },
    {
      "id": 1745162472132,
      "type": "smoked",
      "category": "vaping",
      "timestamp": "2025-04-20T15:21:12.132Z",
      "note": "",
      "date": "Sun Apr 20 2025"
    },
    {
      "id": 1745162736132,
      "type": "smoked",
      "category": "vaping",
      "timestamp": "2025-04-20T15:25:36.132Z",
      "note": "",
      "date": "Sun Apr 20 2025"
    },
    {
      "id": 1745163196132,
      "type": "smoked",
      "category": "vaping",
      "timestamp": "2025-04-20T15:33:16.132Z",
      "note": "",
      "date": "Sun Apr 20 2025"
    },
    {
      "id": 1745168681132,
      "type": "smoked",
      "category": "vaping",
      "timestamp": "2025-04-20T17:04:41.132Z",
      "note": "",
      "date": "Sun Apr 20 2025"
    },
    {
      "id": 1745171225133,
      "type": "smoked",
      "category": "alcohol",
      "timestamp": "2025-04-20T17:47:05.132Z",
      "note": "",
      "date": "Sun Apr 20 2025",
      "cost": 1.25
    },
    {
      "id": 1745172040132,
      "type": "craving",
      "category": "alcohol",
      "timestamp": "2025-04-20T18:00:20.132Z",
      "note": "",
      "date": "Sun Apr 20 2025",
      "intensity": 1
    },
    {
      "id": 1745172685132,
      "type": "smoked",
      "category": "vaping",
      "timestamp": "2025-04-20T18:11:25.132Z",
      "note": "",
      "date": "Sun Apr 20 2025"
    },
    {
      "id": 1745174421132,
      "type": "smoked",
      "category": "alcohol",
      "timestamp": "2025-04-20T18:40:21.132Z",
      "note": "",
      "date": "Sun Apr 20 2025",
      "cost": 1.25
    },
    {
      "id": 1745178234132,
      "type": "smoked",
      "category": "vaping",
      "timestamp": "2025-04-20T19:43:54.132Z",
      "note": "",
      "date": "Sun Apr 20 2025"
    },
    {
      "id": 1745178631132,
      "type": "smoked",
      "category": "vaping",
      "timestamp": "2025-04-20T19:50:31.132Z",
      "note": "",
      "date": "Sun Apr 20 2025"
    },
    {
      "id": 1745181616134,
      "type": "smoked",
      "category": "alcohol",
      "timestamp": "2025-04-20T20:40:16.132Z",
      "note": "",
      "date": "Sun Apr 20 2025",
      "cost": 1
    },
    {
      "id": 1745220705132,
      "type": "smoked",
      "category": "vaping",
      "timestamp": "2025-04-21T07:31:45.132Z",
      "note": "",
      "date": "Mon Apr 21 2025"
    },
    {
      "id": 1745221554132,
      "type": "smoked",
      "category": "vaping",
      "timestamp": "2025-04-21T07:45:54.132Z",
      "note": "",
      "date": "Mon Apr 21 2025"
    },
    {
      "id": 1745222889132,
      "type": "smoked",
      "category": "vaping",
      "timestamp": "2025-04-21T08:08:09.132Z",
      "note": "",
      "date": "Mon Apr 21 2025"
    },
    {
      "id": 1745227333132,
      "type": "smoked",
      "category": "vaping",
      "timestamp": "2025-04-21T09:22:13.132Z",
      "note": "",
      "date": "Mon Apr 21 2025"
    },
    {
      "id": 1745232822132,
      "type": "craving",
      "category": "vaping",
      "timestamp": "2025-04-21T10:53:32.132Z",
      "note": "",
      "date": "Mon Apr 21 2025",
      "intensity": 1
    },
    {
      "id": 1745234863132,
      "type": "smoked",
      "category": "vaping",
      "timestamp": "2025-04-21T11:27:43.132Z",
      "note": "",
      "date": "Mon Apr 21 2025"
    },
    {
      "id": 1745241230132,
      "type": "smoked",
      "category": "vaping",
      "timestamp": "2025-04-21T13:13:50.132Z",
      "note": "",
      "date": "Mon Apr 21 2025"
    },
    {
      "id": 1745241718132,
      "type": "smoked",
      "category": "vaping",
      "timestamp": "2025-04-21T13:21:58.132Z",
      "note": "",
      "date": "Mon Apr 21 2025"
    },
    {
      "id": 1745243313132,
      "type": "smoked",
      "category": "vaping",
      "timestamp": "2025-04-21T13:48:33.132Z",
      "note": "",
      "date": "Mon Apr 21 2025"
    },
    {
      "id": 1745245481133,
      "type": "craving",
      "category": "vaping",
      "timestamp": "2025-04-21T14:24:31.132Z",
      "note": "",
      "date": "Mon Apr 21 2025",
      "intensity": 2
    },
    {
      "id": 1745246614135,
      "type": "craving",
      "category": "vaping",
      "timestamp": "2025-04-21T14:43:24.132Z",
      "note": "",
      "date": "Mon Apr 21 2025",
      "intensity": 2
    },
    {
      "id": 1745256929132,
      "type": "smoked",
      "category": "vaping",
      "timestamp": "2025-04-21T17:35:29.132Z",
      "note": "",
      "date": "Mon Apr 21 2025"
    },
    {
      "id": 1745257447132,
      "type": "craving",
      "category": "alcohol",
      "timestamp": "2025-04-21T17:43:47.132Z",
      "note": "",
      "date": "Mon Apr 21 2025",
      "intensity": 1
    },
    {
      "id": 1745257906134,
      "type": "smoked",
      "category": "alcohol",
      "timestamp": "2025-04-21T17:51:46.132Z",
      "note": "",
      "date": "Mon Apr 21 2025",
      "cost": 1
    },
    {
      "id": 1745259804132,
      "type": "smoked",
      "category": "alcohol",
      "timestamp": "2025-04-21T18:23:24.132Z",
      "note": "",
      "date": "Mon Apr 21 2025",
      "cost": 1
    },
    {
      "id": 1745260704132,
      "type": "smoked",
      "category": "vaping",
      "timestamp": "2025-04-21T18:38:24.132Z",
      "note": "",
      "date": "Mon Apr 21 2025"
    },
    {
      "id": 1745261140136,
      "type": "smoked",
      "category": "alcohol",
      "timestamp": "2025-04-21T18:45:40.132Z",
      "note": "",
      "date": "Mon Apr 21 2025",
      "cost": 0.75
    },
    {
      "id": 1745262309134,
      "type": "craving",
      "category": "vaping",
      "timestamp": "2025-04-21T19:04:59.132Z",
      "note": "",
      "date": "Mon Apr 21 2025",
      "intensity": 2
    },
    {
      "id": 1745262604132,
      "type": "smoked",
      "category": "vaping",
      "timestamp": "2025-04-21T19:10:04.132Z",
      "note": "",
      "date": "Mon Apr 21 2025"
    },
    {
      "id": 1745266474133,
      "type": "smoked",
      "category": "alcohol",
      "timestamp": "2025-04-21T20:14:34.132Z",
      "note": "",
      "date": "Mon Apr 21 2025",
      "cost": 1
    },
    {
      "id": 1745267285137,
      "type": "smoked",
      "category": "alcohol",
      "timestamp": "2025-04-21T20:28:05.132Z",
      "note": "",
      "date": "Mon Apr 21 2025",
      "cost": 1.25
    },
    {
      "id": 1745272766135,
      "type": "smoked",
      "category": "alcohol",
      "timestamp": "2025-04-21T21:59:26.132Z",
      "note": "",
      "date": "Mon Apr 21 2025",
      "cost": 1
    },
    {
      "id": 1745313160132,
      "type": "smoked",
      "category": "vaping",
      "timestamp": "2025-04-22T09:12:40.132Z",
      "note": "",
      "date": "Tue Apr 22 2025"
    },
    {
      "id": 1745316612135,
      "type": "craving",
      "category": "vaping",
      "timestamp": "2025-04-22T10:10:02.132Z",
      "note": "",
      "date": "Tue Apr 22 2025",
      "intensity": 3
    },
    {
      "id": 1745319026132,
      "type": "smoked",
      "category": "vaping",
      "timestamp": "2025-04-22T10:50:26.132Z",
      "note": "",
      "date": "Tue Apr 22 2025"
    },
    {
      "id": 1745319075132,
      "type": "craving",
      "category": "vaping",
      "timestamp": "2025-04-22T10:51:05.132Z",
      "note": "",
      "date": "Tue Apr 22 2025",
      "intensity": 3
    },
    {
      "id": 1745319330133,
      "type": "craving",
      "category": "vaping",
      "timestamp": "2025-04-22T10:55:20.132Z",
      "note": "",
      "date": "Tue Apr 22 2025",
      "intensity": 2
    },
    {
      "id": 1745320265132,
      "type": "smoked",
      "category": "vaping",
      "timestamp": "2025-04-22T11:11:05.132Z",
      "note": "",
      "date": "Tue Apr 22 2025"
    },
    {
      "id": 1745321136132,
      "type": "smoked",
      "category": "vaping",
      "timestamp": "2025-04-22T11:25:36.132Z",
      "note": "",
      "date": "Tue Apr 22 2025"
    },
    {
      "id": 1745333908132,
      "type": "smoked",
      "category": "vaping",
      "timestamp": "2025-04-22T14:58:28.132Z",
      "note": "",
      "date": "Tue Apr 22 2025"
    },
    {
      "id": 1745335398134,
      "type": "craving",
      "category": "vaping",
      "timestamp": "2025-04-22T15:23:08.132Z",
      "note": "",
      "date": "Tue Apr 22 2025",
      "intensity": 2
    },
    {
      "id": 1745335399132,
      "type": "smoked",
      "category": "vaping",
      "timestamp": "2025-04-22T15:23:19.132Z",
      "note": "",
      "date": "Tue Apr 22 2025"
    },
    {
      "id": 1745336146132,
      "type": "craving",
      "category": "alcohol",
      "timestamp": "2025-04-22T15:35:26.132Z",
      "note": "",
      "date": "Tue Apr 22 2025",
      "intensity": 1
    },
    {
      "id": 1745342326132,
      "type": "smoked",
      "category": "vaping",
      "timestamp": "2025-04-22T17:18:46.132Z",
      "note": "",
      "date": "Tue Apr 22 2025"
    },
    {
      "id": 1745345765132,
      "type": "smoked",
      "category": "vaping",
      "timestamp": "2025-04-22T18:16:05.132Z",
      "note": "",
      "date": "Tue Apr 22 2025"
    },
    {
      "id": 1745347820134,
      "type": "smoked",
      "category": "alcohol",
      "timestamp": "2025-04-22T18:50:20.132Z",
      "note": "",
      "date": "Tue Apr 22 2025",
      "cost": 1.25
    },
    {
      "id": 1745352830133,
      "type": "smoked",
      "category": "alcohol",
      "timestamp": "2025-04-22T20:13:50.132Z",
      "note": "",
      "date": "Tue Apr 22 2025",
      "cost": 0.75
    },
    {
      "id": 1745353371132,
      "type": "smoked",
      "category": "alcohol",
      "timestamp": "2025-04-22T20:22:51.132Z",
      "note": "",
      "date": "Tue Apr 22 2025",
      "cost": 1
    },
    {
      "id": 1745353693132,
      "type": "smoked",
      "category": "vaping",
      "timestamp": "2025-04-22T20:28:13.132Z",
      "note": "",
      "date": "Tue Apr 22 2025"
    },
    {
      "id": 1745357322135,
      "type": "smoked",
      "category": "alcohol",
      "timestamp": "2025-04-22T21:28:42.132Z",
      "note": "",
      "date": "Tue Apr 22 2025",
      "cost": 1.25
    },
    {
      "id": 1745357728132,
      "type": "smoked",
      "category": "vaping",
      "timestamp": "2025-04-22T21:35:28.132Z",
      "note": "",
      "date": "Tue Apr 22 2025"
    },
    {
      "id": 1745358866132,
      "type": "smoked",
      "category": "vaping",
      "timestamp": "2025-04-22T21:54:26.132Z",
      "note": "",
      "date": "Tue Apr 22 2025"
    },
    {
      "id": 1745361596132,
      "type": "smoked",
      "category": "vaping",
      "timestamp": "2025-04-22T22:39:56.132Z",
      "note": "",
      "date": "Tue Apr 22 2025"
    },
    {
      "id": 1745394058132,
      "type": "smoked",
      "category": "vaping",
      "timestamp": "2025-04-23T07:40:58.132Z",
      "note": "",
      "date": "Wed Apr 23 2025"
    },
    {
      "id": 1745396677132,
      "type": "smoked",
      "category": "vaping",
      "timestamp": "2025-04-23T08:24:37.132Z",
      "note": "",
      "date": "Wed Apr 23 2025"
    },
    {
      "id": 1745397958136,
      "type": "craving",
      "category": "vaping",
      "timestamp": "2025-04-23T08:45:48.132Z",
      "note": "",
      "date": "Wed Apr 23 2025",
      "intensity": 2
    },
    {
      "id": 1745401809135,
      "type": "craving",
      "category": "vaping",
      "timestamp": "2025-04-23T09:49:59.132Z",
      "note": "",
      "date": "Wed Apr 23 2025",
      "intensity": 1
    },
    {
      "id": 1745402256132,
      "type": "smoked",
      "category": "vaping",
      "timestamp": "2025-04-23T09:57:36.132Z",
      "note": "",
      "date": "Wed Apr 23 2025"
    },
    {
      "id": 1745414533132,
      "type": "craving",
      "category": "vaping",
      "timestamp": "2025-04-23T13:22:03.132Z",
      "note": "",
      "date": "Wed Apr 23 2025",
      "intensity": 1
    },
    {
      "id": 1745418584134,
      "type": "craving",
      "category": "vaping",
      "timestamp": "2025-04-23T14:29:34.132Z",
      "note": "",
      "date": "Wed Apr 23 2025",
      "intensity": 2
    },
    {
      "id": 1745422893132,
      "type": "smoked",
      "category": "vaping",
      "timestamp": "2025-04-23T15:41:33.132Z",
      "note": "",
      "date": "Wed Apr 23 2025"
    },
    {
      "id": 1745424844132,
      "type": "craving",
      "category": "alcohol",
      "timestamp": "2025-04-23T16:13:44.132Z",
      "note": "",
      "date": "Wed Apr 23 2025",
      "intensity": 1
    },
    {
      "id": 1745428315132,
      "type": "smoked",
      "category": "vaping",
      "timestamp": "2025-04-23T17:11:55.132Z",
      "note": "",
      "date": "Wed Apr 23 2025"
    },
    {
      "id": 1745431279132,
      "type": "smoked",
      "category": "vaping",
      "timestamp": "2025-04-23T18:01:19.132Z",
      "note": "",
      "date": "Wed Apr 23 2025"
    },
    {
      "id": 1745434260133,
      "type": "craving",
      "category": "alcohol",
      "timestamp": "2025-04-23T18:50:40.132Z",
      "note": "",
      "date": "Wed Apr 23 2025",
      "intensity": 3
    },
    {
      "id": 1745435751132,
      "type": "smoked",
      "category": "vaping",
      "timestamp": "2025-04-23T19:15:51.132Z",
      "note": "",
      "date": "Wed Apr 23 2025"
    },
    {
      "id": 1745437518132,
      "type": "smoked",
      "category": "alcohol",
      "timestamp": "2025-04-23T19:45:18.132Z",
      "note": "",
      "date": "Wed Apr 23 2025",
      "cost": 1
    },
    {
      "id": 1745438777133,
      "type": "smoked",
      "category": "alcohol",
      "timestamp": "2025-04-23T20:06:17.132Z",
      "note": "",
      "date": "Wed Apr 23 2025",
      "cost": 1
    },
    {
      "id": 1745439875132,
      "type": "smoked",
      "category": "vaping",
      "timestamp": "2025-04-23T20:24:35.132Z",
      "note": "",
      "date": "Wed Apr 23 2025"
    },
    {
      "id": 1745440447132,
      "type": "smoked",
      "category": "vaping",
      "timestamp": "2025-04-23T20:34:07.132Z",
      "note": "",
      "date": "Wed Apr 23 2025"
    },
    {
      "id": 1745443931132,
      "type": "smoked",
      "category": "vaping",
      "timestamp": "2025-04-23T21:32:11.132Z",
      "note": "",
      "date": "Wed Apr 23 2025"
    },
    {
      "id": 1745446218132,
      "type": "smoked",
      "category": "vaping",
      "timestamp": "2025-04-23T22:10:18.132Z",
      "note": "",
      "date": "Wed Apr 23 2025"
    },
    {
      "id": 1745447708133,
      "type": "craving",
      "category": "vaping",
      "timestamp": "2025-04-23T22:34:58.132Z",
      "note": "",
      "date": "Wed Apr 23 2025",
      "intensity": 2
    },
    {
      "id": 1745448584134,
      "type": "smoked",
      "category": "alcohol",
      "timestamp": "2025-04-23T22:49:44.132Z",
      "note": "",
      "date": "Wed Apr 23 2025",
      "cost": 1
    },
    {
      "id": 1745478188132,
      "type": "smoked",
      "category": "vaping",
      "timestamp": "2025-04-24T07:03:08.132Z",
      "note": "",
      "date": "Thu Apr 24 2025"
    },
    {
      "id": 1745489329136,
      "type": "craving",
      "category": "vaping",
      "timestamp": "2025-04-24T10:08:39.132Z",
      "note": "",
      "date": "Thu Apr 24 2025",
      "intensity": 1
    },
    {
      "id": 1745491253132,
      "type": "smoked",
      "category": "vaping",
      "timestamp": "2025-04-24T10:40:53.132Z",
      "note": "",
      "date": "Thu Apr 24 2025"
    },
    {
      "id": 1745501268132,
      "type": "smoked",
      "category": "vaping",
      "timestamp": "2025-04-24T13:27:48.132Z",
      "note": "",
      "date": "Thu Apr 24 2025"
    },
    {
      "id": 1745506496132,
      "type": "smoked",
      "category": "vaping",
      "timestamp": "2025-04-24T14:54:56.132Z",
      "note": "",
      "date": "Thu Apr 24 2025"
    },
    {
      "id": 1745506615132,
      "type": "smoked",
      "category": "vaping",
      "timestamp": "2025-04-24T14:56:55.132Z",
      "note": "",
      "date": "Thu Apr 24 2025"
    },
    {
      "id": 1745511186132,
      "type": "smoked",
      "category": "vaping",
      "timestamp": "2025-04-24T16:13:06.132Z",
      "note": "",
      "date": "Thu Apr 24 2025"
    },
    {
      "id": 1745512035133,
      "type": "craving",
      "category": "vaping",
      "timestamp": "2025-04-24T16:27:05.132Z",
      "note": "",
      "date": "Thu Apr 24 2025",
      "intensity": 3
    },
    {
      "id": 1745515590132,
      "type": "craving",
      "category": "vaping",
      "timestamp": "2025-04-24T17:26:20.132Z",
      "note": "",
      "date": "Thu Apr 24 2025",
      "intensity": 1
    },
    {
      "id": 1745515675132,
      "type": "craving",
      "category": "alcohol",
      "timestamp": "2025-04-24T17:27:35.132Z",
      "note": "",
      "date": "Thu Apr 24 2025",
      "intensity": 2
    },
    {
      "id": 1745516650135,
      "type": "craving",
      "category": "vaping",
      "timestamp": "2025-04-24T17:44:00.132Z",
      "note": "",
      "date": "Thu Apr 24 2025",
      "intensity": 2
    },
    {
      "id": 1745517202132,
      "type": "smoked",
      "category": "vaping",
      "timestamp": "2025-04-24T17:53:22.132Z",
      "note": "",
      "date": "Thu Apr 24 2025"
    },
    {
      "id": 1745519588133,
      "type": "smoked",
      "category": "alcohol",
      "timestamp": "2025-04-24T18:33:08.132Z",
      "note": "",
      "date": "Thu Apr 24 2025",
      "cost": 0.75
    },
    {
      "id": 1745521744132,
      "type": "smoked",
      "category": "alcohol",
      "timestamp": "2025-04-24T19:09:04.132Z",
      "note": "",
      "date": "Thu Apr 24 2025",
      "cost": 1
    },
    {
      "id": 1745521983134,
      "type": "craving",
      "category": "vaping",
      "timestamp": "2025-04-24T19:12:53.132Z",
      "note": "",
      "date": "Thu Apr 24 2025",
      "intensity": 1
    },
    {
      "id": 1745522829132,
      "type": "smoked",
      "category": "vaping",
      "timestamp": "2025-04-24T19:27:09.132Z",
      "note": "",
      "date": "Thu Apr 24 2025"
    },
    {
      "id": 1745524938135,
      "type": "smoked",
      "category": "alcohol",
      "timestamp": "2025-04-24T20:02:18.132Z",
      "note": "",
      "date": "Thu Apr 24 2025",
      "cost": 1
    },
    {
      "id": 1745527090132,
      "type": "smoked",
      "category": "vaping",
      "timestamp": "2025-04-24T20:38:10.132Z",
      "note": "",
      "date": "Thu Apr 24 2025"
    },
    {
      "id": 1745529348134,
      "type": "smoked",
      "category": "alcohol",
      "timestamp": "2025-04-24T21:15:48.132Z",
      "note": "",
      "date": "Thu Apr 24 2025",
      "cost": 1
    },
    {
      "id": 1745529384132,
      "type": "smoked",
      "category": "vaping",
      "timestamp": "2025-04-24T21:16:24.132Z",
      "note": "",
      "date": "Thu Apr 24 2025"
    },
    {
      "id": 1745531482132,
      "type": "smoked",
      "category": "vaping",
      "timestamp": "2025-04-24T21:51:22.132Z",
      "note": "",
      "date": "Thu Apr 24 2025"
    },
    {
      "id": 1745533909132,
      "type": "smoked",
      "category": "vaping",
      "timestamp": "2025-04-24T22:31:49.132Z",
      "note": "",
      "date": "Thu Apr 24 2025"
    },
    {
      "id": 1745566251133,
      "type": "craving",
      "category": "vaping",
      "timestamp": "2025-04-25T07:30:41.132Z",
      "note": "",
      "date": "Fri Apr 25 2025",
      "intensity": 2
    },
    {
      "id": 1745568642132,
      "type": "smoked",
      "category": "vaping",
      "timestamp": "2025-04-25T08:10:42.132Z",
      "note": "",
      "date": "Fri Apr 25 2025"
    },
    {
      "id": 1745571727132,
      "type": "smoked",
      "category": "vaping",
      "timestamp": "2025-04-25T09:02:07.132Z",
      "note": "",
      "date": "Fri Apr 25 2025"
    },
    {
      "id": 1745574230132,
      "type": "smoked",
      "category": "vaping",
      "timestamp": "2025-04-25T09:43:50.132Z",
      "note": "",
      "date": "Fri Apr 25 2025"
    },
    {
      "id": 1745585594135,
      "type": "craving",
      "category": "vaping",
      "timestamp": "2025-04-25T12:53:04.132Z",
      "note": "",
      "date": "Fri Apr 25 2025",
      "intensity": 3
    },
    {
      "id": 1745586025132,
      "type": "smoked",
      "category": "vaping",
      "timestamp": "2025-04-25T13:00:25.132Z",
      "note": "",
      "date": "Fri Apr 25 2025"
    },
    {
      "id": 1745588627136,
      "type": "craving",
      "category": "vaping",
      "timestamp": "2025-04-25T13:43:37.132Z",
      "note": "",
      "date": "Fri Apr 25 2025",
      "intensity": 2
    },
    {
      "id": 1745592796134,
      "type": "craving",
      "category": "vaping",
      "timestamp": "2025-04-25T14:53:06.132Z",
      "note": "",
      "date": "Fri Apr 25 2025",
      "intensity": 2
    },
    {
      "id": 1745594045132,
      "type": "craving",
      "category": "alcohol",
      "timestamp": "2025-04-25T15:13:45.132Z",
      "note": "",
      "date": "Fri Apr 25 2025",
      "intensity": 1
    },
    {
      "id": 1745603908132,
      "type": "smoked",
      "category": "vaping",
      "timestamp": "2025-04-25T17:58:28.132Z",
      "note": "",
      "date": "Fri Apr 25 2025"
    },
    {
      "id": 1745605349133,
      "type": "craving",
      "category": "alcohol",
      "timestamp": "2025-04-25T18:22:09.132Z",
      "note": "",
      "date": "Fri Apr 25 2025",
      "intensity": 2
    },
    {
      "id": 1745606083132,
      "type": "smoked",
      "category": "vaping",
      "timestamp": "2025-04-25T18:34:43.132Z",
      "note": "",
      "date": "Fri Apr 25 2025"
    },
    {
      "id": 1745612586132,
      "type": "smoked",
      "category": "alcohol",
      "timestamp": "2025-04-25T20:23:06.132Z",
      "note": "",
      "date": "Fri Apr 25 2025",
      "cost": 1
    },
    {
      "id": 1745612611132,
      "type": "smoked",
      "category": "vaping",
      "timestamp": "2025-04-25T20:23:31.132Z",
      "note": "",
      "date": "Fri Apr 25 2025"
    },
    {
      "id": 1745614420132,
      "type": "craving",
      "category": "vaping",
      "timestamp": "2025-04-25T20:53:30.132Z",
      "note": "",
      "date": "Fri Apr 25 2025",
      "intensity": 1
    },
    {
      "id": 1745617286132,
      "type": "smoked",
      "category": "vaping",
      "timestamp": "2025-04-25T21:41:26.132Z",
      "note": "",
      "date": "Fri Apr 25 2025"
    },
    {
      "id": 1745621493134,
      "type": "smoked",
      "category": "alcohol",
      "timestamp": "2025-04-25T22:51:33.132Z",
      "note": "",
      "date": "Fri Apr 25 2025",
      "cost": 1
    },
    {
      "id": 1745621853133,
      "type": "smoked",
      "category": "alcohol",
      "timestamp": "2025-04-25T22:57:33.132Z",
      "note": "",
      "date": "Fri Apr 25 2025",
      "cost": 1
    },
    {
      "id": 1745652079132,
      "type": "smoked",
      "category": "vaping",
      "timestamp": "2025-04-26T07:21:19.132Z",
      "note": "",
      "date": "Sat Apr 26 2025"
    },
    {
      "id": 1745656276132,
      "type": "smoked",
      "category": "vaping",
      "timestamp": "2025-04-26T08:31:16.132Z",
      "note": "",
      "date": "Sat Apr 26 2025"
    },
    {
      "id": 1745664197132,
      "type": "craving",
      "category": "vaping",
      "timestamp": "2025-04-26T10:43:07.132Z",
      "note": "",
      "date": "Sat Apr 26 2025",
      "intensity": 2
    },
    {
      "id": 1745666449132,
      "type": "smoked",
      "category": "vaping",
      "timestamp": "2025-04-26T11:20:49.132Z",
      "note": "",
      "date": "Sat Apr 26 2025"
    },
    {
      "id": 1745667442133,
      "type": "craving",
      "category": "vaping",
      "timestamp": "2025-04-26T11:37:12.132Z",
      "note": "",
      "date": "Sat Apr 26 2025",
      "intensity": 3
    },
    {
      "id": 1745679003132,
      "type": "smoked",
      "category": "vaping",
      "timestamp": "2025-04-26T14:50:03.132Z",
      "note": "",
      "date": "Sat Apr 26 2025"
    },
    {
      "id": 1745684528133,
      "type": "craving",
      "category": "alcohol",
      "timestamp": "2025-04-26T16:21:48.132Z",
      "note": "",
      "date": "Sat Apr 26 2025",
      "intensity": 1
    },
    {
      "id": 1745688426132,
      "type": "craving",
      "category": "alcohol",
      "timestamp": "2025-04-26T17:26:46.132Z",
      "note": "",
      "date": "Sat Apr 26 2025",
      "intensity": 3
    },
    {
      "id": 1745689076132,
      "type": "smoked",
      "category": "vaping",
      "timestamp": "2025-04-26T17:37:56.132Z",
      "note": "",
      "date": "Sat Apr 26 2025"
    },
    {
      "id": 1745693543134,
      "type": "craving",
      "category": "vaping",
      "timestamp": "2025-04-26T18:52:13.132Z",
      "note": "",
      "date": "Sat Apr 26 2025",
      "intensity": 2
    },
    {
      "id": 1745695548134,
      "type": "smoked",
      "category": "alcohol",
      "timestamp": "2025-04-26T19:25:48.132Z",
      "note": "",
      "date": "Sat Apr 26 2025",
      "cost": 1.25
    },
    {
      "id": 1745698807135,
      "type": "craving",
      "category": "vaping",
      "timestamp": "2025-04-26T20:19:57.132Z",
      "note": "",
      "date": "Sat Apr 26 2025",
      "intensity": 2
    },
    {
      "id": 1745699449133,
      "type": "smoked",
      "category": "alcohol",
      "timestamp": "2025-04-26T20:30:49.132Z",
      "note": "",
      "date": "Sat Apr 26 2025",
      "cost": 0.75
    },
    {
      "id": 1745700269132,
      "type": "smoked",
      "category": "vaping",
      "timestamp": "2025-04-26T20:44:29.132Z",
      "note": "",
      "date": "Sat Apr 26 2025"
    },
    {
      "id": 1745704818132,
      "type": "smoked",
      "category": "vaping",
      "timestamp": "2025-04-26T22:00:18.132Z",
      "note": "",
      "date": "Sat Apr 26 2025"
    },
    {
      "id": 1745706089132,
      "type": "smoked",
      "category": "alcohol",
      "timestamp": "2025-04-26T22:21:29.132Z",
      "note": "",
      "date": "Sat Apr 26 2025",
      "cost": 1
    },
    {
      "id": 1745708045132,
      "type": "smoked",
      "category": "vaping",
      "timestamp": "2025-04-26T22:54:05.132Z",
      "note": "",
      "date": "Sat Apr 26 2025"
    },
    {
      "id": 1745746831132,
      "type": "smoked",
      "category": "vaping",
      "timestamp": "2025-04-27T09:40:31.132Z",
      "note": "",
      "date": "Sun Apr 27 2025"
    },
    {
      "id": 1745746972135,
      "type": "craving",
      "category": "vaping",
      "timestamp": "2025-04-27T09:42:42.132Z",
      "note": "",
      "date": "Sun Apr 27 2025",
      "intensity": 1
    },
    {
      "id": 1745748446132,
      "type": "craving",
      "category": "vaping",
      "timestamp": "2025-04-27T10:07:16.132Z",
      "note": "",
      "date": "Sun Apr 27 2025",
      "intensity": 2
    },
    {
      "id": 1745750205132,
      "type": "smoked",
      "category": "vaping",
      "timestamp": "2025-04-27T10:36:45.132Z",
      "note": "",
      "date": "Sun Apr 27 2025"
    },
    {
      "id": 1745756164132,
      "type": "smoked",
      "category": "vaping",
      "timestamp": "2025-04-27T12:16:04.132Z",
      "note": "",
      "date": "Sun Apr 27 2025"
    },
    {
      "id": 1745764879132,
      "type": "smoked",
      "category": "vaping",
      "timestamp": "2025-04-27T14:41:19.132Z",
      "note": "",
      "date": "Sun Apr 27 2025"
    },
    {
      "id": 1745765919132,
      "type": "smoked",
      "category": "vaping",
      "timestamp": "2025-04-27T14:58:39.132Z",
      "note": "",
      "date": "Sun Apr 27 2025"
    },
    {
      "id": 1745766431134,
      "type": "craving",
      "category": "vaping",
      "timestamp": "2025-04-27T15:07:01.132Z",
      "note": "",
      "date": "Sun Apr 27 2025",
      "intensity": 3
    },
    {
      "id": 1745768374133,
      "type": "craving",
      "category": "vaping",
      "timestamp": "2025-04-27T15:39:24.132Z",
      "note": "",
      "date": "Sun Apr 27 2025",
      "intensity": 1
    },
    {
      "id": 1745770740132,
      "type": "craving",
      "category": "alcohol",
      "timestamp": "2025-04-27T16:18:40.132Z",
      "note": "",
      "date": "Sun Apr 27 2025",
      "intensity": 1
    },
    {
      "id": 1745771725132,
      "type": "smoked",
      "category": "vaping",
      "timestamp": "2025-04-27T16:35:25.132Z",
      "note": "",
      "date": "Sun Apr 27 2025"
    },
    {
      "id": 1745775314132,
      "type": "smoked",
      "category": "vaping",
      "timestamp": "2025-04-27T17:35:14.132Z",
      "note": "",
      "date": "Sun Apr 27 2025"
    },
    {
      "id": 1745775690132,
      "type": "smoked",
      "category": "vaping",
      "timestamp": "2025-04-27T17:41:30.132Z",
      "note": "",
      "date": "Sun Apr 27 2025"
    },
    {
      "id": 1745779450132,
      "type": "smoked",
      "category": "alcohol",
      "timestamp": "2025-04-27T18:44:10.132Z",
      "note": "",
      "date": "Sun Apr 27 2025",
      "cost": 1.25
    },
    {
      "id": 1745785809134,
      "type": "smoked",
      "category": "alcohol",
      "timestamp": "2025-04-27T20:30:09.132Z",
      "note": "",
      "date": "Sun Apr 27 2025",
      "cost": 1.25
    },
    {
      "id": 1745786637132,
      "type": "smoked",
      "category": "vaping",
      "timestamp": "2025-04-27T20:43:57.132Z",
      "note": "",
      "date": "Sun Apr 27 2025"
    },
    {
      "id": 1745789137133,
      "type": "smoked",
      "category": "alcohol",
      "timestamp": "2025-04-27T21:25:37.132Z",
      "note": "",
      "date": "Sun Apr 27 2025",
      "cost": 0.75
    },
    {
      "id": 1745827750133,
      "type": "craving",
      "category": "vaping",
      "timestamp": "2025-04-28T08:09:00.132Z",
      "note": "",
      "date": "Mon Apr 28 2025",
      "intensity": 2
    },
    {
      "id": 1745830280132,
      "type": "smoked",
      "category": "vaping",
      "timestamp": "2025-04-28T08:51:20.132Z",
      "note": "",
      "date": "Mon Apr 28 2025"
    },
    {
      "id": 1745831559132,
      "type": "smoked",
      "category": "vaping",
      "timestamp": "2025-04-28T09:12:39.132Z",
      "note": "",
      "date": "Mon Apr 28 2025"
    },
    {
      "id": 1745841738132,
      "type": "smoked",
      "category": "vaping",
      "timestamp": "2025-04-28T12:02:18.132Z",
      "note": "",
      "date": "Mon Apr 28 2025"
    },
    {
      "id": 1745845705132,
      "type": "smoked",
      "category": "vaping",
      "timestamp": "2025-04-28T13:08:25.132Z",
      "note": "",
      "date": "Mon Apr 28 2025"
    },
    {
      "id": 1745846475132,
      "type": "smoked",
      "category": "vaping",
      "timestamp": "2025-04-28T13:21:15.132Z",
      "note": "",
      "date": "Mon Apr 28 2025"
    },
    {
      "id": 1745847423135,
      "type": "craving",
      "category": "vaping",
      "timestamp": "2025-04-28T13:36:53.132Z",
      "note": "",
      "date": "Mon Apr 28 2025",
      "intensity": 2
    },
    {
      "id": 1745848722132,
      "type": "craving",
      "category": "vaping",
      "timestamp": "2025-04-28T13:58:32.132Z",
      "note": "",
      "date": "Mon Apr 28 2025",
      "intensity": 1
    },
    {
      "id": 1745848771137,
      "type": "craving",
      "category": "vaping",
      "timestamp": "2025-04-28T13:59:21.132Z",
      "note": "",
      "date": "Mon Apr 28 2025",
      "intensity": 3
    },
    {
      "id": 1745849228132,
      "type": "smoked",
      "category": "vaping",
      "timestamp": "2025-04-28T14:07:08.132Z",
      "note": "",
      "date": "Mon Apr 28 2025"
    },
    {
      "id": 1745852957133,
      "type": "craving",
      "category": "alcohol",
      "timestamp": "2025-04-28T15:08:57.132Z",
      "note": "",
      "date": "Mon Apr 28 2025",
      "intensity": 2
    },
    {
      "id": 1745854460134,
      "type": "craving",
      "category": "vaping",
      "timestamp": "2025-04-28T15:34:10.132Z",
      "note": "",
      "date": "Mon Apr 28 2025",
      "intensity": 2
    },
    {
      "id": 1745855571132,
      "type": "smoked",
      "category": "vaping",
      "timestamp": "2025-04-28T15:52:51.132Z",
      "note": "",
      "date": "Mon Apr 28 2025"
    },
    {
      "id": 1745855921132,
      "type": "craving",
      "category": "alcohol",
      "timestamp": "2025-04-28T15:58:21.132Z",
      "note": "",
      "date": "Mon Apr 28 2025",
      "intensity": 2
    },
    {
      "id": 1745860327136,
      "type": "craving",
      "category": "vaping",
      "timestamp": "2025-04-28T17:11:57.132Z",
      "note": "",
      "date": "Mon Apr 28 2025",
      "intensity": 2
    },
    {
      "id": 1745860354132,
      "type": "smoked",
      "category": "vaping",
      "timestamp": "2025-04-28T17:12:34.132Z",
      "note": "",
      "date": "Mon Apr 28 2025"
    },
    {
      "id": 1745860898132,
      "type": "smoked",
      "category": "vaping",
      "timestamp": "2025-04-28T17:21:38.132Z",
      "note": "",
      "date": "Mon Apr 28 2025"
    },
    {
      "id": 1745861338132,
      "type": "smoked",
      "category": "vaping",
      "timestamp": "2025-04-28T17:28:58.132Z",
      "note": "",
      "date": "Mon Apr 28 2025"
    },
    {
      "id": 1745864638132,
      "type": "smoked",
      "category": "alcohol",
      "timestamp": "2025-04-28T18:23:58.132Z",
      "note": "",
      "date": "Mon Apr 28 2025",
      "cost": 1.25
    },
    {
      "id": 1745870720132,
      "type": "smoked",
      "category": "vaping",
      "timestamp": "2025-04-28T20:05:20.132Z",
      "note": "",
      "date": "Mon Apr 28 2025"
    },
    {
      "id": 1745870924135,
      "type": "smoked",
      "category": "alcohol",
      "timestamp": "2025-04-28T20:08:44.132Z",
      "note": "",
      "date": "Mon Apr 28 2025",
      "cost": 1
    },
    {
      "id": 1745876661134,
      "type": "smoked",
      "category": "alcohol",
      "timestamp": "2025-04-28T21:44:21.132Z",
      "note": "",
      "date": "Mon Apr 28 2025",
      "cost": 1.25
    },
    {
      "id": 1745878235133,
      "type": "smoked",
      "category": "alcohol",
      "timestamp": "2025-04-28T22:10:35.132Z",
      "note": "",
      "date": "Mon Apr 28 2025",
      "cost": 1
    },
    {
      "id": 1745911544132,
      "type": "craving",
      "category": "vaping",
      "timestamp": "2025-04-29T07:25:34.132Z",
      "note": "",
      "date": "Tue Apr 29 2025",
      "intensity": 1
    },
    {
      "id": 1745913562132,
      "type": "smoked",
      "category": "vaping",
      "timestamp": "2025-04-29T07:59:22.132Z",
      "note": "",
      "date": "Tue Apr 29 2025"
    },
    {
      "id": 1745915849133,
      "type": "craving",
      "category": "vaping",
      "timestamp": "2025-04-29T08:37:19.132Z",
      "note": "",
      "date": "Tue Apr 29 2025",
      "intensity": 2
    },
    {
      "id": 1745924834137,
      "type": "craving",
      "category": "vaping",
      "timestamp": "2025-04-29T11:07:04.132Z",
      "note": "",
      "date": "Tue Apr 29 2025",
      "intensity": 2
    },
    {
      "id": 1745935367132,
      "type": "smoked",
      "category": "vaping",
      "timestamp": "2025-04-29T14:02:47.132Z",
      "note": "",
      "date": "Tue Apr 29 2025"
    },
    {
      "id": 1745937311132,
      "type": "smoked",
      "category": "vaping",
      "timestamp": "2025-04-29T14:35:11.132Z",
      "note": "",
      "date": "Tue Apr 29 2025"
    },
    {
      "id": 1745939469132,
      "type": "craving",
      "category": "alcohol",
      "timestamp": "2025-04-29T15:10:49.132Z",
      "note": "",
      "date": "Tue Apr 29 2025",
      "intensity": 1
    },
    {
      "id": 1745939576132,
      "type": "smoked",
      "category": "vaping",
      "timestamp": "2025-04-29T15:12:56.132Z",
      "note": "",
      "date": "Tue Apr 29 2025"
    },
    {
      "id": 1745940252134,
      "type": "craving",
      "category": "vaping",
      "timestamp": "2025-04-29T15:24:02.132Z",
      "note": "",
      "date": "Tue Apr 29 2025",
      "intensity": 2
    },
    {
      "id": 1745941122132,
      "type": "smoked",
      "category": "vaping",
      "timestamp": "2025-04-29T15:38:42.132Z",
      "note": "",
      "date": "Tue Apr 29 2025"
    },
    {
      "id": 1745941212133,
      "type": "craving",
      "category": "alcohol",
      "timestamp": "2025-04-29T15:39:52.132Z",
      "note": "",
      "date": "Tue Apr 29 2025",
      "intensity": 2
    },
    {
      "id": 1745944527132,
      "type": "smoked",
      "category": "vaping",
      "timestamp": "2025-04-29T16:35:27.132Z",
      "note": "",
      "date": "Tue Apr 29 2025"
    },
    {
      "id": 1745948997136,
      "type": "smoked",
      "category": "alcohol",
      "timestamp": "2025-04-29T17:49:57.132Z",
      "note": "",
      "date": "Tue Apr 29 2025",
      "cost": 1
    },
    {
      "id": 1745949022136,
      "type": "craving",
      "category": "vaping",
      "timestamp": "2025-04-29T17:50:12.132Z",
      "note": "",
      "date": "Tue Apr 29 2025",
      "intensity": 1
    },
    {
      "id": 1745950657132,
      "type": "smoked",
      "category": "vaping",
      "timestamp": "2025-04-29T18:17:37.132Z",
      "note": "",
      "date": "Tue Apr 29 2025"
    },
    {
      "id": 1745951266137,
      "type": "smoked",
      "category": "alcohol",
      "timestamp": "2025-04-29T18:27:46.132Z",
      "note": "",
      "date": "Tue Apr 29 2025",
      "cost": 1
    },
    {
      "id": 1745954273132,
      "type": "smoked",
      "category": "vaping",
      "timestamp": "2025-04-29T19:17:53.132Z",
      "note": "",
      "date": "Tue Apr 29 2025"
    },
    {
      "id": 1745955615132,
      "type": "smoked",
      "category": "vaping",
      "timestamp": "2025-04-29T19:40:15.132Z",
      "note": "",
      "date": "Tue Apr 29 2025"
    },
    {
      "id": 1745955786135,
      "type": "smoked",
      "category": "alcohol",
      "timestamp": "2025-04-29T19:43:06.132Z",
      "note": "",
      "date": "Tue Apr 29 2025",
      "cost": 1
    },
    {
      "id": 1745958897132,
      "type": "smoked",
      "category": "vaping",
      "timestamp": "2025-04-29T20:34:57.132Z",
      "note": "",
      "date": "Tue Apr 29 2025"
    },
    {
      "id": 1745959646133,
      "type": "smoked",
      "category": "alcohol",
      "timestamp": "2025-04-29T20:47:26.132Z",
      "note": "",
      "date": "Tue Apr 29 2025",
      "cost": 1.25
    },
    {
      "id": 1745962727132,
      "type": "smoked",
      "category": "vaping",
      "timestamp": "2025-04-29T21:38:47.132Z",
      "note": "",
      "date": "Tue Apr 29 2025"
    },
    {
      "id": 1745963591135,
      "type": "craving",
      "category": "vaping",
      "timestamp": "2025-04-29T21:53:01.132Z",
      "note": "",
      "date": "Tue Apr 29 2025",
      "intensity": 1
    },
    {
      "id": 1745964790132,
      "type": "smoked",
      "category": "alcohol",
      "timestamp": "2025-04-29T22:13:10.132Z",
      "note": "",
      "date": "Tue Apr 29 2025",
      "cost": 1
    },
    {
      "id": 1745965122134,
      "type": "smoked",
      "category": "alcohol",
      "timestamp": "2025-04-29T22:18:42.132Z",
      "note": "",
      "date": "Tue Apr 29 2025",
      "cost": 0.75
    },
    {
      "id": 1745998998135,
      "type": "craving",
      "category": "vaping",
      "timestamp": "2025-04-30T07:43:08.132Z",
      "note": "",
      "date": "Wed Apr 30 2025",
      "intensity": 2
    },
    {
      "id": 1745999635132,
      "type": "smoked",
      "category": "vaping",
      "timestamp": "2025-04-30T07:53:55.132Z",
      "note": "",
      "date": "Wed Apr 30 2025"
    },
    {
      "id": 1746006045132,
      "type": "smoked",
      "category": "vaping",
      "timestamp": "2025-04-30T09:40:45.132Z",
      "note": "",
      "date": "Wed Apr 30 2025"
    },
    {
      "id": 1746008384132,
      "type": "smoked",
      "category": "vaping",
      "timestamp": "2025-04-30T10:19:44.132Z",
      "note": "",
      "date": "Wed Apr 30 2025"
    },
    {
      "id": 1746010733132,
      "type": "smoked",
      "category": "vaping",
      "timestamp": "2025-04-30T10:58:53.132Z",
      "note": "",
      "date": "Wed Apr 30 2025"
    },
    {
      "id": 1746011438132,
      "type": "smoked",
      "category": "vaping",
      "timestamp": "2025-04-30T11:10:38.132Z",
      "note": "",
      "date": "Wed Apr 30 2025"
    },
    {
      "id": 1746013637132,
      "type": "smoked",
      "category": "vaping",
      "timestamp": "2025-04-30T11:47:17.132Z",
      "note": "",
      "date": "Wed Apr 30 2025"
    },
    {
      "id": 1746023816132,
      "type": "smoked",
      "category": "vaping",
      "timestamp": "2025-04-30T14:36:56.132Z",
      "note": "",
      "date": "Wed Apr 30 2025"
    },
    {
      "id": 1746025861132,
      "type": "craving",
      "category": "alcohol",
      "timestamp": "2025-04-30T15:10:41.132Z",
      "note": "",
      "date": "Wed Apr 30 2025",
      "intensity": 1
    },
    {
      "id": 1746027798133,
      "type": "craving",
      "category": "vaping",
      "timestamp": "2025-04-30T15:43:08.132Z",
      "note": "",
      "date": "Wed Apr 30 2025",
      "intensity": 2
    },
    {
      "id": 1746028301133,
      "type": "craving",
      "category": "alcohol",
      "timestamp": "2025-04-30T15:51:21.132Z",
      "note": "",
      "date": "Wed Apr 30 2025",
      "intensity": 2
    },
    {
      "id": 1746033792135,
      "type": "smoked",
      "category": "alcohol",
      "timestamp": "2025-04-30T17:23:12.132Z",
      "note": "",
      "date": "Wed Apr 30 2025",
      "cost": 0.75
    },
    {
      "id": 1746040227132,
      "type": "smoked",
      "category": "vaping",
      "timestamp": "2025-04-30T19:10:27.132Z",
      "note": "",
      "date": "Wed Apr 30 2025"
    },
    {
      "id": 1746042060136,
      "type": "smoked",
      "category": "alcohol",
      "timestamp": "2025-04-30T19:41:00.132Z",
      "note": "",
      "date": "Wed Apr 30 2025",
      "cost": 1
    },
    {
      "id": 1746045343134,
      "type": "craving",
      "category": "vaping",
      "timestamp": "2025-04-30T20:35:33.132Z",
      "note": "",
      "date": "Wed Apr 30 2025",
      "intensity": 3
    },
    {
      "id": 1746046537132,
      "type": "smoked",
      "category": "alcohol",
      "timestamp": "2025-04-30T20:55:37.132Z",
      "note": "",
      "date": "Wed Apr 30 2025",
      "cost": 1.25
    },
    {
      "id": 1746048154137,
      "type": "smoked",
      "category": "alcohol",
      "timestamp": "2025-04-30T21:22:34.132Z",
      "note": "",
      "date": "Wed Apr 30 2025",
      "cost": 1
    },
    {
      "id": 1746048743133,
      "type": "smoked",
      "category": "alcohol",
      "timestamp": "2025-04-30T21:32:23.132Z",
      "note": "",
      "date": "Wed Apr 30 2025",
      "cost": 1
    },
    {
      "id": 1746050041134,
      "type": "smoked",
      "category": "alcohol",
      "timestamp": "2025-04-30T21:54:01.132Z",
      "note": "",
      "date": "Wed Apr 30 2025",
      "cost": 1
    },
    {
      "id": 1746051469132,
      "type": "craving",
      "category": "vaping",
      "timestamp": "2025-04-30T22:17:39.132Z",
      "note": "",
      "date": "Wed Apr 30 2025",
      "intensity": 1
    },
    {
      "id": 1746084514132,
      "type": "craving",
      "category": "vaping",
      "timestamp": "2025-05-01T07:28:24.132Z",
      "note": "",
      "date": "Thu May 01 2025",
      "intensity": 2
    },
    {
      "id": 1746086720132,
      "type": "smoked",
      "category": "vaping",
      "timestamp": "2025-05-01T08:05:20.132Z",
      "note": "",
      "date": "Thu May 01 2025"
    },
    {
      "id": 1746088367136,
      "type": "craving",
      "category": "vaping",
      "timestamp": "2025-05-01T08:32:37.132Z",
      "note": "",
      "date": "Thu May 01 2025",
      "intensity": 1
    },
    {
      "id": 1746093012135,
      "type": "craving",
      "category": "vaping",
      "timestamp": "2025-05-01T09:50:02.132Z",
      "note": "",
      "date": "Thu May 01 2025",
      "intensity": 2
    },
    {
      "id": 1746096306133,
      "type": "craving",
      "category": "vaping",
      "timestamp": "2025-05-01T10:44:56.132Z",
      "note": "",
      "date": "Thu May 01 2025",
      "intensity": 2
    },
    {
      "id": 1746096442132,
      "type": "smoked",
      "category": "vaping",
      "timestamp": "2025-05-01T10:47:22.132Z",
      "note": "",
      "date": "Thu May 01 2025"
    },
    {
      "id": 1746097317132,
      "type": "smoked",
      "category": "vaping",
      "timestamp": "2025-05-01T11:01:57.132Z",
      "note": "",
      "date": "Thu May 01 2025"
    },
    {
      "id": 1746101355132,
      "type": "smoked",
      "category": "vaping",
      "timestamp": "2025-05-01T12:09:15.132Z",
      "note": "",
      "date": "Thu May 01 2025"
    },
    {
      "id": 1746107020132,
      "type": "smoked",
      "category": "vaping",
      "timestamp": "2025-05-01T13:43:40.132Z",
      "note": "",
      "date": "Thu May 01 2025"
    },
    {
      "id": 1746115426132,
      "type": "smoked",
      "category": "vaping",
      "timestamp": "2025-05-01T16:03:46.132Z",
      "note": "",
      "date": "Thu May 01 2025"
    },
    {
      "id": 1746118747132,
      "type": "smoked",
      "category": "vaping",
      "timestamp": "2025-05-01T16:59:07.132Z",
      "note": "",
      "date": "Thu May 01 2025"
    },
    {
      "id": 1746119494137,
      "type": "smoked",
      "category": "alcohol",
      "timestamp": "2025-05-01T17:11:34.132Z",
      "note": "",
      "date": "Thu May 01 2025",
      "cost": 1.25
    },
    {
      "id": 1746119928132,
      "type": "craving",
      "category": "alcohol",
      "timestamp": "2025-05-01T17:18:28.132Z",
      "note": "",
      "date": "Thu May 01 2025",
      "intensity": 1
    },
    {
      "id": 1746122792132,
      "type": "smoked",
      "category": "vaping",
      "timestamp": "2025-05-01T18:06:32.132Z",
      "note": "",
      "date": "Thu May 01 2025"
    },
    {
      "id": 1746124129132,
      "type": "smoked",
      "category": "vaping",
      "timestamp": "2025-05-01T18:28:49.132Z",
      "note": "",
      "date": "Thu May 01 2025"
    },
    {
      "id": 1746124643135,
      "type": "smoked",
      "category": "alcohol",
      "timestamp": "2025-05-01T18:37:23.132Z",
      "note": "",
      "date": "Thu May 01 2025",
      "cost": 1
    },
    {
      "id": 1746125016133,
      "type": "smoked",
      "category": "alcohol",
      "timestamp": "2025-05-01T18:43:36.132Z",
      "note": "",
      "date": "Thu May 01 2025",
      "cost": 1
    },
    {
      "id": 1746125402132,
      "type": "smoked",
      "category": "alcohol",
      "timestamp": "2025-05-01T18:50:02.132Z",
      "note": "",
      "date": "Thu May 01 2025",
      "cost": 1.25
    },
    {
      "id": 1746129400134,
      "type": "smoked",
      "category": "alcohol",
      "timestamp": "2025-05-01T19:56:40.132Z",
      "note": "",
      "date": "Thu May 01 2025",
      "cost": 1
    },
    {
      "id": 1746133468136,
      "type": "smoked",
      "category": "alcohol",
      "timestamp": "2025-05-01T21:04:28.132Z",
      "note": "",
      "date": "Thu May 01 2025",
      "cost": 0.75
    },
    {
      "id": 1746135290134,
      "type": "craving",
      "category": "vaping",
      "timestamp": "2025-05-01T21:34:40.132Z",
      "note": "",
      "date": "Thu May 01 2025",
      "intensity": 3
    },
    {
      "id": 1746172639132,
      "type": "smoked",
      "category": "vaping",
      "timestamp": "2025-05-02T07:57:19.132Z",
      "note": "",
      "date": "Fri May 02 2025"
    },
    {
      "id": 1746180752132,
      "type": "smoked",
      "category": "vaping",
      "timestamp": "2025-05-02T10:12:32.132Z",
      "note": "",
      "date": "Fri May 02 2025"
    },
    {
      "id": 1746187464132,
      "type": "smoked",
      "category": "vaping",
      "timestamp": "2025-05-02T12:04:24.132Z",
      "note": "",
      "date": "Fri May 02 2025"
    },
    {
      "id": 1746187545132,
      "type": "smoked",
      "category": "vaping",
      "timestamp": "2025-05-02T12:05:45.132Z",
      "note": "",
      "date": "Fri May 02 2025"
    },
    {
      "id": 1746191296132,
      "type": "smoked",
      "category": "vaping",
      "timestamp": "2025-05-02T13:08:16.132Z",
      "note": "",
      "date": "Fri May 02 2025"
    },
    {
      "id": 1746192498132,
      "type": "smoked",
      "category": "vaping",
      "timestamp": "2025-05-02T13:28:18.132Z",
      "note": "",
      "date": "Fri May 02 2025"
    },
    {
      "id": 1746198058134,
      "type": "craving",
      "category": "vaping",
      "timestamp": "2025-05-02T15:00:48.132Z",
      "note": "",
      "date": "Fri May 02 2025",
      "intensity": 1
    },
    {
      "id": 1746200775133,
      "type": "craving",
      "category": "vaping",
      "timestamp": "2025-05-02T15:46:05.132Z",
      "note": "",
      "date": "Fri May 02 2025",
      "intensity": 3
    },
    {
      "id": 1746207202132,
      "type": "smoked",
      "category": "vaping",
      "timestamp": "2025-05-02T17:33:22.132Z",
      "note": "",
      "date": "Fri May 02 2025"
    },
    {
      "id": 1746207274134,
      "type": "smoked",
      "category": "alcohol",
      "timestamp": "2025-05-02T17:34:34.132Z",
      "note": "",
      "date": "Fri May 02 2025",
      "cost": 1
    },
    {
      "id": 1746207469132,
      "type": "craving",
      "category": "alcohol",
      "timestamp": "2025-05-02T17:37:29.132Z",
      "note": "",
      "date": "Fri May 02 2025",
      "intensity": 2
    },
    {
      "id": 1746211173135,
      "type": "smoked",
      "category": "alcohol",
      "timestamp": "2025-05-02T18:39:33.132Z",
      "note": "",
      "date": "Fri May 02 2025",
      "cost": 1
    },
    {
      "id": 1746213752132,
      "type": "smoked",
      "category": "alcohol",
      "timestamp": "2025-05-02T19:22:32.132Z",
      "note": "",
      "date": "Fri May 02 2025",
      "cost": 1.25
    },
    {
      "id": 1746220782132,
      "type": "craving",
      "category": "vaping",
      "timestamp": "2025-05-02T21:19:32.132Z",
      "note": "",
      "date": "Fri May 02 2025",
      "intensity": 2
    },
    {
      "id": 1746222269133,
      "type": "smoked",
      "category": "alcohol",
      "timestamp": "2025-05-02T21:44:29.132Z",
      "note": "",
      "date": "Fri May 02 2025",
      "cost": 1.25
    },
    {
      "id": 1746224140132,
      "type": "smoked",
      "category": "vaping",
      "timestamp": "2025-05-02T22:15:40.132Z",
      "note": "",
      "date": "Fri May 02 2025"
    },
    {
      "id": 1746225854132,
      "type": "smoked",
      "category": "vaping",
      "timestamp": "2025-05-02T22:44:14.132Z",
      "note": "",
      "date": "Fri May 02 2025"
    },
    {
      "id": 1746255679132,
      "type": "smoked",
      "category": "vaping",
      "timestamp": "2025-05-03T07:01:19.132Z",
      "note": "",
      "date": "Sat May 03 2025"
    },
    {
      "id": 1746263125133,
      "type": "craving",
      "category": "vaping",
      "timestamp": "2025-05-03T09:05:15.132Z",
      "note": "",
      "date": "Sat May 03 2025",
      "intensity": 2
    },
    {
      "id": 1746272059135,
      "type": "craving",
      "category": "vaping",
      "timestamp": "2025-05-03T11:34:09.132Z",
      "note": "",
      "date": "Sat May 03 2025",
      "intensity": 1
    },
    {
      "id": 1746276372132,
      "type": "smoked",
      "category": "vaping",
      "timestamp": "2025-05-03T12:46:12.132Z",
      "note": "",
      "date": "Sat May 03 2025"
    },
    {
      "id": 1746277350137,
      "type": "craving",
      "category": "vaping",
      "timestamp": "2025-05-03T13:02:20.132Z",
      "note": "",
      "date": "Sat May 03 2025",
      "intensity": 1
    },
    {
      "id": 1746282626132,
      "type": "smoked",
      "category": "vaping",
      "timestamp": "2025-05-03T14:30:26.132Z",
      "note": "",
      "date": "Sat May 03 2025"
    },
    {
      "id": 1746286936132,
      "type": "craving",
      "category": "alcohol",
      "timestamp": "2025-05-03T15:41:56.132Z",
      "note": "",
      "date": "Sat May 03 2025",
      "intensity": 2
    },
    {
      "id": 1746290042132,
      "type": "smoked",
      "category": "vaping",
      "timestamp": "2025-05-03T16:34:02.132Z",
      "note": "",
      "date": "Sat May 03 2025"
    },
    {
      "id": 1746292969135,
      "type": "smoked",
      "category": "alcohol",
      "timestamp": "2025-05-03T17:22:49.132Z",
      "note": "",
      "date": "Sat May 03 2025",
      "cost": 1
    },
    {
      "id": 1746293869132,
      "type": "smoked",
      "category": "vaping",
      "timestamp": "2025-05-03T17:37:49.132Z",
      "note": "",
      "date": "Sat May 03 2025"
    },
    {
      "id": 1746297514136,
      "type": "craving",
      "category": "vaping",
      "timestamp": "2025-05-03T18:38:24.132Z",
      "note": "",
      "date": "Sat May 03 2025",
      "intensity": 2
    },
    {
      "id": 1746298541134,
      "type": "craving",
      "category": "vaping",
      "timestamp": "2025-05-03T18:55:31.132Z",
      "note": "",
      "date": "Sat May 03 2025",
      "intensity": 3
    },
    {
      "id": 1746303330136,
      "type": "smoked",
      "category": "alcohol",
      "timestamp": "2025-05-03T20:15:30.132Z",
      "note": "",
      "date": "Sat May 03 2025",
      "cost": 1
    },
    {
      "id": 1746304164134,
      "type": "smoked",
      "category": "alcohol",
      "timestamp": "2025-05-03T20:29:24.132Z",
      "note": "",
      "date": "Sat May 03 2025",
      "cost": 1.25
    },
    {
      "id": 1746307638132,
      "type": "smoked",
      "category": "alcohol",
      "timestamp": "2025-05-03T21:27:18.132Z",
      "note": "",
      "date": "Sat May 03 2025",
      "cost": 0.75
    },
    {
      "id": 1746309581132,
      "type": "craving",
      "category": "vaping",
      "timestamp": "2025-05-03T21:59:31.132Z",
      "note": "",
      "date": "Sat May 03 2025",
      "intensity": 2
    },
    {
      "id": 1746310112132,
      "type": "smoked",
      "category": "vaping",
      "timestamp": "2025-05-03T22:08:32.132Z",
      "note": "",
      "date": "Sat May 03 2025"
    },
    {
      "id": 1746311989137,
      "type": "smoked",
      "category": "alcohol",
      "timestamp": "2025-05-03T22:39:49.132Z",
      "note": "",
      "date": "Sat May 03 2025",
      "cost": 1
    },
    {
      "id": 1746312551133,
      "type": "smoked",
      "category": "alcohol",
      "timestamp": "2025-05-03T22:49:11.132Z",
      "note": "",
      "date": "Sat May 03 2025",
      "cost": 1
    },
    {
      "id": 1746312998132,
      "type": "smoked",
      "category": "vaping",
      "timestamp": "2025-05-03T22:56:38.132Z",
      "note": "",
      "date": "Sat May 03 2025"
    },
    {
      "id": 1746313131132,
      "type": "smoked",
      "category": "vaping",
      "timestamp": "2025-05-03T22:58:51.132Z",
      "note": "",
      "date": "Sat May 03 2025"
    },
    {
      "id": 1746343591135,
      "type": "craving",
      "category": "vaping",
      "timestamp": "2025-05-04T07:26:21.132Z",
      "note": "",
      "date": "Sun May 04 2025",
      "intensity": 1
    },
    {
      "id": 1746344889132,
      "type": "smoked",
      "category": "vaping",
      "timestamp": "2025-05-04T07:48:09.132Z",
      "note": "",
      "date": "Sun May 04 2025"
    },
    {
      "id": 1746349354132,
      "type": "smoked",
      "category": "vaping",
      "timestamp": "2025-05-04T09:02:34.132Z",
      "note": "",
      "date": "Sun May 04 2025"
    },
    {
      "id": 1746354932132,
      "type": "smoked",
      "category": "vaping",
      "timestamp": "2025-05-04T10:35:32.132Z",
      "note": "",
      "date": "Sun May 04 2025"
    },
    {
      "id": 1746359012132,
      "type": "smoked",
      "category": "vaping",
      "timestamp": "2025-05-04T11:43:32.132Z",
      "note": "",
      "date": "Sun May 04 2025"
    },
    {
      "id": 1746380633132,
      "type": "craving",
      "category": "alcohol",
      "timestamp": "2025-05-04T17:43:33.132Z",
      "note": "",
      "date": "Sun May 04 2025",
      "intensity": 1
    },
    {
      "id": 1746381400133,
      "type": "smoked",
      "category": "alcohol",
      "timestamp": "2025-05-04T17:56:40.132Z",
      "note": "",
      "date": "Sun May 04 2025",
      "cost": 1
    },
    {
      "id": 1746383538134,
      "type": "smoked",
      "category": "alcohol",
      "timestamp": "2025-05-04T18:32:18.132Z",
      "note": "",
      "date": "Sun May 04 2025",
      "cost": 0.75
    },
    {
      "id": 1746384241132,
      "type": "smoked",
      "category": "vaping",
      "timestamp": "2025-05-04T18:44:01.132Z",
      "note": "",
      "date": "Sun May 04 2025"
    },
    {
      "id": 1746384363134,
      "type": "craving",
      "category": "vaping",
      "timestamp": "2025-05-04T18:45:53.132Z",
      "note": "",
      "date": "Sun May 04 2025",
      "intensity": 1
    },
    {
      "id": 1746385852132,
      "type": "smoked",
      "category": "vaping",
      "timestamp": "2025-05-04T19:10:52.132Z",
      "note": "",
      "date": "Sun May 04 2025"
    },
    {
      "id": 1746388879136,
      "type": "smoked",
      "category": "alcohol",
      "timestamp": "2025-05-04T20:01:19.132Z",
      "note": "",
      "date": "Sun May 04 2025",
      "cost": 1
    },
    {
      "id": 1746390555137,
      "type": "smoked",
      "category": "alcohol",
      "timestamp": "2025-05-04T20:29:15.132Z",
      "note": "",
      "date": "Sun May 04 2025",
      "cost": 0.75
    },
    {
      "id": 1746391352132,
      "type": "craving",
      "category": "vaping",
      "timestamp": "2025-05-04T20:42:22.132Z",
      "note": "",
      "date": "Sun May 04 2025",
      "intensity": 1
    },
    {
      "id": 1746391442135,
      "type": "smoked",
      "category": "alcohol",
      "timestamp": "2025-05-04T20:44:02.132Z",
      "note": "",
      "date": "Sun May 04 2025",
      "cost": 0.75
    },
    {
      "id": 1746394170132,
      "type": "smoked",
      "category": "alcohol",
      "timestamp": "2025-05-04T21:29:30.132Z",
      "note": "",
      "date": "Sun May 04 2025",
      "cost": 1.25
    },
    {
      "id": 1746395891132,
      "type": "smoked",
      "category": "vaping",
      "timestamp": "2025-05-04T21:58:11.132Z",
      "note": "",
      "date": "Sun May 04 2025"
    },
    {
      "id": 1746396642132,
      "type": "smoked",
      "category": "vaping",
      "timestamp": "2025-05-04T22:10:42.132Z",
      "note": "",
      "date": "Sun May 04 2025"
    },
    {
      "id": 1746398915133,
      "type": "craving",
      "category": "vaping",
      "timestamp": "2025-05-04T22:48:25.132Z",
      "note": "",
      "date": "Sun May 04 2025",
      "intensity": 1
    },
    {
      "id": 1746429334132,
      "type": "craving",
      "category": "vaping",
      "timestamp": "2025-05-05T07:15:24.132Z",
      "note": "",
      "date": "Mon May 05 2025",
      "intensity": 2
    },
    {
      "id": 1746433024132,
      "type": "smoked",
      "category": "vaping",
      "timestamp": "2025-05-05T08:17:04.132Z",
      "note": "",
      "date": "Mon May 05 2025"
    },
    {
      "id": 1746434513132,
      "type": "smoked",
      "category": "vaping",
      "timestamp": "2025-05-05T08:41:53.132Z",
      "note": "",
      "date": "Mon May 05 2025"
    },
    {
      "id": 1746435303132,
      "type": "smoked",
      "category": "vaping",
      "timestamp": "2025-05-05T08:55:03.132Z",
      "note": "",
      "date": "Mon May 05 2025"
    },
    {
      "id": 1746437481132,
      "type": "smoked",
      "category": "vaping",
      "timestamp": "2025-05-05T09:31:21.132Z",
      "note": "",
      "date": "Mon May 05 2025"
    },
    {
      "id": 1746442647132,
      "type": "smoked",
      "category": "vaping",
      "timestamp": "2025-05-05T10:57:27.132Z",
      "note": "",
      "date": "Mon May 05 2025"
    },
    {
      "id": 1746456211132,
      "type": "smoked",
      "category": "vaping",
      "timestamp": "2025-05-05T14:43:31.132Z",
      "note": "",
      "date": "Mon May 05 2025"
    },
    {
      "id": 1746463973132,
      "type": "craving",
      "category": "alcohol",
      "timestamp": "2025-05-05T16:52:33.132Z",
      "note": "",
      "date": "Mon May 05 2025",
      "intensity": 1
    },
    {
      "id": 1746465049132,
      "type": "smoked",
      "category": "alcohol",
      "timestamp": "2025-05-05T17:10:49.132Z",
      "note": "",
      "date": "Mon May 05 2025",
      "cost": 1.25
    },
    {
      "id": 1746467096136,
      "type": "smoked",
      "category": "alcohol",
      "timestamp": "2025-05-05T17:44:56.132Z",
      "note": "",
      "date": "Mon May 05 2025",
      "cost": 0.75
    },
    {
      "id": 1746468267134,
      "type": "smoked",
      "category": "alcohol",
      "timestamp": "2025-05-05T18:04:27.132Z",
      "note": "",
      "date": "Mon May 05 2025",
      "cost": 1
    },
    {
      "id": 1746469735132,
      "type": "smoked",
      "category": "vaping",
      "timestamp": "2025-05-05T18:28:55.132Z",
      "note": "",
      "date": "Mon May 05 2025"
    },
    {
      "id": 1746470915135,
      "type": "smoked",
      "category": "alcohol",
      "timestamp": "2025-05-05T18:48:35.132Z",
      "note": "",
      "date": "Mon May 05 2025",
      "cost": 1
    },
    {
      "id": 1746473416132,
      "type": "smoked",
      "category": "vaping",
      "timestamp": "2025-05-05T19:30:16.132Z",
      "note": "",
      "date": "Mon May 05 2025"
    },
    {
      "id": 1746475538134,
      "type": "craving",
      "category": "vaping",
      "timestamp": "2025-05-05T20:05:28.132Z",
      "note": "",
      "date": "Mon May 05 2025",
      "intensity": 1
    },
    {
      "id": 1746476952137,
      "type": "smoked",
      "category": "alcohol",
      "timestamp": "2025-05-05T20:29:12.132Z",
      "note": "",
      "date": "Mon May 05 2025",
      "cost": 0.75
    },
    {
      "id": 1746482924132,
      "type": "smoked",
      "category": "vaping",
      "timestamp": "2025-05-05T22:08:44.132Z",
      "note": "",
      "date": "Mon May 05 2025"
    },
    {
      "id": 1746485302133,
      "type": "craving",
      "category": "vaping",
      "timestamp": "2025-05-05T22:48:12.132Z",
      "note": "",
      "date": "Mon May 05 2025",
      "intensity": 1
    },
    {
      "id": 1746485707133,
      "type": "smoked",
      "category": "alcohol",
      "timestamp": "2025-05-05T22:55:07.132Z",
      "note": "",
      "date": "Mon May 05 2025",
      "cost": 1.25
    },
    {
      "id": 1746517516132,
      "type": "smoked",
      "category": "vaping",
      "timestamp": "2025-05-06T07:45:16.132Z",
      "note": "",
      "date": "Tue May 06 2025"
    },
    {
      "id": 1746522946132,
      "type": "smoked",
      "category": "vaping",
      "timestamp": "2025-05-06T09:15:46.132Z",
      "note": "",
      "date": "Tue May 06 2025"
    },
    {
      "id": 1746524155132,
      "type": "smoked",
      "category": "vaping",
      "timestamp": "2025-05-06T09:35:55.132Z",
      "note": "",
      "date": "Tue May 06 2025"
    },
    {
      "id": 1746527120133,
      "type": "craving",
      "category": "vaping",
      "timestamp": "2025-05-06T10:25:10.132Z",
      "note": "",
      "date": "Tue May 06 2025",
      "intensity": 3
    },
    {
      "id": 1746527548132,
      "type": "smoked",
      "category": "vaping",
      "timestamp": "2025-05-06T10:32:28.132Z",
      "note": "",
      "date": "Tue May 06 2025"
    },
    {
      "id": 1746527720132,
      "type": "smoked",
      "category": "vaping",
      "timestamp": "2025-05-06T10:35:20.132Z",
      "note": "",
      "date": "Tue May 06 2025"
    },
    {
      "id": 1746531847132,
      "type": "smoked",
      "category": "vaping",
      "timestamp": "2025-05-06T11:44:07.132Z",
      "note": "",
      "date": "Tue May 06 2025"
    },
    {
      "id": 1746531939132,
      "type": "smoked",
      "category": "vaping",
      "timestamp": "2025-05-06T11:45:39.132Z",
      "note": "",
      "date": "Tue May 06 2025"
    },
    {
      "id": 1746544008132,
      "type": "smoked",
      "category": "vaping",
      "timestamp": "2025-05-06T15:06:48.132Z",
      "note": "",
      "date": "Tue May 06 2025"
    },
    {
      "id": 1746544234132,
      "type": "craving",
      "category": "alcohol",
      "timestamp": "2025-05-06T15:10:14.132Z",
      "note": "",
      "date": "Tue May 06 2025",
      "intensity": 2
    },
    {
      "id": 1746551430132,
      "type": "craving",
      "category": "vaping",
      "timestamp": "2025-05-06T17:10:20.132Z",
      "note": "",
      "date": "Tue May 06 2025",
      "intensity": 2
    },
    {
      "id": 1746556498134,
      "type": "smoked",
      "category": "alcohol",
      "timestamp": "2025-05-06T18:34:58.132Z",
      "note": "",
      "date": "Tue May 06 2025",
      "cost": 1
    },
    {
      "id": 1746563687133,
      "type": "smoked",
      "category": "alcohol",
      "timestamp": "2025-05-06T20:34:47.132Z",
      "note": "",
      "date": "Tue May 06 2025",
      "cost": 0.75
    },
    {
      "id": 1746567163132,
      "type": "smoked",
      "category": "vaping",
      "timestamp": "2025-05-06T21:32:43.132Z",
      "note": "",
      "date": "Tue May 06 2025"
    },
    {
      "id": 1746570069132,
      "type": "smoked",
      "category": "vaping",
      "timestamp": "2025-05-06T22:21:09.132Z",
      "note": "",
      "date": "Tue May 06 2025"
    },
    {
      "id": 1746570789132,
      "type": "smoked",
      "category": "alcohol",
      "timestamp": "2025-05-06T22:33:09.132Z",
      "note": "",
      "date": "Tue May 06 2025",
      "cost": 0.75
    },
    {
      "id": 1746572240134,
      "type": "craving",
      "category": "vaping",
      "timestamp": "2025-05-06T22:57:10.132Z",
      "note": "",
      "date": "Tue May 06 2025",
      "intensity": 2
    },
    {
      "id": 1746604462132,
      "type": "smoked",
      "category": "vaping",
      "timestamp": "2025-05-07T07:54:22.132Z",
      "note": "",
      "date": "Wed May 07 2025"
    },
    {
      "id": 1746608394132,
      "type": "smoked",
      "category": "vaping",
      "timestamp": "2025-05-07T08:59:54.132Z",
      "note": "",
      "date": "Wed May 07 2025"
    },
    {
      "id": 1746612414135,
      "type": "craving",
      "category": "vaping",
      "timestamp": "2025-05-07T10:06:44.132Z",
      "note": "",
      "date": "Wed May 07 2025",
      "intensity": 1
    },
    {
      "id": 1746618977132,
      "type": "smoked",
      "category": "vaping",
      "timestamp": "2025-05-07T11:56:17.132Z",
      "note": "",
      "date": "Wed May 07 2025"
    },
    {
      "id": 1746622041132,
      "type": "smoked",
      "category": "vaping",
      "timestamp": "2025-05-07T12:47:21.132Z",
      "note": "",
      "date": "Wed May 07 2025"
    },
    {
      "id": 1746626446132,
      "type": "smoked",
      "category": "vaping",
      "timestamp": "2025-05-07T14:00:46.132Z",
      "note": "",
      "date": "Wed May 07 2025"
    },
    {
      "id": 1746626686132,
      "type": "smoked",
      "category": "vaping",
      "timestamp": "2025-05-07T14:04:46.132Z",
      "note": "",
      "date": "Wed May 07 2025"
    },
    {
      "id": 1746628552133,
      "type": "craving",
      "category": "vaping",
      "timestamp": "2025-05-07T14:35:42.132Z",
      "note": "",
      "date": "Wed May 07 2025",
      "intensity": 2
    },
    {
      "id": 1746630000132,
      "type": "smoked",
      "category": "vaping",
      "timestamp": "2025-05-07T15:00:00.132Z",
      "note": "",
      "date": "Wed May 07 2025"
    },
    {
      "id": 1746632062134,
      "type": "craving",
      "category": "vaping",
      "timestamp": "2025-05-07T15:34:12.132Z",
      "note": "",
      "date": "Wed May 07 2025",
      "intensity": 1
    },
    {
      "id": 1746633397136,
      "type": "craving",
      "category": "vaping",
      "timestamp": "2025-05-07T15:56:27.132Z",
      "note": "",
      "date": "Wed May 07 2025",
      "intensity": 3
    },
    {
      "id": 1746634271132,
      "type": "smoked",
      "category": "vaping",
      "timestamp": "2025-05-07T16:11:11.132Z",
      "note": "",
      "date": "Wed May 07 2025"
    },
    {
      "id": 1746637137132,
      "type": "craving",
      "category": "alcohol",
      "timestamp": "2025-05-07T16:58:37.132Z",
      "note": "",
      "date": "Wed May 07 2025",
      "intensity": 2
    },
    {
      "id": 1746637139133,
      "type": "craving",
      "category": "alcohol",
      "timestamp": "2025-05-07T16:58:39.132Z",
      "note": "",
      "date": "Wed May 07 2025",
      "intensity": 3
    },
    {
      "id": 1746638948132,
      "type": "craving",
      "category": "vaping",
      "timestamp": "2025-05-07T17:28:58.132Z",
      "note": "",
      "date": "Wed May 07 2025",
      "intensity": 1
    },
    {
      "id": 1746640285132,
      "type": "smoked",
      "category": "vaping",
      "timestamp": "2025-05-07T17:51:25.132Z",
      "note": "",
      "date": "Wed May 07 2025"
    },
    {
      "id": 1746643066133,
      "type": "smoked",
      "category": "alcohol",
      "timestamp": "2025-05-07T18:37:46.132Z",
      "note": "",
      "date": "Wed May 07 2025",
      "cost": 0.75
    },
    {
      "id": 1746644580136,
      "type": "smoked",
      "category": "alcohol",
      "timestamp": "2025-05-07T19:03:00.132Z",
      "note": "",
      "date": "Wed May 07 2025",
      "cost": 1.25
    },
    {
      "id": 1746646929135,
      "type": "smoked",
      "category": "alcohol",
      "timestamp": "2025-05-07T19:42:09.132Z",
      "note": "",
      "date": "Wed May 07 2025",
      "cost": 1
    },
    {
      "id": 1746647638132,
      "type": "smoked",
      "category": "vaping",
      "timestamp": "2025-05-07T19:53:58.132Z",
      "note": "",
      "date": "Wed May 07 2025"
    },
    {
      "id": 1746652737134,
      "type": "smoked",
      "category": "alcohol",
      "timestamp": "2025-05-07T21:18:57.132Z",
      "note": "",
      "date": "Wed May 07 2025",
      "cost": 1
    },
    {
      "id": 1746653839132,
      "type": "smoked",
      "category": "alcohol",
      "timestamp": "2025-05-07T21:37:19.132Z",
      "note": "",
      "date": "Wed May 07 2025",
      "cost": 1
    },
    {
      "id": 1746654230137,
      "type": "smoked",
      "category": "alcohol",
      "timestamp": "2025-05-07T21:43:50.132Z",
      "note": "",
      "date": "Wed May 07 2025",
      "cost": 1
    },
    {
      "id": 1746690707133,
      "type": "craving",
      "category": "vaping",
      "timestamp": "2025-05-08T07:51:37.132Z",
      "note": "",
      "date": "Thu May 08 2025",
      "intensity": 2
    },
    {
      "id": 1746690981132,
      "type": "smoked",
      "category": "vaping",
      "timestamp": "2025-05-08T07:56:21.132Z",
      "note": "",
      "date": "Thu May 08 2025"
    },
    {
      "id": 1746694232132,
      "type": "smoked",
      "category": "vaping",
      "timestamp": "2025-05-08T08:50:32.132Z",
      "note": "",
      "date": "Thu May 08 2025"
    },
    {
      "id": 1746695751132,
      "type": "smoked",
      "category": "vaping",
      "timestamp": "2025-05-08T09:15:51.132Z",
      "note": "",
      "date": "Thu May 08 2025"
    },
    {
      "id": 1746703361132,
      "type": "smoked",
      "category": "vaping",
      "timestamp": "2025-05-08T11:22:41.132Z",
      "note": "",
      "date": "Thu May 08 2025"
    },
    {
      "id": 1746711667132,
      "type": "smoked",
      "category": "vaping",
      "timestamp": "2025-05-08T13:41:07.132Z",
      "note": "",
      "date": "Thu May 08 2025"
    },
    {
      "id": 1746716061132,
      "type": "smoked",
      "category": "vaping",
      "timestamp": "2025-05-08T14:54:21.132Z",
      "note": "",
      "date": "Thu May 08 2025"
    },
    {
      "id": 1746716930132,
      "type": "craving",
      "category": "vaping",
      "timestamp": "2025-05-08T15:08:40.132Z",
      "note": "",
      "date": "Thu May 08 2025",
      "intensity": 1
    },
    {
      "id": 1746721073132,
      "type": "smoked",
      "category": "vaping",
      "timestamp": "2025-05-08T16:17:53.132Z",
      "note": "",
      "date": "Thu May 08 2025"
    },
    {
      "id": 1746728427132,
      "type": "smoked",
      "category": "alcohol",
      "timestamp": "2025-05-08T18:20:27.132Z",
      "note": "",
      "date": "Thu May 08 2025",
      "cost": 1.25
    },
    {
      "id": 1746728628135,
      "type": "smoked",
      "category": "alcohol",
      "timestamp": "2025-05-08T18:23:48.132Z",
      "note": "",
      "date": "Thu May 08 2025",
      "cost": 1
    },
    {
      "id": 1746728899132,
      "type": "smoked",
      "category": "vaping",
      "timestamp": "2025-05-08T18:28:19.132Z",
      "note": "",
      "date": "Thu May 08 2025"
    },
    {
      "id": 1746730393132,
      "type": "craving",
      "category": "alcohol",
      "timestamp": "2025-05-08T18:52:53.132Z",
      "note": "",
      "date": "Thu May 08 2025",
      "intensity": 2
    },
    {
      "id": 1746731108137,
      "type": "smoked",
      "category": "alcohol",
      "timestamp": "2025-05-08T19:05:08.132Z",
      "note": "",
      "date": "Thu May 08 2025",
      "cost": 1
    },
    {
      "id": 1746731222134,
      "type": "craving",
      "category": "vaping",
      "timestamp": "2025-05-08T19:06:52.132Z",
      "note": "",
      "date": "Thu May 08 2025",
      "intensity": 3
    },
    {
      "id": 1746735888134,
      "type": "smoked",
      "category": "alcohol",
      "timestamp": "2025-05-08T20:24:48.132Z",
      "note": "",
      "date": "Thu May 08 2025",
      "cost": 1.25
    },
    {
      "id": 1746737637136,
      "type": "smoked",
      "category": "alcohol",
      "timestamp": "2025-05-08T20:53:57.132Z",
      "note": "",
      "date": "Thu May 08 2025",
      "cost": 1
    },
    {
      "id": 1746739542133,
      "type": "smoked",
      "category": "alcohol",
      "timestamp": "2025-05-08T21:25:42.132Z",
      "note": "",
      "date": "Thu May 08 2025",
      "cost": 1
    },
    {
      "id": 1746740900132,
      "type": "smoked",
      "category": "vaping",
      "timestamp": "2025-05-08T21:48:20.132Z",
      "note": "",
      "date": "Thu May 08 2025"
    },
    {
      "id": 1746775036132,
      "type": "smoked",
      "category": "vaping",
      "timestamp": "2025-05-09T07:17:16.132Z",
      "note": "",
      "date": "Fri May 09 2025"
    },
    {
      "id": 1746778722132,
      "type": "smoked",
      "category": "vaping",
      "timestamp": "2025-05-09T08:18:42.132Z",
      "note": "",
      "date": "Fri May 09 2025"
    },
    {
      "id": 1746778752132,
      "type": "craving",
      "category": "vaping",
      "timestamp": "2025-05-09T08:19:02.132Z",
      "note": "",
      "date": "Fri May 09 2025",
      "intensity": 2
    },
    {
      "id": 1746780071132,
      "type": "smoked",
      "category": "vaping",
      "timestamp": "2025-05-09T08:41:11.132Z",
      "note": "",
      "date": "Fri May 09 2025"
    },
    {
      "id": 1746785521132,
      "type": "smoked",
      "category": "vaping",
      "timestamp": "2025-05-09T10:12:01.132Z",
      "note": "",
      "date": "Fri May 09 2025"
    },
    {
      "id": 1746789190132,
      "type": "smoked",
      "category": "vaping",
      "timestamp": "2025-05-09T11:13:10.132Z",
      "note": "",
      "date": "Fri May 09 2025"
    },
    {
      "id": 1746791546132,
      "type": "smoked",
      "category": "vaping",
      "timestamp": "2025-05-09T11:52:26.132Z",
      "note": "",
      "date": "Fri May 09 2025"
    },
    {
      "id": 1746799080132,
      "type": "smoked",
      "category": "vaping",
      "timestamp": "2025-05-09T13:58:00.132Z",
      "note": "",
      "date": "Fri May 09 2025"
    },
    {
      "id": 1746799492132,
      "type": "smoked",
      "category": "vaping",
      "timestamp": "2025-05-09T14:04:52.132Z",
      "note": "",
      "date": "Fri May 09 2025"
    },
    {
      "id": 1746808448133,
      "type": "craving",
      "category": "vaping",
      "timestamp": "2025-05-09T16:33:58.132Z",
      "note": "",
      "date": "Fri May 09 2025",
      "intensity": 2
    },
    {
      "id": 1746810663132,
      "type": "smoked",
      "category": "vaping",
      "timestamp": "2025-05-09T17:11:03.132Z",
      "note": "",
      "date": "Fri May 09 2025"
    },
    {
      "id": 1746811201132,
      "type": "smoked",
      "category": "vaping",
      "timestamp": "2025-05-09T17:20:01.132Z",
      "note": "",
      "date": "Fri May 09 2025"
    },
    {
      "id": 1746813018136,
      "type": "smoked",
      "category": "alcohol",
      "timestamp": "2025-05-09T17:50:18.132Z",
      "note": "",
      "date": "Fri May 09 2025",
      "cost": 1
    },
    {
      "id": 1746816029132,
      "type": "craving",
      "category": "alcohol",
      "timestamp": "2025-05-09T18:40:09.132Z",
      "note": "",
      "date": "Fri May 09 2025",
      "intensity": 3
    },
    {
      "id": 1746816048133,
      "type": "craving",
      "category": "alcohol",
      "timestamp": "2025-05-09T18:40:28.132Z",
      "note": "",
      "date": "Fri May 09 2025",
      "intensity": 2
    },
    {
      "id": 1746816382135,
      "type": "craving",
      "category": "vaping",
      "timestamp": "2025-05-09T18:46:12.132Z",
      "note": "",
      "date": "Fri May 09 2025",
      "intensity": 3
    },
    {
      "id": 1746817610134,
      "type": "smoked",
      "category": "alcohol",
      "timestamp": "2025-05-09T19:06:50.132Z",
      "note": "",
      "date": "Fri May 09 2025",
      "cost": 1
    },
    {
      "id": 1746824704134,
      "type": "craving",
      "category": "vaping",
      "timestamp": "2025-05-09T21:04:54.132Z",
      "note": "",
      "date": "Fri May 09 2025",
      "intensity": 1
    },
    {
      "id": 1746824997132,
      "type": "smoked",
      "category": "vaping",
      "timestamp": "2025-05-09T21:09:57.132Z",
      "note": "",
      "date": "Fri May 09 2025"
    },
    {
      "id": 1746828486133,
      "type": "smoked",
      "category": "alcohol",
      "timestamp": "2025-05-09T22:08:06.132Z",
      "note": "",
      "date": "Fri May 09 2025",
      "cost": 1
    },
    {
      "id": 1746829709132,
      "type": "smoked",
      "category": "vaping",
      "timestamp": "2025-05-09T22:28:29.132Z",
      "note": "",
      "date": "Fri May 09 2025"
    },
    {
      "id": 1746831229132,
      "type": "smoked",
      "category": "alcohol",
      "timestamp": "2025-05-09T22:53:49.132Z",
      "note": "",
      "date": "Fri May 09 2025",
      "cost": 1
    },
    {
      "id": 1746831276136,
      "type": "craving",
      "category": "vaping",
      "timestamp": "2025-05-09T22:54:26.132Z",
      "note": "",
      "date": "Fri May 09 2025",
      "intensity": 2
    },
    {
      "id": 1746831527135,
      "type": "smoked",
      "category": "alcohol",
      "timestamp": "2025-05-09T22:58:47.132Z",
      "note": "",
      "date": "Fri May 09 2025",
      "cost": 1
    },
    {
      "id": 1746869470136,
      "type": "craving",
      "category": "vaping",
      "timestamp": "2025-05-10T09:31:00.132Z",
      "note": "",
      "date": "Sat May 10 2025",
      "intensity": 2
    },
    {
      "id": 1746871171132,
      "type": "smoked",
      "category": "vaping",
      "timestamp": "2025-05-10T09:59:31.132Z",
      "note": "",
      "date": "Sat May 10 2025"
    },
    {
      "id": 1746872635135,
      "type": "craving",
      "category": "vaping",
      "timestamp": "2025-05-10T10:23:45.132Z",
      "note": "",
      "date": "Sat May 10 2025",
      "intensity": 1
    },
    {
      "id": 1746873647134,
      "type": "craving",
      "category": "vaping",
      "timestamp": "2025-05-10T10:40:37.132Z",
      "note": "",
      "date": "Sat May 10 2025",
      "intensity": 1
    },
    {
      "id": 1746879302132,
      "type": "smoked",
      "category": "vaping",
      "timestamp": "2025-05-10T12:15:02.132Z",
      "note": "",
      "date": "Sat May 10 2025"
    },
    {
      "id": 1746879614137,
      "type": "craving",
      "category": "vaping",
      "timestamp": "2025-05-10T12:20:04.132Z",
      "note": "",
      "date": "Sat May 10 2025",
      "intensity": 2
    },
    {
      "id": 1746885245132,
      "type": "smoked",
      "category": "vaping",
      "timestamp": "2025-05-10T13:54:05.132Z",
      "note": "",
      "date": "Sat May 10 2025"
    },
    {
      "id": 1746886300132,
      "type": "smoked",
      "category": "vaping",
      "timestamp": "2025-05-10T14:11:40.132Z",
      "note": "",
      "date": "Sat May 10 2025"
    },
    {
      "id": 1746888964132,
      "type": "craving",
      "category": "vaping",
      "timestamp": "2025-05-10T14:55:54.132Z",
      "note": "",
      "date": "Sat May 10 2025",
      "intensity": 1
    },
    {
      "id": 1746889667132,
      "type": "craving",
      "category": "alcohol",
      "timestamp": "2025-05-10T15:07:27.132Z",
      "note": "",
      "date": "Sat May 10 2025",
      "intensity": 3
    },
    {
      "id": 1746892898132,
      "type": "smoked",
      "category": "vaping",
      "timestamp": "2025-05-10T16:01:38.132Z",
      "note": "",
      "date": "Sat May 10 2025"
    },
    {
      "id": 1746899613134,
      "type": "smoked",
      "category": "alcohol",
      "timestamp": "2025-05-10T17:53:33.132Z",
      "note": "",
      "date": "Sat May 10 2025",
      "cost": 1
    },
    {
      "id": 1746904658133,
      "type": "smoked",
      "category": "alcohol",
      "timestamp": "2025-05-10T19:17:38.132Z",
      "note": "",
      "date": "Sat May 10 2025",
      "cost": 1
    },
    {
      "id": 1746905077137,
      "type": "smoked",
      "category": "alcohol",
      "timestamp": "2025-05-10T19:24:37.132Z",
      "note": "",
      "date": "Sat May 10 2025",
      "cost": 1
    },
    {
      "id": 1746905405136,
      "type": "smoked",
      "category": "alcohol",
      "timestamp": "2025-05-10T19:30:05.132Z",
      "note": "",
      "date": "Sat May 10 2025",
      "cost": 1.25
    },
    {
      "id": 1746906493132,
      "type": "smoked",
      "category": "vaping",
      "timestamp": "2025-05-10T19:48:13.132Z",
      "note": "",
      "date": "Sat May 10 2025"
    },
    {
      "id": 1746915025135,
      "type": "smoked",
      "category": "alcohol",
      "timestamp": "2025-05-10T22:10:25.132Z",
      "note": "",
      "date": "Sat May 10 2025",
      "cost": 1
    },
    {
      "id": 1746915501132,
      "type": "smoked",
      "category": "alcohol",
      "timestamp": "2025-05-10T22:18:21.132Z",
      "note": "",
      "date": "Sat May 10 2025",
      "cost": 1
    },
    {
      "id": 1746915720133,
      "type": "craving",
      "category": "vaping",
      "timestamp": "2025-05-10T22:21:50.132Z",
      "note": "",
      "date": "Sat May 10 2025",
      "intensity": 1
    },
    {
      "id": 1746915829132,
      "type": "smoked",
      "category": "vaping",
      "timestamp": "2025-05-10T22:23:49.132Z",
      "note": "",
      "date": "Sat May 10 2025"
    },
    {
      "id": 1746916559132,
      "type": "smoked",
      "category": "vaping",
      "timestamp": "2025-05-10T22:35:59.132Z",
      "note": "",
      "date": "Sat May 10 2025"
    },
    {
      "id": 1746917779132,
      "type": "smoked",
      "category": "vaping",
      "timestamp": "2025-05-10T22:56:19.132Z",
      "note": "",
      "date": "Sat May 10 2025"
    },
    {
      "id": 1746948879132,
      "type": "smoked",
      "category": "vaping",
      "timestamp": "2025-05-11T07:34:39.132Z",
      "note": "",
      "date": "Sun May 11 2025"
    },
    {
      "id": 1746962697132,
      "type": "smoked",
      "category": "vaping",
      "timestamp": "2025-05-11T11:24:57.132Z",
      "note": "",
      "date": "Sun May 11 2025"
    },
    {
      "id": 1746962869135,
      "type": "craving",
      "category": "vaping",
      "timestamp": "2025-05-11T11:27:39.132Z",
      "note": "",
      "date": "Sun May 11 2025",
      "intensity": 2
    },
    {
      "id": 1746974858133,
      "type": "craving",
      "category": "vaping",
      "timestamp": "2025-05-11T14:47:28.132Z",
      "note": "",
      "date": "Sun May 11 2025",
      "intensity": 2
    },
    {
      "id": 1746975705132,
      "type": "smoked",
      "category": "vaping",
      "timestamp": "2025-05-11T15:01:45.132Z",
      "note": "",
      "date": "Sun May 11 2025"
    },
    {
      "id": 1746976076132,
      "type": "smoked",
      "category": "vaping",
      "timestamp": "2025-05-11T15:07:56.132Z",
      "note": "",
      "date": "Sun May 11 2025"
    },
    {
      "id": 1746976289132,
      "type": "smoked",
      "category": "vaping",
      "timestamp": "2025-05-11T15:11:29.132Z",
      "note": "",
      "date": "Sun May 11 2025"
    },
    {
      "id": 1746977568132,
      "type": "craving",
      "category": "alcohol",
      "timestamp": "2025-05-11T15:32:28.132Z",
      "note": "",
      "date": "Sun May 11 2025",
      "intensity": 1
    },
    {
      "id": 1746979904132,
      "type": "smoked",
      "category": "vaping",
      "timestamp": "2025-05-11T16:11:44.132Z",
      "note": "",
      "date": "Sun May 11 2025"
    },
    {
      "id": 1746980909133,
      "type": "craving",
      "category": "alcohol",
      "timestamp": "2025-05-11T16:28:09.132Z",
      "note": "",
      "date": "Sun May 11 2025",
      "intensity": 2
    },
    {
      "id": 1746991228132,
      "type": "smoked",
      "category": "alcohol",
      "timestamp": "2025-05-11T19:20:28.132Z",
      "note": "",
      "date": "Sun May 11 2025",
      "cost": 1
    },
    {
      "id": 1746995063132,
      "type": "smoked",
      "category": "vaping",
      "timestamp": "2025-05-11T20:24:23.132Z",
      "note": "",
      "date": "Sun May 11 2025"
    },
    {
      "id": 1746998929133,
      "type": "smoked",
      "category": "alcohol",
      "timestamp": "2025-05-11T21:28:49.132Z",
      "note": "",
      "date": "Sun May 11 2025",
      "cost": 1
    },
    {
      "id": 1746999256135,
      "type": "smoked",
      "category": "alcohol",
      "timestamp": "2025-05-11T21:34:16.132Z",
      "note": "",
      "date": "Sun May 11 2025",
      "cost": 1.25
    },
    {
      "id": 1746999309132,
      "type": "smoked",
      "category": "vaping",
      "timestamp": "2025-05-11T21:35:09.132Z",
      "note": "",
      "date": "Sun May 11 2025"
    },
    {
      "id": 1746999842134,
      "type": "craving",
      "category": "vaping",
      "timestamp": "2025-05-11T21:43:52.132Z",
      "note": "",
      "date": "Sun May 11 2025",
      "intensity": 1
    },
    {
      "id": 1747000076132,
      "type": "smoked",
      "category": "vaping",
      "timestamp": "2025-05-11T21:47:56.132Z",
      "note": "",
      "date": "Sun May 11 2025"
    },
    {
      "id": 1747000203132,
      "type": "craving",
      "category": "vaping",
      "timestamp": "2025-05-11T21:49:53.132Z",
      "note": "",
      "date": "Sun May 11 2025",
      "intensity": 2
    },
    {
      "id": 1747003188134,
      "type": "smoked",
      "category": "alcohol",
      "timestamp": "2025-05-11T22:39:48.132Z",
      "note": "",
      "date": "Sun May 11 2025",
      "cost": 1
    },
    {
      "id": 1747034517132,
      "type": "smoked",
      "category": "vaping",
      "timestamp": "2025-05-12T07:21:57.132Z",
      "note": "",
      "date": "Mon May 12 2025"
    },
    {
      "id": 1747035997133,
      "type": "craving",
      "category": "vaping",
      "timestamp": "2025-05-12T07:46:27.132Z",
      "note": "",
      "date": "Mon May 12 2025",
      "intensity": 1
    },
    {
      "id": 1747037087132,
      "type": "smoked",
      "category": "vaping",
      "timestamp": "2025-05-12T08:04:47.132Z",
      "note": "",
      "date": "Mon May 12 2025"
    },
    {
      "id": 1747042468134,
      "type": "craving",
      "category": "vaping",
      "timestamp": "2025-05-12T09:34:18.132Z",
      "note": "",
      "date": "Mon May 12 2025",
      "intensity": 2
    },
    {
      "id": 1747053022132,
      "type": "smoked",
      "category": "vaping",
      "timestamp": "2025-05-12T12:30:22.132Z",
      "note": "",
      "date": "Mon May 12 2025"
    },
    {
      "id": 1747055910132,
      "type": "smoked",
      "category": "vaping",
      "timestamp": "2025-05-12T13:18:30.132Z",
      "note": "",
      "date": "Mon May 12 2025"
    },
    {
      "id": 1747062023135,
      "type": "craving",
      "category": "vaping",
      "timestamp": "2025-05-12T15:00:13.132Z",
      "note": "",
      "date": "Mon May 12 2025",
      "intensity": 3
    },
    {
      "id": 1747063767132,
      "type": "craving",
      "category": "alcohol",
      "timestamp": "2025-05-12T15:29:07.132Z",
      "note": "",
      "date": "Mon May 12 2025",
      "intensity": 1
    },
    {
      "id": 1747067148136,
      "type": "craving",
      "category": "vaping",
      "timestamp": "2025-05-12T16:25:38.132Z",
      "note": "",
      "date": "Mon May 12 2025",
      "intensity": 2
    },
    {
      "id": 1747071708135,
      "type": "smoked",
      "category": "alcohol",
      "timestamp": "2025-05-12T17:41:48.132Z",
      "note": "",
      "date": "Mon May 12 2025",
      "cost": 1
    },
    {
      "id": 1747072004132,
      "type": "smoked",
      "category": "vaping",
      "timestamp": "2025-05-12T17:46:44.132Z",
      "note": "",
      "date": "Mon May 12 2025"
    },
    {
      "id": 1747073645134,
      "type": "smoked",
      "category": "alcohol",
      "timestamp": "2025-05-12T18:14:05.132Z",
      "note": "",
      "date": "Mon May 12 2025",
      "cost": 1
    },
    {
      "id": 1747074661132,
      "type": "smoked",
      "category": "vaping",
      "timestamp": "2025-05-12T18:31:01.132Z",
      "note": "",
      "date": "Mon May 12 2025"
    },
    {
      "id": 1747078415132,
      "type": "smoked",
      "category": "vaping",
      "timestamp": "2025-05-12T19:33:35.132Z",
      "note": "",
      "date": "Mon May 12 2025"
    },
    {
      "id": 1747080373132,
      "type": "smoked",
      "category": "vaping",
      "timestamp": "2025-05-12T20:06:13.132Z",
      "note": "",
      "date": "Mon May 12 2025"
    },
    {
      "id": 1747082250132,
      "type": "smoked",
      "category": "alcohol",
      "timestamp": "2025-05-12T20:37:30.132Z",
      "note": "",
      "date": "Mon May 12 2025",
      "cost": 1
    },
    {
      "id": 1747083013137,
      "type": "craving",
      "category": "vaping",
      "timestamp": "2025-05-12T20:50:03.132Z",
      "note": "",
      "date": "Mon May 12 2025",
      "intensity": 1
    },
    {
      "id": 1747083545132,
      "type": "smoked",
      "category": "vaping",
      "timestamp": "2025-05-12T20:59:05.132Z",
      "note": "",
      "date": "Mon May 12 2025"
    },
    {
      "id": 1747088101132,
      "type": "smoked",
      "category": "vaping",
      "timestamp": "2025-05-12T22:15:01.132Z",
      "note": "",
      "date": "Mon May 12 2025"
    },
    {
      "id": 1747088985132,
      "type": "craving",
      "category": "vaping",
      "timestamp": "2025-05-12T22:29:35.132Z",
      "note": "",
      "date": "Mon May 12 2025",
      "intensity": 2
    },
    {
      "id": 1747089790133,
      "type": "smoked",
      "category": "alcohol",
      "timestamp": "2025-05-12T22:43:10.132Z",
      "note": "",
      "date": "Mon May 12 2025",
      "cost": 1
    },
    {
      "id": 1747125417132,
      "type": "smoked",
      "category": "vaping",
      "timestamp": "2025-05-13T08:36:57.132Z",
      "note": "",
      "date": "Tue May 13 2025"
    },
    {
      "id": 1747131616132,
      "type": "smoked",
      "category": "vaping",
      "timestamp": "2025-05-13T10:20:16.132Z",
      "note": "",
      "date": "Tue May 13 2025"
    },
    {
      "id": 1747131972132,
      "type": "smoked",
      "category": "vaping",
      "timestamp": "2025-05-13T10:26:12.132Z",
      "note": "",
      "date": "Tue May 13 2025"
    },
    {
      "id": 1747132360133,
      "type": "craving",
      "category": "vaping",
      "timestamp": "2025-05-13T10:32:30.132Z",
      "note": "",
      "date": "Tue May 13 2025",
      "intensity": 1
    },
    {
      "id": 1747135631132,
      "type": "smoked",
      "category": "vaping",
      "timestamp": "2025-05-13T11:27:11.132Z",
      "note": "",
      "date": "Tue May 13 2025"
    },
    {
      "id": 1747142736132,
      "type": "smoked",
      "category": "vaping",
      "timestamp": "2025-05-13T13:25:36.132Z",
      "note": "",
      "date": "Tue May 13 2025"
    },
    {
      "id": 1747147998132,
      "type": "craving",
      "category": "vaping",
      "timestamp": "2025-05-13T14:53:08.132Z",
      "note": "",
      "date": "Tue May 13 2025",
      "intensity": 1
    },
    {
      "id": 1747149439132,
      "type": "smoked",
      "category": "vaping",
      "timestamp": "2025-05-13T15:17:19.132Z",
      "note": "",
      "date": "Tue May 13 2025"
    },
    {
      "id": 1747149554135,
      "type": "craving",
      "category": "vaping",
      "timestamp": "2025-05-13T15:19:04.132Z",
      "note": "",
      "date": "Tue May 13 2025",
      "intensity": 2
    },
    {
      "id": 1747150798132,
      "type": "smoked",
      "category": "vaping",
      "timestamp": "2025-05-13T15:39:58.132Z",
      "note": "",
      "date": "Tue May 13 2025"
    },
    {
      "id": 1747156758132,
      "type": "smoked",
      "category": "alcohol",
      "timestamp": "2025-05-13T17:19:18.132Z",
      "note": "",
      "date": "Tue May 13 2025",
      "cost": 1
    },
    {
      "id": 1747156992135,
      "type": "smoked",
      "category": "alcohol",
      "timestamp": "2025-05-13T17:23:12.132Z",
      "note": "",
      "date": "Tue May 13 2025",
      "cost": 1
    },
    {
      "id": 1747158033132,
      "type": "smoked",
      "category": "vaping",
      "timestamp": "2025-05-13T17:40:33.132Z",
      "note": "",
      "date": "Tue May 13 2025"
    },
    {
      "id": 1747158854132,
      "type": "smoked",
      "category": "vaping",
      "timestamp": "2025-05-13T17:54:14.132Z",
      "note": "",
      "date": "Tue May 13 2025"
    },
    {
      "id": 1747159552132,
      "type": "craving",
      "category": "alcohol",
      "timestamp": "2025-05-13T18:05:32.132Z",
      "note": "",
      "date": "Tue May 13 2025",
      "intensity": 2
    },
    {
      "id": 1747161085132,
      "type": "smoked",
      "category": "vaping",
      "timestamp": "2025-05-13T18:31:25.132Z",
      "note": "",
      "date": "Tue May 13 2025"
    },
    {
      "id": 1747162670133,
      "type": "craving",
      "category": "alcohol",
      "timestamp": "2025-05-13T18:57:30.132Z",
      "note": "",
      "date": "Tue May 13 2025",
      "intensity": 2
    },
    {
      "id": 1747163651133,
      "type": "smoked",
      "category": "alcohol",
      "timestamp": "2025-05-13T19:14:11.132Z",
      "note": "",
      "date": "Tue May 13 2025",
      "cost": 1
    },
    {
      "id": 1747163896137,
      "type": "smoked",
      "category": "alcohol",
      "timestamp": "2025-05-13T19:18:16.132Z",
      "note": "",
      "date": "Tue May 13 2025",
      "cost": 0.75
    },
    {
      "id": 1747164986136,
      "type": "craving",
      "category": "vaping",
      "timestamp": "2025-05-13T19:36:16.132Z",
      "note": "",
      "date": "Tue May 13 2025",
      "intensity": 1
    },
    {
      "id": 1747167560132,
      "type": "smoked",
      "category": "vaping",
      "timestamp": "2025-05-13T20:19:20.132Z",
      "note": "",
      "date": "Tue May 13 2025"
    },
    {
      "id": 1747167657134,
      "type": "smoked",
      "category": "alcohol",
      "timestamp": "2025-05-13T20:20:57.132Z",
      "note": "",
      "date": "Tue May 13 2025",
      "cost": 1
    },
    {
      "id": 1747168962134,
      "type": "craving",
      "category": "vaping",
      "timestamp": "2025-05-13T20:42:32.132Z",
      "note": "",
      "date": "Tue May 13 2025",
      "intensity": 3
    },
    {
      "id": 1747172594132,
      "type": "smoked",
      "category": "vaping",
      "timestamp": "2025-05-13T21:43:14.132Z",
      "note": "",
      "date": "Tue May 13 2025"
    },
    {
      "id": 1747173762136,
      "type": "smoked",
      "category": "alcohol",
      "timestamp": "2025-05-13T22:02:42.132Z",
      "note": "",
      "date": "Tue May 13 2025",
      "cost": 1
    },
    {
      "id": 1747206404132,
      "type": "craving",
      "category": "vaping",
      "timestamp": "2025-05-14T07:06:34.132Z",
      "note": "",
      "date": "Wed May 14 2025",
      "intensity": 1
    },
    {
      "id": 1747211363132,
      "type": "smoked",
      "category": "vaping",
      "timestamp": "2025-05-14T08:29:23.132Z",
      "note": "",
      "date": "Wed May 14 2025"
    },
    {
      "id": 1747213048132,
      "type": "smoked",
      "category": "vaping",
      "timestamp": "2025-05-14T08:57:28.132Z",
      "note": "",
      "date": "Wed May 14 2025"
    },
    {
      "id": 1747215112132,
      "type": "smoked",
      "category": "vaping",
      "timestamp": "2025-05-14T09:31:52.132Z",
      "note": "",
      "date": "Wed May 14 2025"
    },
    {
      "id": 1747215418132,
      "type": "smoked",
      "category": "vaping",
      "timestamp": "2025-05-14T09:36:58.132Z",
      "note": "",
      "date": "Wed May 14 2025"
    },
    {
      "id": 1747217029132,
      "type": "smoked",
      "category": "vaping",
      "timestamp": "2025-05-14T10:03:49.132Z",
      "note": "",
      "date": "Wed May 14 2025"
    },
    {
      "id": 1747219037132,
      "type": "smoked",
      "category": "vaping",
      "timestamp": "2025-05-14T10:37:17.132Z",
      "note": "",
      "date": "Wed May 14 2025"
    },
    {
      "id": 1747219687132,
      "type": "smoked",
      "category": "vaping",
      "timestamp": "2025-05-14T10:48:07.132Z",
      "note": "",
      "date": "Wed May 14 2025"
    },
    {
      "id": 1747224342132,
      "type": "smoked",
      "category": "vaping",
      "timestamp": "2025-05-14T12:05:42.132Z",
      "note": "",
      "date": "Wed May 14 2025"
    },
    {
      "id": 1747224783132,
      "type": "smoked",
      "category": "vaping",
      "timestamp": "2025-05-14T12:13:03.132Z",
      "note": "",
      "date": "Wed May 14 2025"
    },
    {
      "id": 1747227469132,
      "type": "smoked",
      "category": "vaping",
      "timestamp": "2025-05-14T12:57:49.132Z",
      "note": "",
      "date": "Wed May 14 2025"
    },
    {
      "id": 1747236757133,
      "type": "craving",
      "category": "alcohol",
      "timestamp": "2025-05-14T15:32:17.132Z",
      "note": "",
      "date": "Wed May 14 2025",
      "intensity": 1
    },
    {
      "id": 1747239854133,
      "type": "craving",
      "category": "vaping",
      "timestamp": "2025-05-14T16:24:04.132Z",
      "note": "",
      "date": "Wed May 14 2025",
      "intensity": 1
    },
    {
      "id": 1747240875135,
      "type": "craving",
      "category": "vaping",
      "timestamp": "2025-05-14T16:41:05.132Z",
      "note": "",
      "date": "Wed May 14 2025",
      "intensity": 1
    },
    {
      "id": 1747243676132,
      "type": "craving",
      "category": "alcohol",
      "timestamp": "2025-05-14T17:27:36.132Z",
      "note": "",
      "date": "Wed May 14 2025",
      "intensity": 2
    },
    {
      "id": 1747249094132,
      "type": "smoked",
      "category": "vaping",
      "timestamp": "2025-05-14T18:58:14.132Z",
      "note": "",
      "date": "Wed May 14 2025"
    },
    {
      "id": 1747251348134,
      "type": "smoked",
      "category": "alcohol",
      "timestamp": "2025-05-14T19:35:48.132Z",
      "note": "",
      "date": "Wed May 14 2025",
      "cost": 1
    },
    {
      "id": 1747256478135,
      "type": "smoked",
      "category": "alcohol",
      "timestamp": "2025-05-14T21:01:18.132Z",
      "note": "",
      "date": "Wed May 14 2025",
      "cost": 1
    },
    {
      "id": 1747259364133,
      "type": "smoked",
      "category": "alcohol",
      "timestamp": "2025-05-14T21:49:24.132Z",
      "note": "",
      "date": "Wed May 14 2025",
      "cost": 1
    },
    {
      "id": 1747260244137,
      "type": "smoked",
      "category": "alcohol",
      "timestamp": "2025-05-14T22:04:04.132Z",
      "note": "",
      "date": "Wed May 14 2025",
      "cost": 1.25
    },
    {
      "id": 1747262739136,
      "type": "smoked",
      "category": "alcohol",
      "timestamp": "2025-05-14T22:45:39.132Z",
      "note": "",
      "date": "Wed May 14 2025",
      "cost": 0.75
    },
    {
      "id": 1747262794132,
      "type": "smoked",
      "category": "alcohol",
      "timestamp": "2025-05-14T22:46:34.132Z",
      "note": "",
      "date": "Wed May 14 2025",
      "cost": 1
    },
    {
      "id": 1747263466134,
      "type": "craving",
      "category": "vaping",
      "timestamp": "2025-05-14T22:57:36.132Z",
      "note": "",
      "date": "Wed May 14 2025",
      "intensity": 1
    },
    {
      "id": 1747297427135,
      "type": "craving",
      "category": "vaping",
      "timestamp": "2025-05-15T08:23:37.132Z",
      "note": "",
      "date": "Thu May 15 2025",
      "intensity": 3
    },
    {
      "id": 1747301172132,
      "type": "smoked",
      "category": "vaping",
      "timestamp": "2025-05-15T09:26:12.132Z",
      "note": "",
      "date": "Thu May 15 2025"
    },
    {
      "id": 1747303038132,
      "type": "smoked",
      "category": "vaping",
      "timestamp": "2025-05-15T09:57:18.132Z",
      "note": "",
      "date": "Thu May 15 2025"
    },
    {
      "id": 1747306385134,
      "type": "craving",
      "category": "vaping",
      "timestamp": "2025-05-15T10:52:55.132Z",
      "note": "",
      "date": "Thu May 15 2025",
      "intensity": 3
    },
    {
      "id": 1747307779132,
      "type": "smoked",
      "category": "vaping",
      "timestamp": "2025-05-15T11:16:19.132Z",
      "note": "",
      "date": "Thu May 15 2025"
    },
    {
      "id": 1747307799132,
      "type": "smoked",
      "category": "vaping",
      "timestamp": "2025-05-15T11:16:39.132Z",
      "note": "",
      "date": "Thu May 15 2025"
    },
    {
      "id": 1747315851132,
      "type": "smoked",
      "category": "vaping",
      "timestamp": "2025-05-15T13:30:51.132Z",
      "note": "",
      "date": "Thu May 15 2025"
    },
    {
      "id": 1747317657132,
      "type": "smoked",
      "category": "vaping",
      "timestamp": "2025-05-15T14:00:57.132Z",
      "note": "",
      "date": "Thu May 15 2025"
    },
    {
      "id": 1747318453132,
      "type": "craving",
      "category": "vaping",
      "timestamp": "2025-05-15T14:14:03.132Z",
      "note": "",
      "date": "Thu May 15 2025",
      "intensity": 2
    },
    {
      "id": 1747320923132,
      "type": "smoked",
      "category": "vaping",
      "timestamp": "2025-05-15T14:55:23.132Z",
      "note": "",
      "date": "Thu May 15 2025"
    },
    {
      "id": 1747321528133,
      "type": "craving",
      "category": "vaping",
      "timestamp": "2025-05-15T15:05:18.132Z",
      "note": "",
      "date": "Thu May 15 2025",
      "intensity": 1
    },
    {
      "id": 1747321759132,
      "type": "smoked",
      "category": "vaping",
      "timestamp": "2025-05-15T15:09:19.132Z",
      "note": "",
      "date": "Thu May 15 2025"
    },
    {
      "id": 1747323269132,
      "type": "smoked",
      "category": "vaping",
      "timestamp": "2025-05-15T15:34:29.132Z",
      "note": "",
      "date": "Thu May 15 2025"
    },
    {
      "id": 1747324815132,
      "type": "smoked",
      "category": "vaping",
      "timestamp": "2025-05-15T16:00:15.132Z",
      "note": "",
      "date": "Thu May 15 2025"
    },
    {
      "id": 1747329213133,
      "type": "smoked",
      "category": "alcohol",
      "timestamp": "2025-05-15T17:13:33.132Z",
      "note": "",
      "date": "Thu May 15 2025",
      "cost": 0.75
    },
    {
      "id": 1747329583137,
      "type": "craving",
      "category": "vaping",
      "timestamp": "2025-05-15T17:19:33.132Z",
      "note": "",
      "date": "Thu May 15 2025",
      "intensity": 1
    },
    {
      "id": 1747330945135,
      "type": "smoked",
      "category": "alcohol",
      "timestamp": "2025-05-15T17:42:25.132Z",
      "note": "",
      "date": "Thu May 15 2025",
      "cost": 0.75
    },
    {
      "id": 1747331689132,
      "type": "craving",
      "category": "alcohol",
      "timestamp": "2025-05-15T17:54:29.132Z",
      "note": "",
      "date": "Thu May 15 2025",
      "intensity": 1
    },
    {
      "id": 1747336807132,
      "type": "smoked",
      "category": "alcohol",
      "timestamp": "2025-05-15T19:20:07.132Z",
      "note": "",
      "date": "Thu May 15 2025",
      "cost": 1
    },
    {
      "id": 1747343650136,
      "type": "craving",
      "category": "vaping",
      "timestamp": "2025-05-15T21:14:00.132Z",
      "note": "",
      "date": "Thu May 15 2025",
      "intensity": 1
    },
    {
      "id": 1747345549134,
      "type": "smoked",
      "category": "alcohol",
      "timestamp": "2025-05-15T21:45:49.132Z",
      "note": "",
      "date": "Thu May 15 2025",
      "cost": 1
    },
    {
      "id": 1747349064136,
      "type": "smoked",
      "category": "alcohol",
      "timestamp": "2025-05-15T22:44:24.132Z",
      "note": "",
      "date": "Thu May 15 2025",
      "cost": 0.75
    },
    {
      "id": 1747380281132,
      "type": "smoked",
      "category": "vaping",
      "timestamp": "2025-05-16T07:24:41.132Z",
      "note": "",
      "date": "Fri May 16 2025"
    },
    {
      "id": 1747386522132,
      "type": "smoked",
      "category": "vaping",
      "timestamp": "2025-05-16T09:08:42.132Z",
      "note": "",
      "date": "Fri May 16 2025"
    },
    {
      "id": 1747389163132,
      "type": "smoked",
      "category": "vaping",
      "timestamp": "2025-05-16T09:52:43.132Z",
      "note": "",
      "date": "Fri May 16 2025"
    },
    {
      "id": 1747390517135,
      "type": "craving",
      "category": "vaping",
      "timestamp": "2025-05-16T10:15:07.132Z",
      "note": "",
      "date": "Fri May 16 2025",
      "intensity": 2
    },
    {
      "id": 1747396911132,
      "type": "smoked",
      "category": "vaping",
      "timestamp": "2025-05-16T12:01:51.132Z",
      "note": "",
      "date": "Fri May 16 2025"
    },
    {
      "id": 1747401099133,
      "type": "craving",
      "category": "vaping",
      "timestamp": "2025-05-16T13:11:29.132Z",
      "note": "",
      "date": "Fri May 16 2025",
      "intensity": 3
    },
    {
      "id": 1747402848132,
      "type": "smoked",
      "category": "vaping",
      "timestamp": "2025-05-16T13:40:48.132Z",
      "note": "",
      "date": "Fri May 16 2025"
    },
    {
      "id": 1747403310132,
      "type": "smoked",
      "category": "vaping",
      "timestamp": "2025-05-16T13:48:30.132Z",
      "note": "",
      "date": "Fri May 16 2025"
    },
    {
      "id": 1747409461132,
      "type": "craving",
      "category": "alcohol",
      "timestamp": "2025-05-16T15:30:41.132Z",
      "note": "",
      "date": "Fri May 16 2025",
      "intensity": 2
    },
    {
      "id": 1747413134132,
      "type": "smoked",
      "category": "vaping",
      "timestamp": "2025-05-16T16:32:14.132Z",
      "note": "",
      "date": "Fri May 16 2025"
    },
    {
      "id": 1747413625132,
      "type": "smoked",
      "category": "vaping",
      "timestamp": "2025-05-16T16:40:25.132Z",
      "note": "",
      "date": "Fri May 16 2025"
    },
    {
      "id": 1747414578132,
      "type": "smoked",
      "category": "vaping",
      "timestamp": "2025-05-16T16:56:18.132Z",
      "note": "",
      "date": "Fri May 16 2025"
    },
    {
      "id": 1747417278135,
      "type": "smoked",
      "category": "alcohol",
      "timestamp": "2025-05-16T17:41:18.132Z",
      "note": "",
      "date": "Fri May 16 2025",
      "cost": 1.25
    },
    {
      "id": 1747423926134,
      "type": "smoked",
      "category": "alcohol",
      "timestamp": "2025-05-16T19:32:06.132Z",
      "note": "",
      "date": "Fri May 16 2025",
      "cost": 1
    },
    {
      "id": 1747424406133,
      "type": "smoked",
      "category": "alcohol",
      "timestamp": "2025-05-16T19:40:06.132Z",
      "note": "",
      "date": "Fri May 16 2025",
      "cost": 1.25
    },
    {
      "id": 1747425710132,
      "type": "smoked",
      "category": "vaping",
      "timestamp": "2025-05-16T20:01:50.132Z",
      "note": "",
      "date": "Fri May 16 2025"
    },
    {
      "id": 1747429675132,
      "type": "craving",
      "category": "vaping",
      "timestamp": "2025-05-16T21:07:45.132Z",
      "note": "",
      "date": "Fri May 16 2025",
      "intensity": 2
    },
    {
      "id": 1747431478134,
      "type": "craving",
      "category": "vaping",
      "timestamp": "2025-05-16T21:37:48.132Z",
      "note": "",
      "date": "Fri May 16 2025",
      "intensity": 2
    },
    {
      "id": 1747435096132,
      "type": "smoked",
      "category": "alcohol",
      "timestamp": "2025-05-16T22:38:16.132Z",
      "note": "",
      "date": "Fri May 16 2025",
      "cost": 1.25
    },
    {
      "id": 1747435403132,
      "type": "smoked",
      "category": "vaping",
      "timestamp": "2025-05-16T22:43:23.132Z",
      "note": "",
      "date": "Fri May 16 2025"
    },
    {
      "id": 1747435806132,
      "type": "smoked",
      "category": "vaping",
      "timestamp": "2025-05-16T22:50:06.132Z",
      "note": "",
      "date": "Fri May 16 2025"
    },
    {
      "id": 1747468900132,
      "type": "smoked",
      "category": "vaping",
      "timestamp": "2025-05-17T08:01:40.132Z",
      "note": "",
      "date": "Sat May 17 2025"
    },
    {
      "id": 1747472029132,
      "type": "smoked",
      "category": "vaping",
      "timestamp": "2025-05-17T08:53:49.132Z",
      "note": "",
      "date": "Sat May 17 2025"
    },
    {
      "id": 1747473022132,
      "type": "smoked",
      "category": "vaping",
      "timestamp": "2025-05-17T09:10:22.132Z",
      "note": "",
      "date": "Sat May 17 2025"
    },
    {
      "id": 1747475694135,
      "type": "craving",
      "category": "vaping",
      "timestamp": "2025-05-17T09:54:44.132Z",
      "note": "",
      "date": "Sat May 17 2025",
      "intensity": 2
    },
    {
      "id": 1747478247132,
      "type": "smoked",
      "category": "vaping",
      "timestamp": "2025-05-17T10:37:27.132Z",
      "note": "",
      "date": "Sat May 17 2025"
    },
    {
      "id": 1747479914132,
      "type": "smoked",
      "category": "vaping",
      "timestamp": "2025-05-17T11:05:14.132Z",
      "note": "",
      "date": "Sat May 17 2025"
    },
    {
      "id": 1747482124132,
      "type": "smoked",
      "category": "vaping",
      "timestamp": "2025-05-17T11:42:04.132Z",
      "note": "",
      "date": "Sat May 17 2025"
    },
    {
      "id": 1747485025132,
      "type": "smoked",
      "category": "vaping",
      "timestamp": "2025-05-17T12:30:25.132Z",
      "note": "",
      "date": "Sat May 17 2025"
    },
    {
      "id": 1747493885133,
      "type": "craving",
      "category": "vaping",
      "timestamp": "2025-05-17T14:57:55.132Z",
      "note": "",
      "date": "Sat May 17 2025",
      "intensity": 2
    },
    {
      "id": 1747498822134,
      "type": "craving",
      "category": "vaping",
      "timestamp": "2025-05-17T16:20:12.132Z",
      "note": "",
      "date": "Sat May 17 2025",
      "intensity": 2
    },
    {
      "id": 1747499539132,
      "type": "smoked",
      "category": "vaping",
      "timestamp": "2025-05-17T16:32:19.132Z",
      "note": "",
      "date": "Sat May 17 2025"
    },
    {
      "id": 1747502663132,
      "type": "craving",
      "category": "alcohol",
      "timestamp": "2025-05-17T17:24:03.132Z",
      "note": "",
      "date": "Sat May 17 2025",
      "intensity": 1
    },
    {
      "id": 1747503636136,
      "type": "smoked",
      "category": "alcohol",
      "timestamp": "2025-05-17T17:40:36.132Z",
      "note": "",
      "date": "Sat May 17 2025",
      "cost": 1
    },
    {
      "id": 1747504877132,
      "type": "smoked",
      "category": "alcohol",
      "timestamp": "2025-05-17T18:01:17.132Z",
      "note": "",
      "date": "Sat May 17 2025",
      "cost": 1
    },
    {
      "id": 1747505565132,
      "type": "craving",
      "category": "vaping",
      "timestamp": "2025-05-17T18:12:35.132Z",
      "note": "",
      "date": "Sat May 17 2025",
      "intensity": 1
    },
    {
      "id": 1747509099134,
      "type": "smoked",
      "category": "alcohol",
      "timestamp": "2025-05-17T19:11:39.132Z",
      "note": "",
      "date": "Sat May 17 2025",
      "cost": 1.25
    },
    {
      "id": 1747509573132,
      "type": "smoked",
      "category": "vaping",
      "timestamp": "2025-05-17T19:19:33.132Z",
      "note": "",
      "date": "Sat May 17 2025"
    },
    {
      "id": 1747510891132,
      "type": "smoked",
      "category": "vaping",
      "timestamp": "2025-05-17T19:41:31.132Z",
      "note": "",
      "date": "Sat May 17 2025"
    },
    {
      "id": 1747517415133,
      "type": "smoked",
      "category": "alcohol",
      "timestamp": "2025-05-17T21:30:15.132Z",
      "note": "",
      "date": "Sat May 17 2025",
      "cost": 1
    },
    {
      "id": 1747519707132,
      "type": "smoked",
      "category": "vaping",
      "timestamp": "2025-05-17T22:08:27.132Z",
      "note": "",
      "date": "Sat May 17 2025"
    },
    {
      "id": 1747521599135,
      "type": "smoked",
      "category": "alcohol",
      "timestamp": "2025-05-17T22:39:59.132Z",
      "note": "",
      "date": "Sat May 17 2025",
      "cost": 1
    },
    {
      "id": 1747554432132,
      "type": "smoked",
      "category": "vaping",
      "timestamp": "2025-05-18T07:47:12.132Z",
      "note": "",
      "date": "Sun May 18 2025"
    },
    {
      "id": 1747557293132,
      "type": "smoked",
      "category": "vaping",
      "timestamp": "2025-05-18T08:34:53.132Z",
      "note": "",
      "date": "Sun May 18 2025"
    },
    {
      "id": 1747562448132,
      "type": "craving",
      "category": "vaping",
      "timestamp": "2025-05-18T10:00:38.132Z",
      "note": "",
      "date": "Sun May 18 2025",
      "intensity": 2
    },
    {
      "id": 1747564437132,
      "type": "smoked",
      "category": "vaping",
      "timestamp": "2025-05-18T10:33:57.132Z",
      "note": "",
      "date": "Sun May 18 2025"
    },
    {
      "id": 1747567889132,
      "type": "smoked",
      "category": "vaping",
      "timestamp": "2025-05-18T11:31:29.132Z",
      "note": "",
      "date": "Sun May 18 2025"
    },
    {
      "id": 1747570735132,
      "type": "smoked",
      "category": "vaping",
      "timestamp": "2025-05-18T12:18:55.132Z",
      "note": "",
      "date": "Sun May 18 2025"
    },
    {
      "id": 1747583289132,
      "type": "smoked",
      "category": "vaping",
      "timestamp": "2025-05-18T15:48:09.132Z",
      "note": "",
      "date": "Sun May 18 2025"
    },
    {
      "id": 1747584739132,
      "type": "craving",
      "category": "alcohol",
      "timestamp": "2025-05-18T16:11:59.132Z",
      "note": "",
      "date": "Sun May 18 2025",
      "intensity": 2
    },
    {
      "id": 1747585338132,
      "type": "smoked",
      "category": "vaping",
      "timestamp": "2025-05-18T16:22:18.132Z",
      "note": "",
      "date": "Sun May 18 2025"
    },
    {
      "id": 1747586245133,
      "type": "craving",
      "category": "vaping",
      "timestamp": "2025-05-18T16:37:15.132Z",
      "note": "",
      "date": "Sun May 18 2025",
      "intensity": 2
    },
    {
      "id": 1747587965132,
      "type": "smoked",
      "category": "vaping",
      "timestamp": "2025-05-18T17:06:05.132Z",
      "note": "",
      "date": "Sun May 18 2025"
    },
    {
      "id": 1747589811132,
      "type": "smoked",
      "category": "alcohol",
      "timestamp": "2025-05-18T17:36:51.132Z",
      "note": "",
      "date": "Sun May 18 2025",
      "cost": 1
    },
    {
      "id": 1747593388134,
      "type": "craving",
      "category": "vaping",
      "timestamp": "2025-05-18T18:36:18.132Z",
      "note": "",
      "date": "Sun May 18 2025",
      "intensity": 1
    },
    {
      "id": 1747594639132,
      "type": "smoked",
      "category": "vaping",
      "timestamp": "2025-05-18T18:57:19.132Z",
      "note": "",
      "date": "Sun May 18 2025"
    },
    {
      "id": 1747598287132,
      "type": "smoked",
      "category": "vaping",
      "timestamp": "2025-05-18T19:58:07.132Z",
      "note": "",
      "date": "Sun May 18 2025"
    },
    {
      "id": 1747598461134,
      "type": "smoked",
      "category": "alcohol",
      "timestamp": "2025-05-18T20:01:01.132Z",
      "note": "",
      "date": "Sun May 18 2025",
      "cost": 1
    },
    {
      "id": 1747599952135,
      "type": "smoked",
      "category": "alcohol",
      "timestamp": "2025-05-18T20:25:52.132Z",
      "note": "",
      "date": "Sun May 18 2025",
      "cost": 1
    },
    {
      "id": 1747602315133,
      "type": "smoked",
      "category": "alcohol",
      "timestamp": "2025-05-18T21:05:15.132Z",
      "note": "",
      "date": "Sun May 18 2025",
      "cost": 1.25
    },
    {
      "id": 1747647612132,
      "type": "smoked",
      "category": "vaping",
      "timestamp": "2025-05-19T09:40:12.132Z",
      "note": "",
      "date": "Mon May 19 2025"
    },
    {
      "id": 1747655085133,
      "type": "craving",
      "category": "vaping",
      "timestamp": "2025-05-19T11:44:35.132Z",
      "note": "",
      "date": "Mon May 19 2025",
      "intensity": 2
    },
    {
      "id": 1747655531132,
      "type": "craving",
      "category": "vaping",
      "timestamp": "2025-05-19T11:52:01.132Z",
      "note": "",
      "date": "Mon May 19 2025",
      "intensity": 3
    },
    {
      "id": 1747657314132,
      "type": "smoked",
      "category": "vaping",
      "timestamp": "2025-05-19T12:21:54.132Z",
      "note": "",
      "date": "Mon May 19 2025"
    },
    {
      "id": 1747659035132,
      "type": "smoked",
      "category": "vaping",
      "timestamp": "2025-05-19T12:50:35.132Z",
      "note": "",
      "date": "Mon May 19 2025"
    },
    {
      "id": 1747668261132,
      "type": "smoked",
      "category": "vaping",
      "timestamp": "2025-05-19T15:24:21.132Z",
      "note": "",
      "date": "Mon May 19 2025"
    },
    {
      "id": 1747674809132,
      "type": "smoked",
      "category": "vaping",
      "timestamp": "2025-05-19T17:13:29.132Z",
      "note": "",
      "date": "Mon May 19 2025"
    },
    {
      "id": 1747676558135,
      "type": "smoked",
      "category": "alcohol",
      "timestamp": "2025-05-19T17:42:38.132Z",
      "note": "",
      "date": "Mon May 19 2025",
      "cost": 0.75
    },
    {
      "id": 1747678180132,
      "type": "craving",
      "category": "alcohol",
      "timestamp": "2025-05-19T18:09:20.132Z",
      "note": "",
      "date": "Mon May 19 2025",
      "intensity": 2
    },
    {
      "id": 1747678602133,
      "type": "smoked",
      "category": "alcohol",
      "timestamp": "2025-05-19T18:16:42.132Z",
      "note": "",
      "date": "Mon May 19 2025",
      "cost": 1.25
    },
    {
      "id": 1747680073134,
      "type": "smoked",
      "category": "alcohol",
      "timestamp": "2025-05-19T18:41:13.132Z",
      "note": "",
      "date": "Mon May 19 2025",
      "cost": 0.75
    },
    {
      "id": 1747680324132,
      "type": "smoked",
      "category": "vaping",
      "timestamp": "2025-05-19T18:45:24.132Z",
      "note": "",
      "date": "Mon May 19 2025"
    },
    {
      "id": 1747689823132,
      "type": "smoked",
      "category": "vaping",
      "timestamp": "2025-05-19T21:23:43.132Z",
      "note": "",
      "date": "Mon May 19 2025"
    },
    {
      "id": 1747692443132,
      "type": "smoked",
      "category": "vaping",
      "timestamp": "2025-05-19T22:07:23.132Z",
      "note": "",
      "date": "Mon May 19 2025"
    },
    {
      "id": 1747692705132,
      "type": "smoked",
      "category": "alcohol",
      "timestamp": "2025-05-19T22:11:45.132Z",
      "note": "",
      "date": "Mon May 19 2025",
      "cost": 1.25
    },
    {
      "id": 1747693121132,
      "type": "smoked",
      "category": "vaping",
      "timestamp": "2025-05-19T22:18:41.132Z",
      "note": "",
      "date": "Mon May 19 2025"
    },
    {
      "id": 1747693666134,
      "type": "craving",
      "category": "vaping",
      "timestamp": "2025-05-19T22:27:36.132Z",
      "note": "",
      "date": "Mon May 19 2025",
      "intensity": 2
    },
    {
      "id": 1747694690132,
      "type": "smoked",
      "category": "vaping",
      "timestamp": "2025-05-19T22:44:50.132Z",
      "note": "",
      "date": "Mon May 19 2025"
    },
    {
      "id": 1747730484133,
      "type": "craving",
      "category": "vaping",
      "timestamp": "2025-05-20T08:41:14.132Z",
      "note": "",
      "date": "Tue May 20 2025",
      "intensity": 3
    },
    {
      "id": 1747740367132,
      "type": "smoked",
      "category": "vaping",
      "timestamp": "2025-05-20T11:26:07.132Z",
      "note": "",
      "date": "Tue May 20 2025"
    },
    {
      "id": 1747741722132,
      "type": "smoked",
      "category": "vaping",
      "timestamp": "2025-05-20T11:48:42.132Z",
      "note": "",
      "date": "Tue May 20 2025"
    },
    {
      "id": 1747743447132,
      "type": "smoked",
      "category": "vaping",
      "timestamp": "2025-05-20T12:17:27.132Z",
      "note": "",
      "date": "Tue May 20 2025"
    },
    {
      "id": 1747759802132,
      "type": "craving",
      "category": "alcohol",
      "timestamp": "2025-05-20T16:49:42.132Z",
      "note": "",
      "date": "Tue May 20 2025",
      "intensity": 2
    },
    {
      "id": 1747764467132,
      "type": "smoked",
      "category": "vaping",
      "timestamp": "2025-05-20T18:07:47.132Z",
      "note": "",
      "date": "Tue May 20 2025"
    },
    {
      "id": 1747766302132,
      "type": "smoked",
      "category": "vaping",
      "timestamp": "2025-05-20T18:38:22.132Z",
      "note": "",
      "date": "Tue May 20 2025"
    },
    {
      "id": 1747766505134,
      "type": "smoked",
      "category": "alcohol",
      "timestamp": "2025-05-20T18:41:45.132Z",
      "note": "",
      "date": "Tue May 20 2025",
      "cost": 1
    },
    {
      "id": 1747771223133,
      "type": "smoked",
      "category": "alcohol",
      "timestamp": "2025-05-20T20:00:23.132Z",
      "note": "",
      "date": "Tue May 20 2025",
      "cost": 1
    },
    {
      "id": 1747773613132,
      "type": "craving",
      "category": "vaping",
      "timestamp": "2025-05-20T20:40:03.132Z",
      "note": "",
      "date": "Tue May 20 2025",
      "intensity": 2
    },
    {
      "id": 1747774481134,
      "type": "craving",
      "category": "vaping",
      "timestamp": "2025-05-20T20:54:31.132Z",
      "note": "",
      "date": "Tue May 20 2025",
      "intensity": 1
    },
    {
      "id": 1747776060132,
      "type": "smoked",
      "category": "vaping",
      "timestamp": "2025-05-20T21:21:00.132Z",
      "note": "",
      "date": "Tue May 20 2025"
    },
    {
      "id": 1747776755132,
      "type": "smoked",
      "category": "vaping",
      "timestamp": "2025-05-20T21:32:35.132Z",
      "note": "",
      "date": "Tue May 20 2025"
    },
    {
      "id": 1747776948132,
      "type": "smoked",
      "category": "alcohol",
      "timestamp": "2025-05-20T21:35:48.132Z",
      "note": "",
      "date": "Tue May 20 2025",
      "cost": 0.75
    },
    {
      "id": 1747777138132,
      "type": "smoked",
      "category": "vaping",
      "timestamp": "2025-05-20T21:38:58.132Z",
      "note": "",
      "date": "Tue May 20 2025"
    },
    {
      "id": 1747810980132,
      "type": "smoked",
      "category": "vaping",
      "timestamp": "2025-05-21T07:03:00.132Z",
      "note": "",
      "date": "Wed May 21 2025"
    },
    {
      "id": 1747812314132,
      "type": "smoked",
      "category": "vaping",
      "timestamp": "2025-05-21T07:25:14.132Z",
      "note": "",
      "date": "Wed May 21 2025"
    },
    {
      "id": 1747814346132,
      "type": "smoked",
      "category": "vaping",
      "timestamp": "2025-05-21T07:59:06.132Z",
      "note": "",
      "date": "Wed May 21 2025"
    },
    {
      "id": 1747817814132,
      "type": "smoked",
      "category": "vaping",
      "timestamp": "2025-05-21T08:56:54.132Z",
      "note": "",
      "date": "Wed May 21 2025"
    },
    {
      "id": 1747818473132,
      "type": "smoked",
      "category": "vaping",
      "timestamp": "2025-05-21T09:07:53.132Z",
      "note": "",
      "date": "Wed May 21 2025"
    },
    {
      "id": 1747824613134,
      "type": "craving",
      "category": "vaping",
      "timestamp": "2025-05-21T10:50:03.132Z",
      "note": "",
      "date": "Wed May 21 2025",
      "intensity": 1
    },
    {
      "id": 1747831046132,
      "type": "smoked",
      "category": "vaping",
      "timestamp": "2025-05-21T12:37:26.132Z",
      "note": "",
      "date": "Wed May 21 2025"
    },
    {
      "id": 1747835284137,
      "type": "craving",
      "category": "vaping",
      "timestamp": "2025-05-21T13:47:54.132Z",
      "note": "",
      "date": "Wed May 21 2025",
      "intensity": 2
    },
    {
      "id": 1747838131132,
      "type": "smoked",
      "category": "vaping",
      "timestamp": "2025-05-21T14:35:31.132Z",
      "note": "",
      "date": "Wed May 21 2025"
    },
    {
      "id": 1747840786132,
      "type": "smoked",
      "category": "vaping",
      "timestamp": "2025-05-21T15:19:46.132Z",
      "note": "",
      "date": "Wed May 21 2025"
    },
    {
      "id": 1747841000132,
      "type": "smoked",
      "category": "vaping",
      "timestamp": "2025-05-21T15:23:20.132Z",
      "note": "",
      "date": "Wed May 21 2025"
    },
    {
      "id": 1747843680132,
      "type": "smoked",
      "category": "vaping",
      "timestamp": "2025-05-21T16:08:00.132Z",
      "note": "",
      "date": "Wed May 21 2025"
    },
    {
      "id": 1747847125132,
      "type": "craving",
      "category": "alcohol",
      "timestamp": "2025-05-21T17:05:05.132Z",
      "note": "",
      "date": "Wed May 21 2025",
      "intensity": 1
    },
    {
      "id": 1747848714135,
      "type": "craving",
      "category": "vaping",
      "timestamp": "2025-05-21T17:31:44.132Z",
      "note": "",
      "date": "Wed May 21 2025",
      "intensity": 2
    },
    {
      "id": 1747850387132,
      "type": "craving",
      "category": "vaping",
      "timestamp": "2025-05-21T17:59:37.132Z",
      "note": "",
      "date": "Wed May 21 2025",
      "intensity": 1
    },
    {
      "id": 1747854460132,
      "type": "smoked",
      "category": "alcohol",
      "timestamp": "2025-05-21T19:07:40.132Z",
      "note": "",
      "date": "Wed May 21 2025",
      "cost": 1
    },
    {
      "id": 1747857581136,
      "type": "craving",
      "category": "vaping",
      "timestamp": "2025-05-21T19:59:31.132Z",
      "note": "",
      "date": "Wed May 21 2025",
      "intensity": 2
    },
    {
      "id": 1747860963134,
      "type": "smoked",
      "category": "alcohol",
      "timestamp": "2025-05-21T20:56:03.132Z",
      "note": "",
      "date": "Wed May 21 2025",
      "cost": 0.75
    },
    {
      "id": 1747861770133,
      "type": "craving",
      "category": "vaping",
      "timestamp": "2025-05-21T21:09:20.132Z",
      "note": "",
      "date": "Wed May 21 2025",
      "intensity": 1
    },
    {
      "id": 1747863326133,
      "type": "smoked",
      "category": "alcohol",
      "timestamp": "2025-05-21T21:35:26.132Z",
      "note": "",
      "date": "Wed May 21 2025",
      "cost": 1.25
    },
    {
      "id": 1747901305132,
      "type": "smoked",
      "category": "vaping",
      "timestamp": "2025-05-22T08:08:25.132Z",
      "note": "",
      "date": "Thu May 22 2025"
    },
    {
      "id": 1747902710134,
      "type": "craving",
      "category": "vaping",
      "timestamp": "2025-05-22T08:31:40.132Z",
      "note": "",
      "date": "Thu May 22 2025",
      "intensity": 1
    },
    {
      "id": 1747908605136,
      "type": "craving",
      "category": "vaping",
      "timestamp": "2025-05-22T10:09:55.132Z",
      "note": "",
      "date": "Thu May 22 2025",
      "intensity": 2
    },
    {
      "id": 1747910881135,
      "type": "craving",
      "category": "vaping",
      "timestamp": "2025-05-22T10:47:51.132Z",
      "note": "",
      "date": "Thu May 22 2025",
      "intensity": 2
    },
    {
      "id": 1747913193132,
      "type": "smoked",
      "category": "vaping",
      "timestamp": "2025-05-22T11:26:33.132Z",
      "note": "",
      "date": "Thu May 22 2025"
    },
    {
      "id": 1747919841132,
      "type": "smoked",
      "category": "vaping",
      "timestamp": "2025-05-22T13:17:21.132Z",
      "note": "",
      "date": "Thu May 22 2025"
    },
    {
      "id": 1747923558132,
      "type": "smoked",
      "category": "vaping",
      "timestamp": "2025-05-22T14:19:18.132Z",
      "note": "",
      "date": "Thu May 22 2025"
    },
    {
      "id": 1747926233132,
      "type": "smoked",
      "category": "vaping",
      "timestamp": "2025-05-22T15:03:53.132Z",
      "note": "",
      "date": "Thu May 22 2025"
    },
    {
      "id": 1747926382132,
      "type": "smoked",
      "category": "vaping",
      "timestamp": "2025-05-22T15:06:22.132Z",
      "note": "",
      "date": "Thu May 22 2025"
    },
    {
      "id": 1747926896132,
      "type": "craving",
      "category": "alcohol",
      "timestamp": "2025-05-22T15:14:36.132Z",
      "note": "",
      "date": "Thu May 22 2025",
      "intensity": 2
    },
    {
      "id": 1747929244132,
      "type": "smoked",
      "category": "vaping",
      "timestamp": "2025-05-22T15:54:04.132Z",
      "note": "",
      "date": "Thu May 22 2025"
    },
    {
      "id": 1747931540132,
      "type": "smoked",
      "category": "vaping",
      "timestamp": "2025-05-22T16:32:20.132Z",
      "note": "",
      "date": "Thu May 22 2025"
    },
    {
      "id": 1747936634136,
      "type": "smoked",
      "category": "alcohol",
      "timestamp": "2025-05-22T17:57:14.132Z",
      "note": "",
      "date": "Thu May 22 2025",
      "cost": 0.75
    },
    {
      "id": 1747938537133,
      "type": "craving",
      "category": "vaping",
      "timestamp": "2025-05-22T18:28:47.132Z",
      "note": "",
      "date": "Thu May 22 2025",
      "intensity": 2
    },
    {
      "id": 1747938686132,
      "type": "smoked",
      "category": "vaping",
      "timestamp": "2025-05-22T18:31:26.132Z",
      "note": "",
      "date": "Thu May 22 2025"
    },
    {
      "id": 1747940772135,
      "type": "smoked",
      "category": "alcohol",
      "timestamp": "2025-05-22T19:06:12.132Z",
      "note": "",
      "date": "Thu May 22 2025",
      "cost": 1
    },
    {
      "id": 1747945171132,
      "type": "smoked",
      "category": "alcohol",
      "timestamp": "2025-05-22T20:19:31.132Z",
      "note": "",
      "date": "Thu May 22 2025",
      "cost": 1
    },
    {
      "id": 1747947294132,
      "type": "smoked",
      "category": "vaping",
      "timestamp": "2025-05-22T20:54:54.132Z",
      "note": "",
      "date": "Thu May 22 2025"
    },
    {
      "id": 1747948998132,
      "type": "craving",
      "category": "vaping",
      "timestamp": "2025-05-22T21:23:08.132Z",
      "note": "",
      "date": "Thu May 22 2025",
      "intensity": 2
    },
    {
      "id": 1747950746134,
      "type": "smoked",
      "category": "alcohol",
      "timestamp": "2025-05-22T21:52:26.132Z",
      "note": "",
      "date": "Thu May 22 2025",
      "cost": 1.25
    },
    {
      "id": 1747952250132,
      "type": "smoked",
      "category": "vaping",
      "timestamp": "2025-05-22T22:17:30.132Z",
      "note": "",
      "date": "Thu May 22 2025"
    },
    {
      "id": 1747954287133,
      "type": "smoked",
      "category": "alcohol",
      "timestamp": "2025-05-22T22:51:27.132Z",
      "note": "",
      "date": "Thu May 22 2025",
      "cost": 0.75
    },
    {
      "id": 1747984831132,
      "type": "smoked",
      "category": "vaping",
      "timestamp": "2025-05-23T07:20:31.132Z",
      "note": "",
      "date": "Fri May 23 2025"
    },
    {
      "id": 1747986562132,
      "type": "smoked",
      "category": "vaping",
      "timestamp": "2025-05-23T07:49:22.132Z",
      "note": "",
      "date": "Fri May 23 2025"
    },
    {
      "id": 1747991622134,
      "type": "craving",
      "category": "vaping",
      "timestamp": "2025-05-23T09:13:32.132Z",
      "note": "",
      "date": "Fri May 23 2025",
      "intensity": 1
    },
    {
      "id": 1747997144132,
      "type": "smoked",
      "category": "vaping",
      "timestamp": "2025-05-23T10:45:44.132Z",
      "note": "",
      "date": "Fri May 23 2025"
    },
    {
      "id": 1747999538132,
      "type": "smoked",
      "category": "vaping",
      "timestamp": "2025-05-23T11:25:38.132Z",
      "note": "",
      "date": "Fri May 23 2025"
    },
    {
      "id": 1748003191132,
      "type": "smoked",
      "category": "vaping",
      "timestamp": "2025-05-23T12:26:31.132Z",
      "note": "",
      "date": "Fri May 23 2025"
    },
    {
      "id": 1748003223132,
      "type": "smoked",
      "category": "vaping",
      "timestamp": "2025-05-23T12:27:03.132Z",
      "note": "",
      "date": "Fri May 23 2025"
    },
    {
      "id": 1748004380132,
      "type": "smoked",
      "category": "vaping",
      "timestamp": "2025-05-23T12:46:20.132Z",
      "note": "",
      "date": "Fri May 23 2025"
    },
    {
      "id": 1748011524133,
      "type": "craving",
      "category": "vaping",
      "timestamp": "2025-05-23T14:45:14.132Z",
      "note": "",
      "date": "Fri May 23 2025",
      "intensity": 1
    },
    {
      "id": 1748014898132,
      "type": "craving",
      "category": "alcohol",
      "timestamp": "2025-05-23T15:41:18.132Z",
      "note": "",
      "date": "Fri May 23 2025",
      "intensity": 2
    },
    {
      "id": 1748017138132,
      "type": "smoked",
      "category": "vaping",
      "timestamp": "2025-05-23T16:18:58.132Z",
      "note": "",
      "date": "Fri May 23 2025"
    },
    {
      "id": 1748018474132,
      "type": "smoked",
      "category": "vaping",
      "timestamp": "2025-05-23T16:41:14.132Z",
      "note": "",
      "date": "Fri May 23 2025"
    },
    {
      "id": 1748020172133,
      "type": "smoked",
      "category": "alcohol",
      "timestamp": "2025-05-23T17:09:32.132Z",
      "note": "",
      "date": "Fri May 23 2025",
      "cost": 1
    },
    {
      "id": 1748029407132,
      "type": "smoked",
      "category": "vaping",
      "timestamp": "2025-05-23T19:43:27.132Z",
      "note": "",
      "date": "Fri May 23 2025"
    },
    {
      "id": 1748029529132,
      "type": "smoked",
      "category": "vaping",
      "timestamp": "2025-05-23T19:45:29.132Z",
      "note": "",
      "date": "Fri May 23 2025"
    },
    {
      "id": 1748030144132,
      "type": "craving",
      "category": "vaping",
      "timestamp": "2025-05-23T19:55:34.132Z",
      "note": "",
      "date": "Fri May 23 2025",
      "intensity": 2
    },
    {
      "id": 1748030568132,
      "type": "smoked",
      "category": "alcohol",
      "timestamp": "2025-05-23T20:02:48.132Z",
      "note": "",
      "date": "Fri May 23 2025",
      "cost": 0.75
    },
    {
      "id": 1748038638132,
      "type": "smoked",
      "category": "vaping",
      "timestamp": "2025-05-23T22:17:18.132Z",
      "note": "",
      "date": "Fri May 23 2025"
    },
    {
      "id": 1748039128134,
      "type": "smoked",
      "category": "alcohol",
      "timestamp": "2025-05-23T22:25:28.132Z",
      "note": "",
      "date": "Fri May 23 2025",
      "cost": 1
    },
    {
      "id": 1748082653132,
      "type": "smoked",
      "category": "vaping",
      "timestamp": "2025-05-24T10:30:53.132Z",
      "note": "",
      "date": "Sat May 24 2025"
    },
    {
      "id": 1748087910132,
      "type": "smoked",
      "category": "vaping",
      "timestamp": "2025-05-24T11:58:30.132Z",
      "note": "",
      "date": "Sat May 24 2025"
    },
    {
      "id": 1748089134132,
      "type": "smoked",
      "category": "vaping",
      "timestamp": "2025-05-24T12:18:54.132Z",
      "note": "",
      "date": "Sat May 24 2025"
    },
    {
      "id": 1748091871132,
      "type": "smoked",
      "category": "vaping",
      "timestamp": "2025-05-24T13:04:31.132Z",
      "note": "",
      "date": "Sat May 24 2025"
    },
    {
      "id": 1748093679132,
      "type": "smoked",
      "category": "vaping",
      "timestamp": "2025-05-24T13:34:39.132Z",
      "note": "",
      "date": "Sat May 24 2025"
    },
    {
      "id": 1748094556133,
      "type": "craving",
      "category": "vaping",
      "timestamp": "2025-05-24T13:49:06.132Z",
      "note": "",
      "date": "Sat May 24 2025",
      "intensity": 3
    },
    {
      "id": 1748096918132,
      "type": "smoked",
      "category": "vaping",
      "timestamp": "2025-05-24T14:28:38.132Z",
      "note": "",
      "date": "Sat May 24 2025"
    },
    {
      "id": 1748099052132,
      "type": "craving",
      "category": "vaping",
      "timestamp": "2025-05-24T15:04:02.132Z",
      "note": "",
      "date": "Sat May 24 2025",
      "intensity": 3
    },
    {
      "id": 1748100361132,
      "type": "craving",
      "category": "alcohol",
      "timestamp": "2025-05-24T15:25:41.132Z",
      "note": "",
      "date": "Sat May 24 2025",
      "intensity": 2
    },
    {
      "id": 1748100677136,
      "type": "craving",
      "category": "vaping",
      "timestamp": "2025-05-24T15:31:07.132Z",
      "note": "",
      "date": "Sat May 24 2025",
      "intensity": 2
    },
    {
      "id": 1748109053132,
      "type": "smoked",
      "category": "alcohol",
      "timestamp": "2025-05-24T17:50:53.132Z",
      "note": "",
      "date": "Sat May 24 2025",
      "cost": 1
    },
    {
      "id": 1748109226135,
      "type": "smoked",
      "category": "alcohol",
      "timestamp": "2025-05-24T17:53:46.132Z",
      "note": "",
      "date": "Sat May 24 2025",
      "cost": 1
    },
    {
      "id": 1748109417135,
      "type": "craving",
      "category": "vaping",
      "timestamp": "2025-05-24T17:56:47.132Z",
      "note": "",
      "date": "Sat May 24 2025",
      "intensity": 3
    },
    {
      "id": 1748111030133,
      "type": "smoked",
      "category": "alcohol",
      "timestamp": "2025-05-24T18:23:50.132Z",
      "note": "",
      "date": "Sat May 24 2025",
      "cost": 1
    },
    {
      "id": 1748114286134,
      "type": "craving",
      "category": "vaping",
      "timestamp": "2025-05-24T19:17:56.132Z",
      "note": "",
      "date": "Sat May 24 2025",
      "intensity": 2
    },
    {
      "id": 1748115055134,
      "type": "smoked",
      "category": "alcohol",
      "timestamp": "2025-05-24T19:30:55.132Z",
      "note": "",
      "date": "Sat May 24 2025",
      "cost": 1.25
    },
    {
      "id": 1748116478132,
      "type": "smoked",
      "category": "vaping",
      "timestamp": "2025-05-24T19:54:38.132Z",
      "note": "",
      "date": "Sat May 24 2025"
    },
    {
      "id": 1748122008132,
      "type": "smoked",
      "category": "vaping",
      "timestamp": "2025-05-24T21:26:48.132Z",
      "note": "",
      "date": "Sat May 24 2025"
    },
    {
      "id": 1748123350132,
      "type": "smoked",
      "category": "vaping",
      "timestamp": "2025-05-24T21:49:10.132Z",
      "note": "",
      "date": "Sat May 24 2025"
    },
    {
      "id": 1748124846132,
      "type": "smoked",
      "category": "vaping",
      "timestamp": "2025-05-24T22:14:06.132Z",
      "note": "",
      "date": "Sat May 24 2025"
    },
    {
      "id": 1748125228132,
      "type": "smoked",
      "category": "vaping",
      "timestamp": "2025-05-24T22:20:28.132Z",
      "note": "",
      "date": "Sat May 24 2025"
    },
    {
      "id": 1748159644132,
      "type": "smoked",
      "category": "vaping",
      "timestamp": "2025-05-25T07:54:04.132Z",
      "note": "",
      "date": "Sun May 25 2025"
    },
    {
      "id": 1748163473132,
      "type": "smoked",
      "category": "vaping",
      "timestamp": "2025-05-25T08:57:53.132Z",
      "note": "",
      "date": "Sun May 25 2025"
    },
    {
      "id": 1748163575133,
      "type": "craving",
      "category": "vaping",
      "timestamp": "2025-05-25T08:59:25.132Z",
      "note": "",
      "date": "Sun May 25 2025",
      "intensity": 2
    },
    {
      "id": 1748165441132,
      "type": "smoked",
      "category": "vaping",
      "timestamp": "2025-05-25T09:30:41.132Z",
      "note": "",
      "date": "Sun May 25 2025"
    },
    {
      "id": 1748165456132,
      "type": "smoked",
      "category": "vaping",
      "timestamp": "2025-05-25T09:30:56.132Z",
      "note": "",
      "date": "Sun May 25 2025"
    },
    {
      "id": 1748183084132,
      "type": "smoked",
      "category": "vaping",
      "timestamp": "2025-05-25T14:24:44.132Z",
      "note": "",
      "date": "Sun May 25 2025"
    },
    {
      "id": 1748183678132,
      "type": "smoked",
      "category": "vaping",
      "timestamp": "2025-05-25T14:34:38.132Z",
      "note": "",
      "date": "Sun May 25 2025"
    },
    {
      "id": 1748190001132,
      "type": "craving",
      "category": "alcohol",
      "timestamp": "2025-05-25T16:19:41.132Z",
      "note": "",
      "date": "Sun May 25 2025",
      "intensity": 2
    },
    {
      "id": 1748192480135,
      "type": "smoked",
      "category": "alcohol",
      "timestamp": "2025-05-25T17:01:20.132Z",
      "note": "",
      "date": "Sun May 25 2025",
      "cost": 1.25
    },
    {
      "id": 1748196536132,
      "type": "smoked",
      "category": "vaping",
      "timestamp": "2025-05-25T18:08:56.132Z",
      "note": "",
      "date": "Sun May 25 2025"
    },
    {
      "id": 1748200494132,
      "type": "smoked",
      "category": "alcohol",
      "timestamp": "2025-05-25T19:14:54.132Z",
      "note": "",
      "date": "Sun May 25 2025",
      "cost": 0.75
    },
    {
      "id": 1748203025136,
      "type": "smoked",
      "category": "alcohol",
      "timestamp": "2025-05-25T19:57:05.132Z",
      "note": "",
      "date": "Sun May 25 2025",
      "cost": 1.25
    },
    {
      "id": 1748203441137,
      "type": "smoked",
      "category": "alcohol",
      "timestamp": "2025-05-25T20:04:01.132Z",
      "note": "",
      "date": "Sun May 25 2025",
      "cost": 1
    },
    {
      "id": 1748205856132,
      "type": "smoked",
      "category": "vaping",
      "timestamp": "2025-05-25T20:44:16.132Z",
      "note": "",
      "date": "Sun May 25 2025"
    },
    {
      "id": 1748206729132,
      "type": "craving",
      "category": "vaping",
      "timestamp": "2025-05-25T20:58:39.132Z",
      "note": "",
      "date": "Sun May 25 2025",
      "intensity": 1
    },
    {
      "id": 1748208534132,
      "type": "smoked",
      "category": "vaping",
      "timestamp": "2025-05-25T21:28:54.132Z",
      "note": "",
      "date": "Sun May 25 2025"
    },
    {
      "id": 1748211100134,
      "type": "craving",
      "category": "vaping",
      "timestamp": "2025-05-25T22:11:30.132Z",
      "note": "",
      "date": "Sun May 25 2025",
      "intensity": 1
    },
    {
      "id": 1748211532133,
      "type": "smoked",
      "category": "alcohol",
      "timestamp": "2025-05-25T22:18:52.132Z",
      "note": "",
      "date": "Sun May 25 2025",
      "cost": 1
    },
    {
      "id": 1748213233134,
      "type": "smoked",
      "category": "alcohol",
      "timestamp": "2025-05-25T22:47:13.132Z",
      "note": "",
      "date": "Sun May 25 2025",
      "cost": 1
    },
    {
      "id": 1748243574132,
      "type": "smoked",
      "category": "vaping",
      "timestamp": "2025-05-26T07:12:54.132Z",
      "note": "",
      "date": "Mon May 26 2025"
    },
    {
      "id": 1748257763132,
      "type": "craving",
      "category": "vaping",
      "timestamp": "2025-05-26T11:09:13.132Z",
      "note": "",
      "date": "Mon May 26 2025",
      "intensity": 2
    },
    {
      "id": 1748257776132,
      "type": "smoked",
      "category": "vaping",
      "timestamp": "2025-05-26T11:09:36.132Z",
      "note": "",
      "date": "Mon May 26 2025"
    },
    {
      "id": 1748260673132,
      "type": "smoked",
      "category": "vaping",
      "timestamp": "2025-05-26T11:57:53.132Z",
      "note": "",
      "date": "Mon May 26 2025"
    },
    {
      "id": 1748268864132,
      "type": "smoked",
      "category": "vaping",
      "timestamp": "2025-05-26T14:14:24.132Z",
      "note": "",
      "date": "Mon May 26 2025"
    },
    {
      "id": 1748270862134,
      "type": "craving",
      "category": "vaping",
      "timestamp": "2025-05-26T14:47:32.132Z",
      "note": "",
      "date": "Mon May 26 2025",
      "intensity": 2
    },
    {
      "id": 1748272401132,
      "type": "craving",
      "category": "alcohol",
      "timestamp": "2025-05-26T15:13:01.132Z",
      "note": "",
      "date": "Mon May 26 2025",
      "intensity": 3
    },
    {
      "id": 1748276358132,
      "type": "smoked",
      "category": "vaping",
      "timestamp": "2025-05-26T16:19:18.132Z",
      "note": "",
      "date": "Mon May 26 2025"
    },
    {
      "id": 1748278828132,
      "type": "smoked",
      "category": "vaping",
      "timestamp": "2025-05-26T17:00:28.132Z",
      "note": "",
      "date": "Mon May 26 2025"
    },
    {
      "id": 1748279251133,
      "type": "craving",
      "category": "vaping",
      "timestamp": "2025-05-26T17:07:21.132Z",
      "note": "",
      "date": "Mon May 26 2025",
      "intensity": 2
    },
    {
      "id": 1748279276132,
      "type": "smoked",
      "category": "vaping",
      "timestamp": "2025-05-26T17:07:56.132Z",
      "note": "",
      "date": "Mon May 26 2025"
    },
    {
      "id": 1748279715133,
      "type": "craving",
      "category": "alcohol",
      "timestamp": "2025-05-26T17:14:55.132Z",
      "note": "",
      "date": "Mon May 26 2025",
      "intensity": 1
    },
    {
      "id": 1748284421132,
      "type": "smoked",
      "category": "alcohol",
      "timestamp": "2025-05-26T18:33:41.132Z",
      "note": "",
      "date": "Mon May 26 2025",
      "cost": 1
    },
    {
      "id": 1748284783134,
      "type": "smoked",
      "category": "alcohol",
      "timestamp": "2025-05-26T18:39:43.132Z",
      "note": "",
      "date": "Mon May 26 2025",
      "cost": 1.25
    },
    {
      "id": 1748286281132,
      "type": "smoked",
      "category": "vaping",
      "timestamp": "2025-05-26T19:04:41.132Z",
      "note": "",
      "date": "Mon May 26 2025"
    },
    {
      "id": 1748286371135,
      "type": "smoked",
      "category": "alcohol",
      "timestamp": "2025-05-26T19:06:11.132Z",
      "note": "",
      "date": "Mon May 26 2025",
      "cost": 0.75
    },
    {
      "id": 1748288947133,
      "type": "smoked",
      "category": "alcohol",
      "timestamp": "2025-05-26T19:49:07.132Z",
      "note": "",
      "date": "Mon May 26 2025",
      "cost": 1
    },
    {
      "id": 1748299834136,
      "type": "smoked",
      "category": "alcohol",
      "timestamp": "2025-05-26T22:50:34.132Z",
      "note": "",
      "date": "Mon May 26 2025",
      "cost": 1
    },
    {
      "id": 1748333143132,
      "type": "smoked",
      "category": "vaping",
      "timestamp": "2025-05-27T08:05:43.132Z",
      "note": "",
      "date": "Tue May 27 2025"
    },
    {
      "id": 1748333400132,
      "type": "smoked",
      "category": "vaping",
      "timestamp": "2025-05-27T08:10:00.132Z",
      "note": "",
      "date": "Tue May 27 2025"
    },
    {
      "id": 1748335067132,
      "type": "craving",
      "category": "vaping",
      "timestamp": "2025-05-27T08:37:37.132Z",
      "note": "",
      "date": "Tue May 27 2025",
      "intensity": 2
    },
    {
      "id": 1748349326134,
      "type": "craving",
      "category": "vaping",
      "timestamp": "2025-05-27T12:35:16.132Z",
      "note": "",
      "date": "Tue May 27 2025",
      "intensity": 2
    },
    {
      "id": 1748349366132,
      "type": "smoked",
      "category": "vaping",
      "timestamp": "2025-05-27T12:36:06.132Z",
      "note": "",
      "date": "Tue May 27 2025"
    },
    {
      "id": 1748349982137,
      "type": "craving",
      "category": "vaping",
      "timestamp": "2025-05-27T12:46:12.132Z",
      "note": "",
      "date": "Tue May 27 2025",
      "intensity": 1
    },
    {
      "id": 1748350223132,
      "type": "smoked",
      "category": "vaping",
      "timestamp": "2025-05-27T12:50:23.132Z",
      "note": "",
      "date": "Tue May 27 2025"
    },
    {
      "id": 1748354939132,
      "type": "smoked",
      "category": "vaping",
      "timestamp": "2025-05-27T14:08:59.132Z",
      "note": "",
      "date": "Tue May 27 2025"
    },
    {
      "id": 1748356084132,
      "type": "smoked",
      "category": "vaping",
      "timestamp": "2025-05-27T14:28:04.132Z",
      "note": "",
      "date": "Tue May 27 2025"
    },
    {
      "id": 1748357882135,
      "type": "craving",
      "category": "vaping",
      "timestamp": "2025-05-27T14:57:52.132Z",
      "note": "",
      "date": "Tue May 27 2025",
      "intensity": 1
    },
    {
      "id": 1748357996133,
      "type": "craving",
      "category": "vaping",
      "timestamp": "2025-05-27T14:59:46.132Z",
      "note": "",
      "date": "Tue May 27 2025",
      "intensity": 2
    },
    {
      "id": 1748360449132,
      "type": "craving",
      "category": "alcohol",
      "timestamp": "2025-05-27T15:40:29.132Z",
      "note": "",
      "date": "Tue May 27 2025",
      "intensity": 3
    },
    {
      "id": 1748366220132,
      "type": "smoked",
      "category": "alcohol",
      "timestamp": "2025-05-27T17:17:00.132Z",
      "note": "",
      "date": "Tue May 27 2025",
      "cost": 1
    },
    {
      "id": 1748369714132,
      "type": "smoked",
      "category": "vaping",
      "timestamp": "2025-05-27T18:15:14.132Z",
      "note": "",
      "date": "Tue May 27 2025"
    },
    {
      "id": 1748370255133,
      "type": "smoked",
      "category": "alcohol",
      "timestamp": "2025-05-27T18:24:15.132Z",
      "note": "",
      "date": "Tue May 27 2025",
      "cost": 1
    },
    {
      "id": 1748371815132,
      "type": "smoked",
      "category": "vaping",
      "timestamp": "2025-05-27T18:50:15.132Z",
      "note": "",
      "date": "Tue May 27 2025"
    },
    {
      "id": 1748373864132,
      "type": "smoked",
      "category": "vaping",
      "timestamp": "2025-05-27T19:24:24.132Z",
      "note": "",
      "date": "Tue May 27 2025"
    },
    {
      "id": 1748374336136,
      "type": "craving",
      "category": "vaping",
      "timestamp": "2025-05-27T19:32:06.132Z",
      "note": "",
      "date": "Tue May 27 2025",
      "intensity": 2
    },
    {
      "id": 1748375981132,
      "type": "smoked",
      "category": "vaping",
      "timestamp": "2025-05-27T19:59:41.132Z",
      "note": "",
      "date": "Tue May 27 2025"
    },
    {
      "id": 1748379847134,
      "type": "smoked",
      "category": "alcohol",
      "timestamp": "2025-05-27T21:04:07.132Z",
      "note": "",
      "date": "Tue May 27 2025",
      "cost": 0.75
    },
    {
      "id": 1748419134132,
      "type": "smoked",
      "category": "vaping",
      "timestamp": "2025-05-28T07:58:54.132Z",
      "note": "",
      "date": "Wed May 28 2025"
    },
    {
      "id": 1748423373132,
      "type": "smoked",
      "category": "vaping",
      "timestamp": "2025-05-28T09:09:33.132Z",
      "note": "",
      "date": "Wed May 28 2025"
    },
    {
      "id": 1748431738132,
      "type": "smoked",
      "category": "vaping",
      "timestamp": "2025-05-28T11:28:58.132Z",
      "note": "",
      "date": "Wed May 28 2025"
    },
    {
      "id": 1748436995134,
      "type": "craving",
      "category": "vaping",
      "timestamp": "2025-05-28T12:56:25.132Z",
      "note": "",
      "date": "Wed May 28 2025",
      "intensity": 3
    },
    {
      "id": 1748438800132,
      "type": "smoked",
      "category": "vaping",
      "timestamp": "2025-05-28T13:26:40.132Z",
      "note": "",
      "date": "Wed May 28 2025"
    },
    {
      "id": 1748438862132,
      "type": "craving",
      "category": "vaping",
      "timestamp": "2025-05-28T13:27:32.132Z",
      "note": "",
      "date": "Wed May 28 2025",
      "intensity": 1
    },
    {
      "id": 1748440913132,
      "type": "smoked",
      "category": "vaping",
      "timestamp": "2025-05-28T14:01:53.132Z",
      "note": "",
      "date": "Wed May 28 2025"
    },
    {
      "id": 1748443514132,
      "type": "smoked",
      "category": "vaping",
      "timestamp": "2025-05-28T14:45:14.132Z",
      "note": "",
      "date": "Wed May 28 2025"
    },
    {
      "id": 1748451389135,
      "type": "craving",
      "category": "vaping",
      "timestamp": "2025-05-28T16:56:19.132Z",
      "note": "",
      "date": "Wed May 28 2025",
      "intensity": 2
    },
    {
      "id": 1748454707133,
      "type": "smoked",
      "category": "alcohol",
      "timestamp": "2025-05-28T17:51:47.132Z",
      "note": "",
      "date": "Wed May 28 2025",
      "cost": 1.25
    },
    {
      "id": 1748455370132,
      "type": "craving",
      "category": "alcohol",
      "timestamp": "2025-05-28T18:02:30.132Z",
      "note": "",
      "date": "Wed May 28 2025",
      "intensity": 1
    },
    {
      "id": 1748458938137,
      "type": "smoked",
      "category": "alcohol",
      "timestamp": "2025-05-28T19:02:18.132Z",
      "note": "",
      "date": "Wed May 28 2025",
      "cost": 0.75
    },
    {
      "id": 1748460072134,
      "type": "smoked",
      "category": "alcohol",
      "timestamp": "2025-05-28T19:21:12.132Z",
      "note": "",
      "date": "Wed May 28 2025",
      "cost": 0.75
    },
    {
      "id": 1748461629132,
      "type": "smoked",
      "category": "vaping",
      "timestamp": "2025-05-28T19:47:09.132Z",
      "note": "",
      "date": "Wed May 28 2025"
    },
    {
      "id": 1748462392132,
      "type": "smoked",
      "category": "alcohol",
      "timestamp": "2025-05-28T19:59:52.132Z",
      "note": "",
      "date": "Wed May 28 2025",
      "cost": 1
    },
    {
      "id": 1748463042136,
      "type": "smoked",
      "category": "alcohol",
      "timestamp": "2025-05-28T20:10:42.132Z",
      "note": "",
      "date": "Wed May 28 2025",
      "cost": 0.75
    },
    {
      "id": 1748464487132,
      "type": "smoked",
      "category": "vaping",
      "timestamp": "2025-05-28T20:34:47.132Z",
      "note": "",
      "date": "Wed May 28 2025"
    },
    {
      "id": 1748466136136,
      "type": "craving",
      "category": "vaping",
      "timestamp": "2025-05-28T21:02:06.132Z",
      "note": "",
      "date": "Wed May 28 2025",
      "intensity": 1
    },
    {
      "id": 1748467115135,
      "type": "smoked",
      "category": "alcohol",
      "timestamp": "2025-05-28T21:18:35.132Z",
      "note": "",
      "date": "Wed May 28 2025",
      "cost": 1
    },
    {
      "id": 1748470877132,
      "type": "smoked",
      "category": "vaping",
      "timestamp": "2025-05-28T22:21:17.132Z",
      "note": "",
      "date": "Wed May 28 2025"
    },
    {
      "id": 1748471670133,
      "type": "craving",
      "category": "vaping",
      "timestamp": "2025-05-28T22:34:20.132Z",
      "note": "",
      "date": "Wed May 28 2025",
      "intensity": 2
    },
    {
      "id": 1748506733132,
      "type": "smoked",
      "category": "vaping",
      "timestamp": "2025-05-29T08:18:53.132Z",
      "note": "",
      "date": "Thu May 29 2025"
    },
    {
      "id": 1748508741132,
      "type": "smoked",
      "category": "vaping",
      "timestamp": "2025-05-29T08:52:21.132Z",
      "note": "",
      "date": "Thu May 29 2025"
    },
    {
      "id": 1748510374132,
      "type": "smoked",
      "category": "vaping",
      "timestamp": "2025-05-29T09:19:34.132Z",
      "note": "",
      "date": "Thu May 29 2025"
    },
    {
      "id": 1748514441132,
      "type": "smoked",
      "category": "vaping",
      "timestamp": "2025-05-29T10:27:21.132Z",
      "note": "",
      "date": "Thu May 29 2025"
    },
    {
      "id": 1748515163135,
      "type": "craving",
      "category": "vaping",
      "timestamp": "2025-05-29T10:39:13.132Z",
      "note": "",
      "date": "Thu May 29 2025",
      "intensity": 3
    },
    {
      "id": 1748521530132,
      "type": "smoked",
      "category": "vaping",
      "timestamp": "2025-05-29T12:25:30.132Z",
      "note": "",
      "date": "Thu May 29 2025"
    },
    {
      "id": 1748522725132,
      "type": "craving",
      "category": "vaping",
      "timestamp": "2025-05-29T12:45:15.132Z",
      "note": "",
      "date": "Thu May 29 2025",
      "intensity": 2
    },
    {
      "id": 1748522929136,
      "type": "craving",
      "category": "vaping",
      "timestamp": "2025-05-29T12:48:39.132Z",
      "note": "",
      "date": "Thu May 29 2025",
      "intensity": 2
    },
    {
      "id": 1748533282132,
      "type": "craving",
      "category": "alcohol",
      "timestamp": "2025-05-29T15:41:02.132Z",
      "note": "",
      "date": "Thu May 29 2025",
      "intensity": 2
    },
    {
      "id": 1748537870133,
      "type": "craving",
      "category": "vaping",
      "timestamp": "2025-05-29T16:57:40.132Z",
      "note": "",
      "date": "Thu May 29 2025",
      "intensity": 1
    },
    {
      "id": 1748538097133,
      "type": "smoked",
      "category": "alcohol",
      "timestamp": "2025-05-29T17:01:37.132Z",
      "note": "",
      "date": "Thu May 29 2025",
      "cost": 1
    },
    {
      "id": 1748538575134,
      "type": "craving",
      "category": "vaping",
      "timestamp": "2025-05-29T17:09:25.132Z",
      "note": "",
      "date": "Thu May 29 2025",
      "intensity": 3
    },
    {
      "id": 1748538697134,
      "type": "smoked",
      "category": "alcohol",
      "timestamp": "2025-05-29T17:11:37.132Z",
      "note": "",
      "date": "Thu May 29 2025",
      "cost": 0.75
    },
    {
      "id": 1748542373135,
      "type": "smoked",
      "category": "alcohol",
      "timestamp": "2025-05-29T18:12:53.132Z",
      "note": "",
      "date": "Thu May 29 2025",
      "cost": 1.25
    },
    {
      "id": 1748544577132,
      "type": "smoked",
      "category": "vaping",
      "timestamp": "2025-05-29T18:49:37.132Z",
      "note": "",
      "date": "Thu May 29 2025"
    },
    {
      "id": 1748550611132,
      "type": "smoked",
      "category": "alcohol",
      "timestamp": "2025-05-29T20:30:11.132Z",
      "note": "",
      "date": "Thu May 29 2025",
      "cost": 1
    },
    {
      "id": 1748553423132,
      "type": "smoked",
      "category": "vaping",
      "timestamp": "2025-05-29T21:17:03.132Z",
      "note": "",
      "date": "Thu May 29 2025"
    },
    {
      "id": 1748557254136,
      "type": "smoked",
      "category": "alcohol",
      "timestamp": "2025-05-29T22:20:54.132Z",
      "note": "",
      "date": "Thu May 29 2025",
      "cost": 1.25
    },
    {
      "id": 1748557804132,
      "type": "smoked",
      "category": "vaping",
      "timestamp": "2025-05-29T22:30:04.132Z",
      "note": "",
      "date": "Thu May 29 2025"
    },
    {
      "id": 1748593334132,
      "type": "smoked",
      "category": "vaping",
      "timestamp": "2025-05-30T08:22:14.132Z",
      "note": "",
      "date": "Fri May 30 2025"
    },
    {
      "id": 1748595697133,
      "type": "craving",
      "category": "vaping",
      "timestamp": "2025-05-30T09:01:27.132Z",
      "note": "",
      "date": "Fri May 30 2025",
      "intensity": 2
    },
    {
      "id": 1748596244135,
      "type": "craving",
      "category": "vaping",
      "timestamp": "2025-05-30T09:10:34.132Z",
      "note": "",
      "date": "Fri May 30 2025",
      "intensity": 3
    },
    {
      "id": 1748611021132,
      "type": "smoked",
      "category": "vaping",
      "timestamp": "2025-05-30T13:17:01.132Z",
      "note": "",
      "date": "Fri May 30 2025"
    },
    {
      "id": 1748615827132,
      "type": "smoked",
      "category": "vaping",
      "timestamp": "2025-05-30T14:37:07.132Z",
      "note": "",
      "date": "Fri May 30 2025"
    },
    {
      "id": 1748618430134,
      "type": "craving",
      "category": "vaping",
      "timestamp": "2025-05-30T15:20:20.132Z",
      "note": "",
      "date": "Fri May 30 2025",
      "intensity": 3
    },
    {
      "id": 1748627540133,
      "type": "craving",
      "category": "alcohol",
      "timestamp": "2025-05-30T17:52:00.132Z",
      "note": "",
      "date": "Fri May 30 2025",
      "intensity": 2
    },
    {
      "id": 1748627690132,
      "type": "craving",
      "category": "alcohol",
      "timestamp": "2025-05-30T17:54:30.132Z",
      "note": "",
      "date": "Fri May 30 2025",
      "intensity": 2
    },
    {
      "id": 1748629291132,
      "type": "smoked",
      "category": "alcohol",
      "timestamp": "2025-05-30T18:21:31.132Z",
      "note": "",
      "date": "Fri May 30 2025",
      "cost": 1.25
    },
    {
      "id": 1748629884137,
      "type": "smoked",
      "category": "alcohol",
      "timestamp": "2025-05-30T18:31:24.132Z",
      "note": "",
      "date": "Fri May 30 2025",
      "cost": 1.25
    },
    {
      "id": 1748631023135,
      "type": "smoked",
      "category": "alcohol",
      "timestamp": "2025-05-30T18:50:23.132Z",
      "note": "",
      "date": "Fri May 30 2025",
      "cost": 0.75
    },
    {
      "id": 1748631862136,
      "type": "smoked",
      "category": "alcohol",
      "timestamp": "2025-05-30T19:04:22.132Z",
      "note": "",
      "date": "Fri May 30 2025",
      "cost": 1
    },
    {
      "id": 1748632227132,
      "type": "smoked",
      "category": "vaping",
      "timestamp": "2025-05-30T19:10:27.132Z",
      "note": "",
      "date": "Fri May 30 2025"
    },
    {
      "id": 1748633167132,
      "type": "smoked",
      "category": "vaping",
      "timestamp": "2025-05-30T19:26:07.132Z",
      "note": "",
      "date": "Fri May 30 2025"
    },
    {
      "id": 1748637458133,
      "type": "smoked",
      "category": "alcohol",
      "timestamp": "2025-05-30T20:37:38.132Z",
      "note": "",
      "date": "Fri May 30 2025",
      "cost": 1
    },
    {
      "id": 1748638748132,
      "type": "smoked",
      "category": "vaping",
      "timestamp": "2025-05-30T20:59:08.132Z",
      "note": "",
      "date": "Fri May 30 2025"
    },
    {
      "id": 1748640546132,
      "type": "smoked",
      "category": "vaping",
      "timestamp": "2025-05-30T21:29:06.132Z",
      "note": "",
      "date": "Fri May 30 2025"
    },
    {
      "id": 1748642868134,
      "type": "smoked",
      "category": "alcohol",
      "timestamp": "2025-05-30T22:07:48.132Z",
      "note": "",
      "date": "Fri May 30 2025",
      "cost": 1
    },
    {
      "id": 1748643671132,
      "type": "craving",
      "category": "vaping",
      "timestamp": "2025-05-30T22:21:01.132Z",
      "note": "",
      "date": "Fri May 30 2025",
      "intensity": 3
    },
    {
      "id": 1748643851132,
      "type": "smoked",
      "category": "vaping",
      "timestamp": "2025-05-30T22:24:11.132Z",
      "note": "",
      "date": "Fri May 30 2025"
    },
    {
      "id": 1748676777136,
      "type": "craving",
      "category": "vaping",
      "timestamp": "2025-05-31T07:32:47.132Z",
      "note": "",
      "date": "Sat May 31 2025",
      "intensity": 3
    },
    {
      "id": 1748678120135,
      "type": "craving",
      "category": "vaping",
      "timestamp": "2025-05-31T07:55:10.132Z",
      "note": "",
      "date": "Sat May 31 2025",
      "intensity": 1
    },
    {
      "id": 1748687693134,
      "type": "craving",
      "category": "vaping",
      "timestamp": "2025-05-31T10:34:43.132Z",
      "note": "",
      "date": "Sat May 31 2025",
      "intensity": 2
    },
    {
      "id": 1748697901132,
      "type": "smoked",
      "category": "vaping",
      "timestamp": "2025-05-31T13:25:01.132Z",
      "note": "",
      "date": "Sat May 31 2025"
    },
    {
      "id": 1748703973132,
      "type": "smoked",
      "category": "vaping",
      "timestamp": "2025-05-31T15:06:13.132Z",
      "note": "",
      "date": "Sat May 31 2025"
    },
    {
      "id": 1748705354132,
      "type": "smoked",
      "category": "vaping",
      "timestamp": "2025-05-31T15:29:14.132Z",
      "note": "",
      "date": "Sat May 31 2025"
    },
    {
      "id": 1748706568132,
      "type": "craving",
      "category": "alcohol",
      "timestamp": "2025-05-31T15:49:08.132Z",
      "note": "",
      "date": "Sat May 31 2025",
      "intensity": 2
    },
    {
      "id": 1748706923132,
      "type": "smoked",
      "category": "vaping",
      "timestamp": "2025-05-31T15:55:23.132Z",
      "note": "",
      "date": "Sat May 31 2025"
    },
    {
      "id": 1748711100132,
      "type": "smoked",
      "category": "alcohol",
      "timestamp": "2025-05-31T17:05:00.132Z",
      "note": "",
      "date": "Sat May 31 2025",
      "cost": 1
    },
    {
      "id": 1748712342132,
      "type": "smoked",
      "category": "vaping",
      "timestamp": "2025-05-31T17:25:42.132Z",
      "note": "",
      "date": "Sat May 31 2025"
    },
    {
      "id": 1748712818132,
      "type": "smoked",
      "category": "vaping",
      "timestamp": "2025-05-31T17:33:38.132Z",
      "note": "",
      "date": "Sat May 31 2025"
    },
    {
      "id": 1748713413132,
      "type": "smoked",
      "category": "vaping",
      "timestamp": "2025-05-31T17:43:33.132Z",
      "note": "",
      "date": "Sat May 31 2025"
    },
    {
      "id": 1748719322132,
      "type": "smoked",
      "category": "vaping",
      "timestamp": "2025-05-31T19:22:02.132Z",
      "note": "",
      "date": "Sat May 31 2025"
    },
    {
      "id": 1748719575132,
      "type": "smoked",
      "category": "vaping",
      "timestamp": "2025-05-31T19:26:15.132Z",
      "note": "",
      "date": "Sat May 31 2025"
    },
    {
      "id": 1748723324134,
      "type": "smoked",
      "category": "alcohol",
      "timestamp": "2025-05-31T20:28:44.132Z",
      "note": "",
      "date": "Sat May 31 2025",
      "cost": 1
    },
    {
      "id": 1748723470133,
      "type": "smoked",
      "category": "alcohol",
      "timestamp": "2025-05-31T20:31:10.132Z",
      "note": "",
      "date": "Sat May 31 2025",
      "cost": 1.25
    },
    {
      "id": 1748724025132,
      "type": "craving",
      "category": "vaping",
      "timestamp": "2025-05-31T20:40:15.132Z",
      "note": "",
      "date": "Sat May 31 2025",
      "intensity": 2
    },
    {
      "id": 1748727729133,
      "type": "craving",
      "category": "vaping",
      "timestamp": "2025-05-31T21:41:59.132Z",
      "note": "",
      "date": "Sat May 31 2025",
      "intensity": 2
    },
    {
      "id": 1748727985132,
      "type": "smoked",
      "category": "vaping",
      "timestamp": "2025-05-31T21:46:25.132Z",
      "note": "",
      "date": "Sat May 31 2025"
    },
    {
      "id": 1748763393132,
      "type": "smoked",
      "category": "vaping",
      "timestamp": "2025-06-01T07:36:33.132Z",
      "note": "",
      "date": "Sun Jun 01 2025"
    },
    {
      "id": 1748767263136,
      "type": "craving",
      "category": "vaping",
      "timestamp": "2025-06-01T08:40:53.132Z",
      "note": "",
      "date": "Sun Jun 01 2025",
      "intensity": 1
    },
    {
      "id": 1748768102134,
      "type": "craving",
      "category": "vaping",
      "timestamp": "2025-06-01T08:54:52.132Z",
      "note": "",
      "date": "Sun Jun 01 2025",
      "intensity": 2
    },
    {
      "id": 1748778176132,
      "type": "smoked",
      "category": "vaping",
      "timestamp": "2025-06-01T11:42:56.132Z",
      "note": "",
      "date": "Sun Jun 01 2025"
    },
    {
      "id": 1748779875132,
      "type": "smoked",
      "category": "vaping",
      "timestamp": "2025-06-01T12:11:15.132Z",
      "note": "",
      "date": "Sun Jun 01 2025"
    },
    {
      "id": 1748780299132,
      "type": "smoked",
      "category": "vaping",
      "timestamp": "2025-06-01T12:18:19.132Z",
      "note": "",
      "date": "Sun Jun 01 2025"
    },
    {
      "id": 1748788131132,
      "type": "smoked",
      "category": "vaping",
      "timestamp": "2025-06-01T14:28:51.132Z",
      "note": "",
      "date": "Sun Jun 01 2025"
    },
    {
      "id": 1748792086132,
      "type": "craving",
      "category": "vaping",
      "timestamp": "2025-06-01T15:34:36.132Z",
      "note": "",
      "date": "Sun Jun 01 2025",
      "intensity": 1
    },
    {
      "id": 1748792931137,
      "type": "craving",
      "category": "vaping",
      "timestamp": "2025-06-01T15:48:41.132Z",
      "note": "",
      "date": "Sun Jun 01 2025",
      "intensity": 2
    },
    {
      "id": 1748793222132,
      "type": "smoked",
      "category": "vaping",
      "timestamp": "2025-06-01T15:53:42.132Z",
      "note": "",
      "date": "Sun Jun 01 2025"
    },
    {
      "id": 1748793877132,
      "type": "craving",
      "category": "alcohol",
      "timestamp": "2025-06-01T16:04:17.132Z",
      "note": "",
      "date": "Sun Jun 01 2025",
      "intensity": 2
    },
    {
      "id": 1748794668132,
      "type": "smoked",
      "category": "vaping",
      "timestamp": "2025-06-01T16:17:48.132Z",
      "note": "",
      "date": "Sun Jun 01 2025"
    },
    {
      "id": 1748794984132,
      "type": "smoked",
      "category": "vaping",
      "timestamp": "2025-06-01T16:23:04.132Z",
      "note": "",
      "date": "Sun Jun 01 2025"
    },
    {
      "id": 1748797261133,
      "type": "craving",
      "category": "vaping",
      "timestamp": "2025-06-01T17:00:51.132Z",
      "note": "",
      "date": "Sun Jun 01 2025",
      "intensity": 1
    },
    {
      "id": 1748806615135,
      "type": "smoked",
      "category": "alcohol",
      "timestamp": "2025-06-01T19:36:55.132Z",
      "note": "",
      "date": "Sun Jun 01 2025",
      "cost": 1
    },
    {
      "id": 1748807991135,
      "type": "craving",
      "category": "vaping",
      "timestamp": "2025-06-01T19:59:41.132Z",
      "note": "",
      "date": "Sun Jun 01 2025",
      "intensity": 2
    },
    {
      "id": 1748808518132,
      "type": "smoked",
      "category": "vaping",
      "timestamp": "2025-06-01T20:08:38.132Z",
      "note": "",
      "date": "Sun Jun 01 2025"
    },
    {
      "id": 1748808636132,
      "type": "smoked",
      "category": "vaping",
      "timestamp": "2025-06-01T20:10:36.132Z",
      "note": "",
      "date": "Sun Jun 01 2025"
    },
    {
      "id": 1748810076133,
      "type": "smoked",
      "category": "alcohol",
      "timestamp": "2025-06-01T20:34:36.132Z",
      "note": "",
      "date": "Sun Jun 01 2025",
      "cost": 0.75
    },
    {
      "id": 1748812017132,
      "type": "smoked",
      "category": "alcohol",
      "timestamp": "2025-06-01T21:06:57.132Z",
      "note": "",
      "date": "Sun Jun 01 2025",
      "cost": 1
    },
    {
      "id": 1748814768134,
      "type": "smoked",
      "category": "alcohol",
      "timestamp": "2025-06-01T21:52:48.132Z",
      "note": "",
      "date": "Sun Jun 01 2025",
      "cost": 1
    },
    {
      "id": 1748850484132,
      "type": "smoked",
      "category": "vaping",
      "timestamp": "2025-06-02T07:48:04.132Z",
      "note": "",
      "date": "Mon Jun 02 2025"
    },
    {
      "id": 1748854732132,
      "type": "smoked",
      "category": "vaping",
      "timestamp": "2025-06-02T08:58:52.132Z",
      "note": "",
      "date": "Mon Jun 02 2025"
    },
    {
      "id": 1748854971136,
      "type": "craving",
      "category": "vaping",
      "timestamp": "2025-06-02T09:02:41.132Z",
      "note": "",
      "date": "Mon Jun 02 2025",
      "intensity": 2
    },
    {
      "id": 1748858222132,
      "type": "smoked",
      "category": "vaping",
      "timestamp": "2025-06-02T09:57:02.132Z",
      "note": "",
      "date": "Mon Jun 02 2025"
    },
    {
      "id": 1748861722132,
      "type": "smoked",
      "category": "vaping",
      "timestamp": "2025-06-02T10:55:22.132Z",
      "note": "",
      "date": "Mon Jun 02 2025"
    },
    {
      "id": 1748862910132,
      "type": "smoked",
      "category": "vaping",
      "timestamp": "2025-06-02T11:15:10.132Z",
      "note": "",
      "date": "Mon Jun 02 2025"
    },
    {
      "id": 1748862981132,
      "type": "smoked",
      "category": "vaping",
      "timestamp": "2025-06-02T11:16:21.132Z",
      "note": "",
      "date": "Mon Jun 02 2025"
    },
    {
      "id": 1748864559135,
      "type": "craving",
      "category": "vaping",
      "timestamp": "2025-06-02T11:42:29.132Z",
      "note": "",
      "date": "Mon Jun 02 2025",
      "intensity": 1
    },
    {
      "id": 1748870208133,
      "type": "craving",
      "category": "vaping",
      "timestamp": "2025-06-02T13:16:38.132Z",
      "note": "",
      "date": "Mon Jun 02 2025",
      "intensity": 2
    },
    {
      "id": 1748872400134,
      "type": "craving",
      "category": "vaping",
      "timestamp": "2025-06-02T13:53:10.132Z",
      "note": "",
      "date": "Mon Jun 02 2025",
      "intensity": 2
    },
    {
      "id": 1748877979132,
      "type": "smoked",
      "category": "vaping",
      "timestamp": "2025-06-02T15:26:19.132Z",
      "note": "",
      "date": "Mon Jun 02 2025"
    },
    {
      "id": 1748880212132,
      "type": "smoked",
      "category": "vaping",
      "timestamp": "2025-06-02T16:03:32.132Z",
      "note": "",
      "date": "Mon Jun 02 2025"
    },
    {
      "id": 1748882125132,
      "type": "smoked",
      "category": "vaping",
      "timestamp": "2025-06-02T16:35:25.132Z",
      "note": "",
      "date": "Mon Jun 02 2025"
    },
    {
      "id": 1748883205132,
      "type": "craving",
      "category": "vaping",
      "timestamp": "2025-06-02T16:53:15.132Z",
      "note": "",
      "date": "Mon Jun 02 2025",
      "intensity": 2
    },
    {
      "id": 1748884420132,
      "type": "smoked",
      "category": "vaping",
      "timestamp": "2025-06-02T17:13:40.132Z",
      "note": "",
      "date": "Mon Jun 02 2025"
    },
    {
      "id": 1748884731132,
      "type": "smoked",
      "category": "vaping",
      "timestamp": "2025-06-02T17:18:51.132Z",
      "note": "",
      "date": "Mon Jun 02 2025"
    },
    {
      "id": 1748886407132,
      "type": "craving",
      "category": "alcohol",
      "timestamp": "2025-06-02T17:46:27.132Z",
      "note": "",
      "date": "Mon Jun 02 2025",
      "intensity": 2
    },
    {
      "id": 1748887477133,
      "type": "craving",
      "category": "alcohol",
      "timestamp": "2025-06-02T18:04:17.132Z",
      "note": "",
      "date": "Mon Jun 02 2025",
      "intensity": 2
    },
    {
      "id": 1748889838133,
      "type": "smoked",
      "category": "alcohol",
      "timestamp": "2025-06-02T18:43:58.132Z",
      "note": "",
      "date": "Mon Jun 02 2025",
      "cost": 0.75
    },
    {
      "id": 1748893461134,
      "type": "smoked",
      "category": "alcohol",
      "timestamp": "2025-06-02T19:44:21.132Z",
      "note": "",
      "date": "Mon Jun 02 2025",
      "cost": 1
    },
    {
      "id": 1748899811135,
      "type": "smoked",
      "category": "alcohol",
      "timestamp": "2025-06-02T21:30:11.132Z",
      "note": "",
      "date": "Mon Jun 02 2025",
      "cost": 1
    },
    {
      "id": 1748904228132,
      "type": "smoked",
      "category": "alcohol",
      "timestamp": "2025-06-02T22:43:48.132Z",
      "note": "",
      "date": "Mon Jun 02 2025",
      "cost": 1.25
    },
    {
      "id": 1748942510132,
      "type": "smoked",
      "category": "vaping",
      "timestamp": "2025-06-03T09:21:50.132Z",
      "note": "",
      "date": "Tue Jun 03 2025"
    },
    {
      "id": 1748953843132,
      "type": "smoked",
      "category": "vaping",
      "timestamp": "2025-06-03T12:30:43.132Z",
      "note": "",
      "date": "Tue Jun 03 2025"
    },
    {
      "id": 1748957232132,
      "type": "smoked",
      "category": "vaping",
      "timestamp": "2025-06-03T13:27:12.132Z",
      "note": "",
      "date": "Tue Jun 03 2025"
    },
    {
      "id": 1748957988136,
      "type": "craving",
      "category": "vaping",
      "timestamp": "2025-06-03T13:39:38.132Z",
      "note": "",
      "date": "Tue Jun 03 2025",
      "intensity": 3
    },
    {
      "id": 1748963505135,
      "type": "craving",
      "category": "vaping",
      "timestamp": "2025-06-03T15:11:35.132Z",
      "note": "",
      "date": "Tue Jun 03 2025",
      "intensity": 1
    },
    {
      "id": 1748965263133,
      "type": "craving",
      "category": "alcohol",
      "timestamp": "2025-06-03T15:40:43.132Z",
      "note": "",
      "date": "Tue Jun 03 2025",
      "intensity": 1
    },
    {
      "id": 1748966440132,
      "type": "smoked",
      "category": "vaping",
      "timestamp": "2025-06-03T16:00:40.132Z",
      "note": "",
      "date": "Tue Jun 03 2025"
    },
    {
      "id": 1748967501132,
      "type": "smoked",
      "category": "vaping",
      "timestamp": "2025-06-03T16:18:21.132Z",
      "note": "",
      "date": "Tue Jun 03 2025"
    },
    {
      "id": 1748971850132,
      "type": "craving",
      "category": "alcohol",
      "timestamp": "2025-06-03T17:30:30.132Z",
      "note": "",
      "date": "Tue Jun 03 2025",
      "intensity": 2
    },
    {
      "id": 1748973035134,
      "type": "smoked",
      "category": "alcohol",
      "timestamp": "2025-06-03T17:50:35.132Z",
      "note": "",
      "date": "Tue Jun 03 2025",
      "cost": 0.75
    },
    {
      "id": 1748973144133,
      "type": "craving",
      "category": "vaping",
      "timestamp": "2025-06-03T17:52:14.132Z",
      "note": "",
      "date": "Tue Jun 03 2025",
      "intensity": 2
    },
    {
      "id": 1748973138132,
      "type": "smoked",
      "category": "alcohol",
      "timestamp": "2025-06-03T17:52:18.132Z",
      "note": "",
      "date": "Tue Jun 03 2025",
      "cost": 0.75
    },
    {
      "id": 1748979333132,
      "type": "smoked",
      "category": "vaping",
      "timestamp": "2025-06-03T19:35:33.132Z",
      "note": "",
      "date": "Tue Jun 03 2025"
    },
    {
      "id": 1748981157133,
      "type": "smoked",
      "category": "alcohol",
      "timestamp": "2025-06-03T20:05:57.132Z",
      "note": "",
      "date": "Tue Jun 03 2025",
      "cost": 0.75
    },
    {
      "id": 1748981523132,
      "type": "smoked",
      "category": "vaping",
      "timestamp": "2025-06-03T20:12:03.132Z",
      "note": "",
      "date": "Tue Jun 03 2025"
    },
    {
      "id": 1748981674137,
      "type": "smoked",
      "category": "alcohol",
      "timestamp": "2025-06-03T20:14:34.132Z",
      "note": "",
      "date": "Tue Jun 03 2025",
      "cost": 1
    },
    {
      "id": 1748985964132,
      "type": "craving",
      "category": "vaping",
      "timestamp": "2025-06-03T21:25:54.132Z",
      "note": "",
      "date": "Tue Jun 03 2025",
      "intensity": 2
    },
    {
      "id": 1748987337135,
      "type": "smoked",
      "category": "alcohol",
      "timestamp": "2025-06-03T21:48:57.132Z",
      "note": "",
      "date": "Tue Jun 03 2025",
      "cost": 1
    },
    {
      "id": 1748988218132,
      "type": "smoked",
      "category": "vaping",
      "timestamp": "2025-06-03T22:03:38.132Z",
      "note": "",
      "date": "Tue Jun 03 2025"
    },
    {
      "id": 1748990051134,
      "type": "craving",
      "category": "vaping",
      "timestamp": "2025-06-03T22:34:01.132Z",
      "note": "",
      "date": "Tue Jun 03 2025",
      "intensity": 1
    },
    {
      "id": 1748990571136,
      "type": "smoked",
      "category": "alcohol",
      "timestamp": "2025-06-03T22:42:51.132Z",
      "note": "",
      "date": "Tue Jun 03 2025",
      "cost": 0.75
    },
    {
      "id": 1748991488132,
      "type": "smoked",
      "category": "vaping",
      "timestamp": "2025-06-03T22:58:08.132Z",
      "note": "",
      "date": "Tue Jun 03 2025"
    },
    {
      "id": 1749027368132,
      "type": "smoked",
      "category": "vaping",
      "timestamp": "2025-06-04T08:56:08.132Z",
      "note": "",
      "date": "Wed Jun 04 2025"
    },
    {
      "id": 1749030936132,
      "type": "smoked",
      "category": "vaping",
      "timestamp": "2025-06-04T09:55:36.132Z",
      "note": "",
      "date": "Wed Jun 04 2025"
    },
    {
      "id": 1749034463132,
      "type": "smoked",
      "category": "vaping",
      "timestamp": "2025-06-04T10:54:23.132Z",
      "note": "",
      "date": "Wed Jun 04 2025"
    },
    {
      "id": 1749037972132,
      "type": "smoked",
      "category": "vaping",
      "timestamp": "2025-06-04T11:52:52.132Z",
      "note": "",
      "date": "Wed Jun 04 2025"
    },
    {
      "id": 1749043970135,
      "type": "craving",
      "category": "vaping",
      "timestamp": "2025-06-04T13:32:40.132Z",
      "note": "",
      "date": "Wed Jun 04 2025",
      "intensity": 2
    },
    {
      "id": 1749047973134,
      "type": "craving",
      "category": "vaping",
      "timestamp": "2025-06-04T14:39:23.132Z",
      "note": "",
      "date": "Wed Jun 04 2025",
      "intensity": 2
    },
    {
      "id": 1749050758132,
      "type": "craving",
      "category": "vaping",
      "timestamp": "2025-06-04T15:25:48.132Z",
      "note": "",
      "date": "Wed Jun 04 2025",
      "intensity": 3
    },
    {
      "id": 1749052383132,
      "type": "smoked",
      "category": "vaping",
      "timestamp": "2025-06-04T15:53:03.132Z",
      "note": "",
      "date": "Wed Jun 04 2025"
    },
    {
      "id": 1749052545132,
      "type": "craving",
      "category": "alcohol",
      "timestamp": "2025-06-04T15:55:25.132Z",
      "note": "",
      "date": "Wed Jun 04 2025",
      "intensity": 2
    },
    {
      "id": 1749058116132,
      "type": "smoked",
      "category": "vaping",
      "timestamp": "2025-06-04T17:28:36.132Z",
      "note": "",
      "date": "Wed Jun 04 2025"
    },
    {
      "id": 1749060610132,
      "type": "smoked",
      "category": "vaping",
      "timestamp": "2025-06-04T18:10:10.132Z",
      "note": "",
      "date": "Wed Jun 04 2025"
    },
    {
      "id": 1749062533134,
      "type": "smoked",
      "category": "alcohol",
      "timestamp": "2025-06-04T18:42:13.132Z",
      "note": "",
      "date": "Wed Jun 04 2025",
      "cost": 1
    },
    {
      "id": 1749062901132,
      "type": "smoked",
      "category": "vaping",
      "timestamp": "2025-06-04T18:48:21.132Z",
      "note": "",
      "date": "Wed Jun 04 2025"
    },
    {
      "id": 1749063286133,
      "type": "craving",
      "category": "vaping",
      "timestamp": "2025-06-04T18:54:36.132Z",
      "note": "",
      "date": "Wed Jun 04 2025",
      "intensity": 1
    },
    {
      "id": 1749070975132,
      "type": "smoked",
      "category": "vaping",
      "timestamp": "2025-06-04T21:02:55.132Z",
      "note": "",
      "date": "Wed Jun 04 2025"
    },
    {
      "id": 1749072612133,
      "type": "smoked",
      "category": "alcohol",
      "timestamp": "2025-06-04T21:30:12.132Z",
      "note": "",
      "date": "Wed Jun 04 2025",
      "cost": 1
    },
    {
      "id": 1749075617132,
      "type": "smoked",
      "category": "vaping",
      "timestamp": "2025-06-04T22:20:17.132Z",
      "note": "",
      "date": "Wed Jun 04 2025"
    },
    {
      "id": 1749076914132,
      "type": "smoked",
      "category": "alcohol",
      "timestamp": "2025-06-04T22:41:54.132Z",
      "note": "",
      "date": "Wed Jun 04 2025",
      "cost": 1
    },
    {
      "id": 1749116884132,
      "type": "smoked",
      "category": "vaping",
      "timestamp": "2025-06-05T09:48:04.132Z",
      "note": "",
      "date": "Thu Jun 05 2025"
    },
    {
      "id": 1749123910132,
      "type": "smoked",
      "category": "vaping",
      "timestamp": "2025-06-05T11:45:10.132Z",
      "note": "",
      "date": "Thu Jun 05 2025"
    },
    {
      "id": 1749126393132,
      "type": "smoked",
      "category": "vaping",
      "timestamp": "2025-06-05T12:26:33.132Z",
      "note": "",
      "date": "Thu Jun 05 2025"
    },
    {
      "id": 1749129523132,
      "type": "smoked",
      "category": "vaping",
      "timestamp": "2025-06-05T13:18:43.132Z",
      "note": "",
      "date": "Thu Jun 05 2025"
    },
    {
      "id": 1749136275132,
      "type": "smoked",
      "category": "vaping",
      "timestamp": "2025-06-05T15:11:15.132Z",
      "note": "",
      "date": "Thu Jun 05 2025"
    },
    {
      "id": 1749136328132,
      "type": "craving",
      "category": "vaping",
      "timestamp": "2025-06-05T15:11:58.132Z",
      "note": "",
      "date": "Thu Jun 05 2025",
      "intensity": 2
    },
    {
      "id": 1749145460132,
      "type": "smoked",
      "category": "vaping",
      "timestamp": "2025-06-05T17:44:20.132Z",
      "note": "",
      "date": "Thu Jun 05 2025"
    },
    {
      "id": 1749146872132,
      "type": "smoked",
      "category": "alcohol",
      "timestamp": "2025-06-05T18:07:52.132Z",
      "note": "",
      "date": "Thu Jun 05 2025",
      "cost": 0.75
    },
    {
      "id": 1749149511132,
      "type": "smoked",
      "category": "vaping",
      "timestamp": "2025-06-05T18:51:51.132Z",
      "note": "",
      "date": "Thu Jun 05 2025"
    },
    {
      "id": 1749149685133,
      "type": "smoked",
      "category": "alcohol",
      "timestamp": "2025-06-05T18:54:45.132Z",
      "note": "",
      "date": "Thu Jun 05 2025",
      "cost": 1
    },
    {
      "id": 1749149803132,
      "type": "craving",
      "category": "alcohol",
      "timestamp": "2025-06-05T18:56:23.132Z",
      "note": "",
      "date": "Thu Jun 05 2025",
      "intensity": 2
    },
    {
      "id": 1749150164132,
      "type": "smoked",
      "category": "vaping",
      "timestamp": "2025-06-05T19:02:44.132Z",
      "note": "",
      "date": "Thu Jun 05 2025"
    },
    {
      "id": 1749150922136,
      "type": "craving",
      "category": "vaping",
      "timestamp": "2025-06-05T19:15:12.132Z",
      "note": "",
      "date": "Thu Jun 05 2025",
      "intensity": 2
    },
    {
      "id": 1749151343134,
      "type": "smoked",
      "category": "alcohol",
      "timestamp": "2025-06-05T19:22:23.132Z",
      "note": "",
      "date": "Thu Jun 05 2025",
      "cost": 1
    },
    {
      "id": 1749152524133,
      "type": "craving",
      "category": "vaping",
      "timestamp": "2025-06-05T19:41:54.132Z",
      "note": "",
      "date": "Thu Jun 05 2025",
      "intensity": 2
    },
    {
      "id": 1749153243135,
      "type": "craving",
      "category": "vaping",
      "timestamp": "2025-06-05T19:53:53.132Z",
      "note": "",
      "date": "Thu Jun 05 2025",
      "intensity": 2
    },
    {
      "id": 1749153822132,
      "type": "smoked",
      "category": "vaping",
      "timestamp": "2025-06-05T20:03:42.132Z",
      "note": "",
      "date": "Thu Jun 05 2025"
    },
    {
      "id": 1749157042134,
      "type": "craving",
      "category": "vaping",
      "timestamp": "2025-06-05T20:57:12.132Z",
      "note": "",
      "date": "Thu Jun 05 2025",
      "intensity": 2
    },
    {
      "id": 1749194659132,
      "type": "smoked",
      "category": "vaping",
      "timestamp": "2025-06-06T07:24:19.132Z",
      "note": "",
      "date": "Fri Jun 06 2025"
    },
    {
      "id": 1749195108133,
      "type": "craving",
      "category": "vaping",
      "timestamp": "2025-06-06T07:31:38.132Z",
      "note": "",
      "date": "Fri Jun 06 2025",
      "intensity": 1
    },
    {
      "id": 1749205693132,
      "type": "smoked",
      "category": "vaping",
      "timestamp": "2025-06-06T10:28:13.132Z",
      "note": "",
      "date": "Fri Jun 06 2025"
    },
    {
      "id": 1749210500132,
      "type": "smoked",
      "category": "vaping",
      "timestamp": "2025-06-06T11:48:20.132Z",
      "note": "",
      "date": "Fri Jun 06 2025"
    },
    {
      "id": 1749215508136,
      "type": "craving",
      "category": "vaping",
      "timestamp": "2025-06-06T13:11:38.132Z",
      "note": "",
      "date": "Fri Jun 06 2025",
      "intensity": 3
    },
    {
      "id": 1749216110132,
      "type": "smoked",
      "category": "vaping",
      "timestamp": "2025-06-06T13:21:50.132Z",
      "note": "",
      "date": "Fri Jun 06 2025"
    },
    {
      "id": 1749221424134,
      "type": "craving",
      "category": "vaping",
      "timestamp": "2025-06-06T14:50:14.132Z",
      "note": "",
      "date": "Fri Jun 06 2025",
      "intensity": 3
    },
    {
      "id": 1749221417132,
      "type": "smoked",
      "category": "vaping",
      "timestamp": "2025-06-06T14:50:17.132Z",
      "note": "",
      "date": "Fri Jun 06 2025"
    },
    {
      "id": 1749223535132,
      "type": "smoked",
      "category": "vaping",
      "timestamp": "2025-06-06T15:25:35.132Z",
      "note": "",
      "date": "Fri Jun 06 2025"
    },
    {
      "id": 1749225417133,
      "type": "craving",
      "category": "alcohol",
      "timestamp": "2025-06-06T15:56:37.132Z",
      "note": "",
      "date": "Fri Jun 06 2025",
      "intensity": 3
    },
    {
      "id": 1749228764132,
      "type": "smoked",
      "category": "vaping",
      "timestamp": "2025-06-06T16:52:44.132Z",
      "note": "",
      "date": "Fri Jun 06 2025"
    },
    {
      "id": 1749230269132,
      "type": "craving",
      "category": "vaping",
      "timestamp": "2025-06-06T17:17:39.132Z",
      "note": "",
      "date": "Fri Jun 06 2025",
      "intensity": 2
    },
    {
      "id": 1749231140132,
      "type": "smoked",
      "category": "vaping",
      "timestamp": "2025-06-06T17:32:20.132Z",
      "note": "",
      "date": "Fri Jun 06 2025"
    },
    {
      "id": 1749235427132,
      "type": "craving",
      "category": "alcohol",
      "timestamp": "2025-06-06T18:43:27.132Z",
      "note": "",
      "date": "Fri Jun 06 2025",
      "intensity": 3
    },
    {
      "id": 1749237128135,
      "type": "craving",
      "category": "vaping",
      "timestamp": "2025-06-06T19:11:58.132Z",
      "note": "",
      "date": "Fri Jun 06 2025",
      "intensity": 2
    },
    {
      "id": 1749237430132,
      "type": "smoked",
      "category": "vaping",
      "timestamp": "2025-06-06T19:17:10.132Z",
      "note": "",
      "date": "Fri Jun 06 2025"
    },
    {
      "id": 1749239286132,
      "type": "smoked",
      "category": "alcohol",
      "timestamp": "2025-06-06T19:48:06.132Z",
      "note": "",
      "date": "Fri Jun 06 2025",
      "cost": 1.25
    },
    {
      "id": 1749242306132,
      "type": "smoked",
      "category": "vaping",
      "timestamp": "2025-06-06T20:38:26.132Z",
      "note": "",
      "date": "Fri Jun 06 2025"
    },
    {
      "id": 1749243670134,
      "type": "smoked",
      "category": "alcohol",
      "timestamp": "2025-06-06T21:01:10.132Z",
      "note": "",
      "date": "Fri Jun 06 2025",
      "cost": 1
    },
    {
      "id": 1749244305132,
      "type": "smoked",
      "category": "vaping",
      "timestamp": "2025-06-06T21:11:45.132Z",
      "note": "",
      "date": "Fri Jun 06 2025"
    },
    {
      "id": 1749246234133,
      "type": "smoked",
      "category": "alcohol",
      "timestamp": "2025-06-06T21:43:54.132Z",
      "note": "",
      "date": "Fri Jun 06 2025",
      "cost": 0.75
    },
    {
      "id": 1749249981132,
      "type": "smoked",
      "category": "vaping",
      "timestamp": "2025-06-06T22:46:21.132Z",
      "note": "",
      "date": "Fri Jun 06 2025"
    },
    {
      "id": 1749250080137,
      "type": "craving",
      "category": "vaping",
      "timestamp": "2025-06-06T22:47:50.132Z",
      "note": "",
      "date": "Fri Jun 06 2025",
      "intensity": 1
    },
    {
      "id": 1749281528132,
      "type": "smoked",
      "category": "vaping",
      "timestamp": "2025-06-07T07:32:08.132Z",
      "note": "",
      "date": "Sat Jun 07 2025"
    },
    {
      "id": 1749285987133,
      "type": "craving",
      "category": "vaping",
      "timestamp": "2025-06-07T08:46:17.132Z",
      "note": "",
      "date": "Sat Jun 07 2025",
      "intensity": 2
    },
    {
      "id": 1749292153132,
      "type": "smoked",
      "category": "vaping",
      "timestamp": "2025-06-07T10:29:13.132Z",
      "note": "",
      "date": "Sat Jun 07 2025"
    },
    {
      "id": 1749295472134,
      "type": "craving",
      "category": "vaping",
      "timestamp": "2025-06-07T11:24:22.132Z",
      "note": "",
      "date": "Sat Jun 07 2025",
      "intensity": 1
    },
    {
      "id": 1749296627132,
      "type": "smoked",
      "category": "vaping",
      "timestamp": "2025-06-07T11:43:47.132Z",
      "note": "",
      "date": "Sat Jun 07 2025"
    },
    {
      "id": 1749302084132,
      "type": "smoked",
      "category": "vaping",
      "timestamp": "2025-06-07T13:14:44.132Z",
      "note": "",
      "date": "Sat Jun 07 2025"
    },
    {
      "id": 1749311171135,
      "type": "craving",
      "category": "vaping",
      "timestamp": "2025-06-07T15:46:01.132Z",
      "note": "",
      "date": "Sat Jun 07 2025",
      "intensity": 3
    },
    {
      "id": 1749313501132,
      "type": "craving",
      "category": "vaping",
      "timestamp": "2025-06-07T16:24:51.132Z",
      "note": "",
      "date": "Sat Jun 07 2025",
      "intensity": 3
    },
    {
      "id": 1749316983133,
      "type": "smoked",
      "category": "alcohol",
      "timestamp": "2025-06-07T17:23:03.132Z",
      "note": "",
      "date": "Sat Jun 07 2025",
      "cost": 1
    },
    {
      "id": 1749321644132,
      "type": "smoked",
      "category": "vaping",
      "timestamp": "2025-06-07T18:40:44.132Z",
      "note": "",
      "date": "Sat Jun 07 2025"
    },
    {
      "id": 1749322628132,
      "type": "craving",
      "category": "alcohol",
      "timestamp": "2025-06-07T18:56:48.132Z",
      "note": "",
      "date": "Sat Jun 07 2025",
      "intensity": 2
    },
    {
      "id": 1749323363132,
      "type": "smoked",
      "category": "vaping",
      "timestamp": "2025-06-07T19:09:23.132Z",
      "note": "",
      "date": "Sat Jun 07 2025"
    },
    {
      "id": 1749324140132,
      "type": "smoked",
      "category": "vaping",
      "timestamp": "2025-06-07T19:22:20.132Z",
      "note": "",
      "date": "Sat Jun 07 2025"
    },
    {
      "id": 1749325269134,
      "type": "smoked",
      "category": "alcohol",
      "timestamp": "2025-06-07T19:41:09.132Z",
      "note": "",
      "date": "Sat Jun 07 2025",
      "cost": 1.25
    },
    {
      "id": 1749326476132,
      "type": "smoked",
      "category": "alcohol",
      "timestamp": "2025-06-07T20:01:16.132Z",
      "note": "",
      "date": "Sat Jun 07 2025",
      "cost": 1
    },
    {
      "id": 1749333694132,
      "type": "smoked",
      "category": "vaping",
      "timestamp": "2025-06-07T22:01:34.132Z",
      "note": "",
      "date": "Sat Jun 07 2025"
    },
    {
      "id": 1749334794132,
      "type": "smoked",
      "category": "vaping",
      "timestamp": "2025-06-07T22:19:54.132Z",
      "note": "",
      "date": "Sat Jun 07 2025"
    },
    {
      "id": 1749367789132,
      "type": "smoked",
      "category": "vaping",
      "timestamp": "2025-06-08T07:29:49.132Z",
      "note": "",
      "date": "Sun Jun 08 2025"
    },
    {
      "id": 1749375081132,
      "type": "smoked",
      "category": "vaping",
      "timestamp": "2025-06-08T09:31:21.132Z",
      "note": "",
      "date": "Sun Jun 08 2025"
    },
    {
      "id": 1749380034132,
      "type": "smoked",
      "category": "vaping",
      "timestamp": "2025-06-08T10:53:54.132Z",
      "note": "",
      "date": "Sun Jun 08 2025"
    },
    {
      "id": 1749382199132,
      "type": "smoked",
      "category": "vaping",
      "timestamp": "2025-06-08T11:29:59.132Z",
      "note": "",
      "date": "Sun Jun 08 2025"
    },
    {
      "id": 1749396427133,
      "type": "craving",
      "category": "alcohol",
      "timestamp": "2025-06-08T15:26:47.132Z",
      "note": "",
      "date": "Sun Jun 08 2025",
      "intensity": 1
    },
    {
      "id": 1749397756132,
      "type": "smoked",
      "category": "vaping",
      "timestamp": "2025-06-08T15:49:16.132Z",
      "note": "",
      "date": "Sun Jun 08 2025"
    },
    {
      "id": 1749402411133,
      "type": "smoked",
      "category": "alcohol",
      "timestamp": "2025-06-08T17:06:51.132Z",
      "note": "",
      "date": "Sun Jun 08 2025",
      "cost": 1
    },
    {
      "id": 1749406352132,
      "type": "craving",
      "category": "alcohol",
      "timestamp": "2025-06-08T18:12:12.132Z",
      "note": "",
      "date": "Sun Jun 08 2025",
      "intensity": 1
    },
    {
      "id": 1749408603132,
      "type": "smoked",
      "category": "vaping",
      "timestamp": "2025-06-08T18:50:03.132Z",
      "note": "",
      "date": "Sun Jun 08 2025"
    },
    {
      "id": 1749413069135,
      "type": "smoked",
      "category": "alcohol",
      "timestamp": "2025-06-08T20:04:29.132Z",
      "note": "",
      "date": "Sun Jun 08 2025",
      "cost": 1.25
    },
    {
      "id": 1749414114133,
      "type": "craving",
      "category": "vaping",
      "timestamp": "2025-06-08T20:21:44.132Z",
      "note": "",
      "date": "Sun Jun 08 2025",
      "intensity": 3
    },
    {
      "id": 1749414774134,
      "type": "craving",
      "category": "vaping",
      "timestamp": "2025-06-08T20:32:44.132Z",
      "note": "",
      "date": "Sun Jun 08 2025",
      "intensity": 2
    },
    {
      "id": 1749415137134,
      "type": "smoked",
      "category": "alcohol",
      "timestamp": "2025-06-08T20:38:57.132Z",
      "note": "",
      "date": "Sun Jun 08 2025",
      "cost": 1.25
    },
    {
      "id": 1749421747132,
      "type": "craving",
      "category": "vaping",
      "timestamp": "2025-06-08T22:28:57.132Z",
      "note": "",
      "date": "Sun Jun 08 2025",
      "intensity": 1
    },
    {
      "id": 1749421976132,
      "type": "smoked",
      "category": "alcohol",
      "timestamp": "2025-06-08T22:32:56.132Z",
      "note": "",
      "date": "Sun Jun 08 2025",
      "cost": 1.25
    },
    {
      "id": 1749423022132,
      "type": "smoked",
      "category": "vaping",
      "timestamp": "2025-06-08T22:50:22.132Z",
      "note": "",
      "date": "Sun Jun 08 2025"
    },
    {
      "id": 1749423402132,
      "type": "smoked",
      "category": "vaping",
      "timestamp": "2025-06-08T22:56:42.132Z",
      "note": "",
      "date": "Sun Jun 08 2025"
    },
    {
      "id": 1749453533136,
      "type": "craving",
      "category": "vaping",
      "timestamp": "2025-06-09T07:18:43.132Z",
      "note": "",
      "date": "Mon Jun 09 2025",
      "intensity": 1
    },
    {
      "id": 1749463578132,
      "type": "smoked",
      "category": "vaping",
      "timestamp": "2025-06-09T10:06:18.132Z",
      "note": "",
      "date": "Mon Jun 09 2025"
    },
    {
      "id": 1749464566134,
      "type": "craving",
      "category": "vaping",
      "timestamp": "2025-06-09T10:22:36.132Z",
      "note": "",
      "date": "Mon Jun 09 2025",
      "intensity": 2
    },
    {
      "id": 1749466470132,
      "type": "smoked",
      "category": "vaping",
      "timestamp": "2025-06-09T10:54:30.132Z",
      "note": "",
      "date": "Mon Jun 09 2025"
    },
    {
      "id": 1749468018135,
      "type": "craving",
      "category": "vaping",
      "timestamp": "2025-06-09T11:20:08.132Z",
      "note": "",
      "date": "Mon Jun 09 2025",
      "intensity": 1
    },
    {
      "id": 1749476132132,
      "type": "smoked",
      "category": "vaping",
      "timestamp": "2025-06-09T13:35:32.132Z",
      "note": "",
      "date": "Mon Jun 09 2025"
    },
    {
      "id": 1749476964132,
      "type": "smoked",
      "category": "vaping",
      "timestamp": "2025-06-09T13:49:24.132Z",
      "note": "",
      "date": "Mon Jun 09 2025"
    },
    {
      "id": 1749487331132,
      "type": "smoked",
      "category": "vaping",
      "timestamp": "2025-06-09T16:42:11.132Z",
      "note": "",
      "date": "Mon Jun 09 2025"
    },
    {
      "id": 1749490169132,
      "type": "craving",
      "category": "alcohol",
      "timestamp": "2025-06-09T17:29:09.132Z",
      "note": "",
      "date": "Mon Jun 09 2025",
      "intensity": 1
    },
    {
      "id": 1749497176137,
      "type": "smoked",
      "category": "alcohol",
      "timestamp": "2025-06-09T19:26:16.132Z",
      "note": "",
      "date": "Mon Jun 09 2025",
      "cost": 1
    },
    {
      "id": 1749497356133,
      "type": "craving",
      "category": "vaping",
      "timestamp": "2025-06-09T19:29:06.132Z",
      "note": "",
      "date": "Mon Jun 09 2025",
      "intensity": 3
    },
    {
      "id": 1749498759136,
      "type": "smoked",
      "category": "alcohol",
      "timestamp": "2025-06-09T19:52:39.132Z",
      "note": "",
      "date": "Mon Jun 09 2025",
      "cost": 1.25
    },
    {
      "id": 1749499231132,
      "type": "smoked",
      "category": "vaping",
      "timestamp": "2025-06-09T20:00:31.132Z",
      "note": "",
      "date": "Mon Jun 09 2025"
    },
    {
      "id": 1749501219132,
      "type": "craving",
      "category": "vaping",
      "timestamp": "2025-06-09T20:33:29.132Z",
      "note": "",
      "date": "Mon Jun 09 2025",
      "intensity": 2
    },
    {
      "id": 1749501623135,
      "type": "smoked",
      "category": "alcohol",
      "timestamp": "2025-06-09T20:40:23.132Z",
      "note": "",
      "date": "Mon Jun 09 2025",
      "cost": 1
    },
    {
      "id": 1749501896133,
      "type": "smoked",
      "category": "alcohol",
      "timestamp": "2025-06-09T20:44:56.132Z",
      "note": "",
      "date": "Mon Jun 09 2025",
      "cost": 1
    },
    {
      "id": 1749502652132,
      "type": "smoked",
      "category": "vaping",
      "timestamp": "2025-06-09T20:57:32.132Z",
      "note": "",
      "date": "Mon Jun 09 2025"
    },
    {
      "id": 1749503311134,
      "type": "smoked",
      "category": "alcohol",
      "timestamp": "2025-06-09T21:08:31.132Z",
      "note": "",
      "date": "Mon Jun 09 2025",
      "cost": 1.25
    },
    {
      "id": 1749504842132,
      "type": "smoked",
      "category": "vaping",
      "timestamp": "2025-06-09T21:34:02.132Z",
      "note": "",
      "date": "Mon Jun 09 2025"
    },
    {
      "id": 1749505720132,
      "type": "smoked",
      "category": "alcohol",
      "timestamp": "2025-06-09T21:48:40.132Z",
      "note": "",
      "date": "Mon Jun 09 2025",
      "cost": 1.25
    },
    {
      "id": 1749539318132,
      "type": "smoked",
      "category": "vaping",
      "timestamp": "2025-06-10T07:08:38.132Z",
      "note": "",
      "date": "Tue Jun 10 2025"
    },
    {
      "id": 1749542314134,
      "type": "craving",
      "category": "vaping",
      "timestamp": "2025-06-10T07:58:24.132Z",
      "note": "",
      "date": "Tue Jun 10 2025",
      "intensity": 1
    },
    {
      "id": 1749545024132,
      "type": "smoked",
      "category": "vaping",
      "timestamp": "2025-06-10T08:43:44.132Z",
      "note": "",
      "date": "Tue Jun 10 2025"
    },
    {
      "id": 1749550361132,
      "type": "smoked",
      "category": "vaping",
      "timestamp": "2025-06-10T10:12:41.132Z",
      "note": "",
      "date": "Tue Jun 10 2025"
    },
    {
      "id": 1749553666133,
      "type": "craving",
      "category": "vaping",
      "timestamp": "2025-06-10T11:07:36.132Z",
      "note": "",
      "date": "Tue Jun 10 2025",
      "intensity": 3
    },
    {
      "id": 1749563429132,
      "type": "craving",
      "category": "vaping",
      "timestamp": "2025-06-10T13:50:19.132Z",
      "note": "",
      "date": "Tue Jun 10 2025",
      "intensity": 3
    },
    {
      "id": 1749569521132,
      "type": "craving",
      "category": "alcohol",
      "timestamp": "2025-06-10T15:31:41.132Z",
      "note": "",
      "date": "Tue Jun 10 2025",
      "intensity": 2
    },
    {
      "id": 1749579352132,
      "type": "smoked",
      "category": "vaping",
      "timestamp": "2025-06-10T18:15:52.132Z",
      "note": "",
      "date": "Tue Jun 10 2025"
    },
    {
      "id": 1749581092135,
      "type": "craving",
      "category": "vaping",
      "timestamp": "2025-06-10T18:44:42.132Z",
      "note": "",
      "date": "Tue Jun 10 2025",
      "intensity": 2
    },
    {
      "id": 1749588398132,
      "type": "smoked",
      "category": "vaping",
      "timestamp": "2025-06-10T20:46:38.132Z",
      "note": "",
      "date": "Tue Jun 10 2025"
    },
    {
      "id": 1749588438132,
      "type": "smoked",
      "category": "vaping",
      "timestamp": "2025-06-10T20:47:18.132Z",
      "note": "",
      "date": "Tue Jun 10 2025"
    },
    {
      "id": 1749590257132,
      "type": "smoked",
      "category": "vaping",
      "timestamp": "2025-06-10T21:17:37.132Z",
      "note": "",
      "date": "Tue Jun 10 2025"
    },
    {
      "id": 1749590481134,
      "type": "smoked",
      "category": "alcohol",
      "timestamp": "2025-06-10T21:21:21.132Z",
      "note": "",
      "date": "Tue Jun 10 2025",
      "cost": 1.25
    },
    {
      "id": 1749592825132,
      "type": "smoked",
      "category": "vaping",
      "timestamp": "2025-06-10T22:00:25.132Z",
      "note": "",
      "date": "Tue Jun 10 2025"
    },
    {
      "id": 1749593950132,
      "type": "smoked",
      "category": "alcohol",
      "timestamp": "2025-06-10T22:19:10.132Z",
      "note": "",
      "date": "Tue Jun 10 2025",
      "cost": 1
    },
    {
      "id": 1749594984133,
      "type": "smoked",
      "category": "alcohol",
      "timestamp": "2025-06-10T22:36:24.132Z",
      "note": "",
      "date": "Tue Jun 10 2025",
      "cost": 1
    },
    {
      "id": 1749625827132,
      "type": "craving",
      "category": "vaping",
      "timestamp": "2025-06-11T07:10:17.132Z",
      "note": "",
      "date": "Wed Jun 11 2025",
      "intensity": 2
    },
    {
      "id": 1749638005132,
      "type": "smoked",
      "category": "vaping",
      "timestamp": "2025-06-11T10:33:25.132Z",
      "note": "",
      "date": "Wed Jun 11 2025"
    },
    {
      "id": 1749638127132,
      "type": "smoked",
      "category": "vaping",
      "timestamp": "2025-06-11T10:35:27.132Z",
      "note": "",
      "date": "Wed Jun 11 2025"
    },
    {
      "id": 1749649740134,
      "type": "craving",
      "category": "vaping",
      "timestamp": "2025-06-11T13:48:50.132Z",
      "note": "",
      "date": "Wed Jun 11 2025",
      "intensity": 2
    },
    {
      "id": 1749652417132,
      "type": "smoked",
      "category": "vaping",
      "timestamp": "2025-06-11T14:33:37.132Z",
      "note": "",
      "date": "Wed Jun 11 2025"
    },
    {
      "id": 1749655194132,
      "type": "craving",
      "category": "alcohol",
      "timestamp": "2025-06-11T15:19:34.132Z",
      "note": "",
      "date": "Wed Jun 11 2025",
      "intensity": 1
    },
    {
      "id": 1749661398134,
      "type": "smoked",
      "category": "alcohol",
      "timestamp": "2025-06-11T17:03:18.132Z",
      "note": "",
      "date": "Wed Jun 11 2025",
      "cost": 1.25
    },
    {
      "id": 1749662359132,
      "type": "smoked",
      "category": "vaping",
      "timestamp": "2025-06-11T17:19:19.132Z",
      "note": "",
      "date": "Wed Jun 11 2025"
    },
    {
      "id": 1749666307133,
      "type": "craving",
      "category": "vaping",
      "timestamp": "2025-06-11T18:24:57.132Z",
      "note": "",
      "date": "Wed Jun 11 2025",
      "intensity": 2
    },
    {
      "id": 1749671112133,
      "type": "smoked",
      "category": "alcohol",
      "timestamp": "2025-06-11T19:45:12.132Z",
      "note": "",
      "date": "Wed Jun 11 2025",
      "cost": 0.75
    },
    {
      "id": 1749672105132,
      "type": "smoked",
      "category": "vaping",
      "timestamp": "2025-06-11T20:01:45.132Z",
      "note": "",
      "date": "Wed Jun 11 2025"
    },
    {
      "id": 1749672638132,
      "type": "smoked",
      "category": "alcohol",
      "timestamp": "2025-06-11T20:10:38.132Z",
      "note": "",
      "date": "Wed Jun 11 2025",
      "cost": 1
    },
    {
      "id": 1749673346132,
      "type": "smoked",
      "category": "vaping",
      "timestamp": "2025-06-11T20:22:26.132Z",
      "note": "",
      "date": "Wed Jun 11 2025"
    },
    {
      "id": 1749678474135,
      "type": "craving",
      "category": "vaping",
      "timestamp": "2025-06-11T21:47:44.132Z",
      "note": "",
      "date": "Wed Jun 11 2025",
      "intensity": 2
    },
    {
      "id": 1749678806132,
      "type": "smoked",
      "category": "vaping",
      "timestamp": "2025-06-11T21:53:26.132Z",
      "note": "",
      "date": "Wed Jun 11 2025"
    },
    {
      "id": 1749678846132,
      "type": "smoked",
      "category": "vaping",
      "timestamp": "2025-06-11T21:54:06.132Z",
      "note": "",
      "date": "Wed Jun 11 2025"
    },
    {
      "id": 1749723638132,
      "type": "smoked",
      "category": "vaping",
      "timestamp": "2025-06-12T10:20:38.132Z",
      "note": "",
      "date": "Thu Jun 12 2025"
    },
    {
      "id": 1749728806132,
      "type": "smoked",
      "category": "vaping",
      "timestamp": "2025-06-12T11:46:46.132Z",
      "note": "",
      "date": "Thu Jun 12 2025"
    },
    {
      "id": 1749732547132,
      "type": "smoked",
      "category": "vaping",
      "timestamp": "2025-06-12T12:49:07.132Z",
      "note": "",
      "date": "Thu Jun 12 2025"
    },
    {
      "id": 1749736870132,
      "type": "smoked",
      "category": "vaping",
      "timestamp": "2025-06-12T14:01:10.132Z",
      "note": "",
      "date": "Thu Jun 12 2025"
    },
    {
      "id": 1749737154132,
      "type": "smoked",
      "category": "vaping",
      "timestamp": "2025-06-12T14:05:54.132Z",
      "note": "",
      "date": "Thu Jun 12 2025"
    },
    {
      "id": 1749737554132,
      "type": "smoked",
      "category": "vaping",
      "timestamp": "2025-06-12T14:12:34.132Z",
      "note": "",
      "date": "Thu Jun 12 2025"
    },
    {
      "id": 1749739301135,
      "type": "craving",
      "category": "vaping",
      "timestamp": "2025-06-12T14:41:31.132Z",
      "note": "",
      "date": "Thu Jun 12 2025",
      "intensity": 2
    },
    {
      "id": 1749742693132,
      "type": "smoked",
      "category": "vaping",
      "timestamp": "2025-06-12T15:38:13.132Z",
      "note": "",
      "date": "Thu Jun 12 2025"
    },
    {
      "id": 1749743265132,
      "type": "craving",
      "category": "vaping",
      "timestamp": "2025-06-12T15:47:35.132Z",
      "note": "",
      "date": "Thu Jun 12 2025",
      "intensity": 1
    },
    {
      "id": 1749744128132,
      "type": "craving",
      "category": "alcohol",
      "timestamp": "2025-06-12T16:01:48.132Z",
      "note": "",
      "date": "Thu Jun 12 2025",
      "intensity": 2
    },
    {
      "id": 1749744241132,
      "type": "smoked",
      "category": "vaping",
      "timestamp": "2025-06-12T16:04:01.132Z",
      "note": "",
      "date": "Thu Jun 12 2025"
    },
    {
      "id": 1749746066132,
      "type": "smoked",
      "category": "vaping",
      "timestamp": "2025-06-12T16:34:26.132Z",
      "note": "",
      "date": "Thu Jun 12 2025"
    },
    {
      "id": 1749748028133,
      "type": "smoked",
      "category": "alcohol",
      "timestamp": "2025-06-12T17:07:08.132Z",
      "note": "",
      "date": "Thu Jun 12 2025",
      "cost": 1
    },
    {
      "id": 1749751863132,
      "type": "smoked",
      "category": "vaping",
      "timestamp": "2025-06-12T18:11:03.132Z",
      "note": "",
      "date": "Thu Jun 12 2025"
    },
    {
      "id": 1749752111133,
      "type": "craving",
      "category": "vaping",
      "timestamp": "2025-06-12T18:15:01.132Z",
      "note": "",
      "date": "Thu Jun 12 2025",
      "intensity": 1
    },
    {
      "id": 1749753795132,
      "type": "smoked",
      "category": "alcohol",
      "timestamp": "2025-06-12T18:43:15.132Z",
      "note": "",
      "date": "Thu Jun 12 2025",
      "cost": 1
    },
    {
      "id": 1749754942134,
      "type": "smoked",
      "category": "alcohol",
      "timestamp": "2025-06-12T19:02:22.132Z",
      "note": "",
      "date": "Thu Jun 12 2025",
      "cost": 1
    },
    {
      "id": 1749760083136,
      "type": "craving",
      "category": "vaping",
      "timestamp": "2025-06-12T20:27:53.132Z",
      "note": "",
      "date": "Thu Jun 12 2025",
      "intensity": 2
    },
    {
      "id": 1749760233132,
      "type": "smoked",
      "category": "vaping",
      "timestamp": "2025-06-12T20:30:33.132Z",
      "note": "",
      "date": "Thu Jun 12 2025"
    },
    {
      "id": 1749762488134,
      "type": "craving",
      "category": "vaping",
      "timestamp": "2025-06-12T21:07:58.132Z",
      "note": "",
      "date": "Thu Jun 12 2025",
      "intensity": 2
    },
    {
      "id": 1749766433132,
      "type": "smoked",
      "category": "vaping",
      "timestamp": "2025-06-12T22:13:53.132Z",
      "note": "",
      "date": "Thu Jun 12 2025"
    },
    {
      "id": 1749798307132,
      "type": "smoked",
      "category": "vaping",
      "timestamp": "2025-06-13T07:05:07.132Z",
      "note": "",
      "date": "Fri Jun 13 2025"
    },
    {
      "id": 1749803439133,
      "type": "craving",
      "category": "vaping",
      "timestamp": "2025-06-13T08:30:29.132Z",
      "note": "",
      "date": "Fri Jun 13 2025",
      "intensity": 2
    },
    {
      "id": 1749804525132,
      "type": "smoked",
      "category": "vaping",
      "timestamp": "2025-06-13T08:48:45.132Z",
      "note": "",
      "date": "Fri Jun 13 2025"
    },
    {
      "id": 1749806221132,
      "type": "smoked",
      "category": "vaping",
      "timestamp": "2025-06-13T09:17:01.132Z",
      "note": "",
      "date": "Fri Jun 13 2025"
    },
    {
      "id": 1749806233134,
      "type": "craving",
      "category": "vaping",
      "timestamp": "2025-06-13T09:17:03.132Z",
      "note": "",
      "date": "Fri Jun 13 2025",
      "intensity": 1
    },
    {
      "id": 1749806678132,
      "type": "craving",
      "category": "vaping",
      "timestamp": "2025-06-13T09:24:28.132Z",
      "note": "",
      "date": "Fri Jun 13 2025",
      "intensity": 2
    },
    {
      "id": 1749808577132,
      "type": "smoked",
      "category": "vaping",
      "timestamp": "2025-06-13T09:56:17.132Z",
      "note": "",
      "date": "Fri Jun 13 2025"
    },
    {
      "id": 1749827951132,
      "type": "smoked",
      "category": "vaping",
      "timestamp": "2025-06-13T15:19:11.132Z",
      "note": "",
      "date": "Fri Jun 13 2025"
    },
    {
      "id": 1749828943132,
      "type": "craving",
      "category": "alcohol",
      "timestamp": "2025-06-13T15:35:23.132Z",
      "note": "",
      "date": "Fri Jun 13 2025",
      "intensity": 2
    },
    {
      "id": 1749829687133,
      "type": "craving",
      "category": "alcohol",
      "timestamp": "2025-06-13T15:47:47.132Z",
      "note": "",
      "date": "Fri Jun 13 2025",
      "intensity": 3
    },
    {
      "id": 1749830546132,
      "type": "smoked",
      "category": "vaping",
      "timestamp": "2025-06-13T16:02:26.132Z",
      "note": "",
      "date": "Fri Jun 13 2025"
    },
    {
      "id": 1749834973134,
      "type": "smoked",
      "category": "alcohol",
      "timestamp": "2025-06-13T17:16:13.132Z",
      "note": "",
      "date": "Fri Jun 13 2025",
      "cost": 1.25
    },
    {
      "id": 1749838780133,
      "type": "smoked",
      "category": "alcohol",
      "timestamp": "2025-06-13T18:19:40.132Z",
      "note": "",
      "date": "Fri Jun 13 2025",
      "cost": 1
    },
    {
      "id": 1749842413135,
      "type": "smoked",
      "category": "alcohol",
      "timestamp": "2025-06-13T19:20:13.132Z",
      "note": "",
      "date": "Fri Jun 13 2025",
      "cost": 1.25
    },
    {
      "id": 1749845137136,
      "type": "smoked",
      "category": "alcohol",
      "timestamp": "2025-06-13T20:05:37.132Z",
      "note": "",
      "date": "Fri Jun 13 2025",
      "cost": 1
    },
    {
      "id": 1749845687132,
      "type": "smoked",
      "category": "vaping",
      "timestamp": "2025-06-13T20:14:47.132Z",
      "note": "",
      "date": "Fri Jun 13 2025"
    },
    {
      "id": 1749852738132,
      "type": "smoked",
      "category": "alcohol",
      "timestamp": "2025-06-13T22:12:18.132Z",
      "note": "",
      "date": "Fri Jun 13 2025",
      "cost": 1
    },
    {
      "id": 1749854336132,
      "type": "smoked",
      "category": "vaping",
      "timestamp": "2025-06-13T22:38:56.132Z",
      "note": "",
      "date": "Fri Jun 13 2025"
    },
    {
      "id": 1749855501132,
      "type": "smoked",
      "category": "vaping",
      "timestamp": "2025-06-13T22:58:21.132Z",
      "note": "",
      "date": "Fri Jun 13 2025"
    },
    {
      "id": 1749888989132,
      "type": "smoked",
      "category": "vaping",
      "timestamp": "2025-06-14T08:16:29.132Z",
      "note": "",
      "date": "Sat Jun 14 2025"
    },
    {
      "id": 1749896867132,
      "type": "smoked",
      "category": "vaping",
      "timestamp": "2025-06-14T10:27:47.132Z",
      "note": "",
      "date": "Sat Jun 14 2025"
    },
    {
      "id": 1749897490132,
      "type": "smoked",
      "category": "vaping",
      "timestamp": "2025-06-14T10:38:10.132Z",
      "note": "",
      "date": "Sat Jun 14 2025"
    },
    {
      "id": 1749899538132,
      "type": "smoked",
      "category": "vaping",
      "timestamp": "2025-06-14T11:12:18.132Z",
      "note": "",
      "date": "Sat Jun 14 2025"
    },
    {
      "id": 1749905417132,
      "type": "smoked",
      "category": "vaping",
      "timestamp": "2025-06-14T12:50:17.132Z",
      "note": "",
      "date": "Sat Jun 14 2025"
    },
    {
      "id": 1749908042132,
      "type": "smoked",
      "category": "vaping",
      "timestamp": "2025-06-14T13:34:02.132Z",
      "note": "",
      "date": "Sat Jun 14 2025"
    },
    {
      "id": 1749911131132,
      "type": "smoked",
      "category": "vaping",
      "timestamp": "2025-06-14T14:25:31.132Z",
      "note": "",
      "date": "Sat Jun 14 2025"
    },
    {
      "id": 1749912968132,
      "type": "smoked",
      "category": "vaping",
      "timestamp": "2025-06-14T14:56:08.132Z",
      "note": "",
      "date": "Sat Jun 14 2025"
    },
    {
      "id": 1749916941132,
      "type": "craving",
      "category": "vaping",
      "timestamp": "2025-06-14T16:02:11.132Z",
      "note": "",
      "date": "Sat Jun 14 2025",
      "intensity": 1
    },
    {
      "id": 1749922090132,
      "type": "craving",
      "category": "alcohol",
      "timestamp": "2025-06-14T17:27:50.132Z",
      "note": "",
      "date": "Sat Jun 14 2025",
      "intensity": 3
    },
    {
      "id": 1749924571134,
      "type": "smoked",
      "category": "alcohol",
      "timestamp": "2025-06-14T18:09:31.132Z",
      "note": "",
      "date": "Sat Jun 14 2025",
      "cost": 1
    },
    {
      "id": 1749924688133,
      "type": "craving",
      "category": "alcohol",
      "timestamp": "2025-06-14T18:11:08.132Z",
      "note": "",
      "date": "Sat Jun 14 2025",
      "intensity": 2
    },
    {
      "id": 1749926141134,
      "type": "craving",
      "category": "vaping",
      "timestamp": "2025-06-14T18:35:31.132Z",
      "note": "",
      "date": "Sat Jun 14 2025",
      "intensity": 3
    },
    {
      "id": 1749926669133,
      "type": "smoked",
      "category": "alcohol",
      "timestamp": "2025-06-14T18:44:29.132Z",
      "note": "",
      "date": "Sat Jun 14 2025",
      "cost": 1
    },
    {
      "id": 1749926797132,
      "type": "smoked",
      "category": "vaping",
      "timestamp": "2025-06-14T18:46:37.132Z",
      "note": "",
      "date": "Sat Jun 14 2025"
    },
    {
      "id": 1749934679132,
      "type": "smoked",
      "category": "vaping",
      "timestamp": "2025-06-14T20:57:59.132Z",
      "note": "",
      "date": "Sat Jun 14 2025"
    },
    {
      "id": 1749936230133,
      "type": "craving",
      "category": "vaping",
      "timestamp": "2025-06-14T21:23:40.132Z",
      "note": "",
      "date": "Sat Jun 14 2025",
      "intensity": 3
    },
    {
      "id": 1749937046135,
      "type": "smoked",
      "category": "alcohol",
      "timestamp": "2025-06-14T21:37:26.132Z",
      "note": "",
      "date": "Sat Jun 14 2025",
      "cost": 0.75
    },
    {
      "id": 1749939499132,
      "type": "smoked",
      "category": "vaping",
      "timestamp": "2025-06-14T22:18:19.132Z",
      "note": "",
      "date": "Sat Jun 14 2025"
    },
    {
      "id": 1749939666132,
      "type": "smoked",
      "category": "alcohol",
      "timestamp": "2025-06-14T22:21:06.132Z",
      "note": "",
      "date": "Sat Jun 14 2025",
      "cost": 1.25
    },
    {
      "id": 1749972239132,
      "type": "smoked",
      "category": "vaping",
      "timestamp": "2025-06-15T07:23:59.132Z",
      "note": "",
      "date": "Sun Jun 15 2025"
    },
    {
      "id": 1749974501132,
      "type": "smoked",
      "category": "vaping",
      "timestamp": "2025-06-15T08:01:41.132Z",
      "note": "",
      "date": "Sun Jun 15 2025"
    },
    {
      "id": 1749976587132,
      "type": "smoked",
      "category": "vaping",
      "timestamp": "2025-06-15T08:36:27.132Z",
      "note": "",
      "date": "Sun Jun 15 2025"
    },
    {
      "id": 1749978869132,
      "type": "smoked",
      "category": "vaping",
      "timestamp": "2025-06-15T09:14:29.132Z",
      "note": "",
      "date": "Sun Jun 15 2025"
    },
    {
      "id": 1749979863132,
      "type": "smoked",
      "category": "vaping",
      "timestamp": "2025-06-15T09:31:03.132Z",
      "note": "",
      "date": "Sun Jun 15 2025"
    },
    {
      "id": 1749990124132,
      "type": "smoked",
      "category": "vaping",
      "timestamp": "2025-06-15T12:22:04.132Z",
      "note": "",
      "date": "Sun Jun 15 2025"
    },
    {
      "id": 1749995509134,
      "type": "craving",
      "category": "vaping",
      "timestamp": "2025-06-15T13:51:39.132Z",
      "note": "",
      "date": "Sun Jun 15 2025",
      "intensity": 2
    },
    {
      "id": 1749999235135,
      "type": "craving",
      "category": "vaping",
      "timestamp": "2025-06-15T14:53:45.132Z",
      "note": "",
      "date": "Sun Jun 15 2025",
      "intensity": 2
    },
    {
      "id": 1750008530132,
      "type": "craving",
      "category": "alcohol",
      "timestamp": "2025-06-15T17:28:30.132Z",
      "note": "",
      "date": "Sun Jun 15 2025",
      "intensity": 2
    },
    {
      "id": 1750009257133,
      "type": "smoked",
      "category": "alcohol",
      "timestamp": "2025-06-15T17:40:57.132Z",
      "note": "",
      "date": "Sun Jun 15 2025",
      "cost": 1
    },
    {
      "id": 1750009503134,
      "type": "smoked",
      "category": "alcohol",
      "timestamp": "2025-06-15T17:45:03.132Z",
      "note": "",
      "date": "Sun Jun 15 2025",
      "cost": 1
    },
    {
      "id": 1750013376132,
      "type": "smoked",
      "category": "alcohol",
      "timestamp": "2025-06-15T18:49:36.132Z",
      "note": "",
      "date": "Sun Jun 15 2025",
      "cost": 1
    },
    {
      "id": 1750013748132,
      "type": "craving",
      "category": "vaping",
      "timestamp": "2025-06-15T18:55:38.132Z",
      "note": "",
      "date": "Sun Jun 15 2025",
      "intensity": 3
    },
    {
      "id": 1750015366132,
      "type": "smoked",
      "category": "vaping",
      "timestamp": "2025-06-15T19:22:46.132Z",
      "note": "",
      "date": "Sun Jun 15 2025"
    },
    {
      "id": 1750016180133,
      "type": "craving",
      "category": "vaping",
      "timestamp": "2025-06-15T19:36:10.132Z",
      "note": "",
      "date": "Sun Jun 15 2025",
      "intensity": 1
    },
    {
      "id": 1750018744136,
      "type": "smoked",
      "category": "alcohol",
      "timestamp": "2025-06-15T20:19:04.132Z",
      "note": "",
      "date": "Sun Jun 15 2025",
      "cost": 1
    },
    {
      "id": 1750021069132,
      "type": "smoked",
      "category": "vaping",
      "timestamp": "2025-06-15T20:57:49.132Z",
      "note": "",
      "date": "Sun Jun 15 2025"
    },
    {
      "id": 1750022727135,
      "type": "smoked",
      "category": "alcohol",
      "timestamp": "2025-06-15T21:25:27.132Z",
      "note": "",
      "date": "Sun Jun 15 2025",
      "cost": 1
    },
    {
      "id": 1750057369136,
      "type": "craving",
      "category": "vaping",
      "timestamp": "2025-06-16T07:02:39.132Z",
      "note": "",
      "date": "Mon Jun 16 2025",
      "intensity": 3
    },
    {
      "id": 1750057770132,
      "type": "smoked",
      "category": "vaping",
      "timestamp": "2025-06-16T07:09:30.132Z",
      "note": "",
      "date": "Mon Jun 16 2025"
    },
    {
      "id": 1750059691133,
      "type": "craving",
      "category": "vaping",
      "timestamp": "2025-06-16T07:41:21.132Z",
      "note": "",
      "date": "Mon Jun 16 2025",
      "intensity": 3
    },
    {
      "id": 1750059720132,
      "type": "smoked",
      "category": "vaping",
      "timestamp": "2025-06-16T07:42:00.132Z",
      "note": "",
      "date": "Mon Jun 16 2025"
    },
    {
      "id": 1750060823132,
      "type": "smoked",
      "category": "vaping",
      "timestamp": "2025-06-16T08:00:23.132Z",
      "note": "",
      "date": "Mon Jun 16 2025"
    },
    {
      "id": 1750070051132,
      "type": "smoked",
      "category": "vaping",
      "timestamp": "2025-06-16T10:34:11.132Z",
      "note": "",
      "date": "Mon Jun 16 2025"
    },
    {
      "id": 1750070975132,
      "type": "smoked",
      "category": "vaping",
      "timestamp": "2025-06-16T10:49:35.132Z",
      "note": "",
      "date": "Mon Jun 16 2025"
    },
    {
      "id": 1750080300137,
      "type": "craving",
      "category": "vaping",
      "timestamp": "2025-06-16T13:24:50.132Z",
      "note": "",
      "date": "Mon Jun 16 2025",
      "intensity": 1
    },
    {
      "id": 1750084924132,
      "type": "smoked",
      "category": "vaping",
      "timestamp": "2025-06-16T14:42:04.132Z",
      "note": "",
      "date": "Mon Jun 16 2025"
    },
    {
      "id": 1750086030132,
      "type": "craving",
      "category": "vaping",
      "timestamp": "2025-06-16T15:00:20.132Z",
      "note": "",
      "date": "Mon Jun 16 2025",
      "intensity": 1
    },
    {
      "id": 1750088492132,
      "type": "smoked",
      "category": "vaping",
      "timestamp": "2025-06-16T15:41:32.132Z",
      "note": "",
      "date": "Mon Jun 16 2025"
    },
    {
      "id": 1750092571132,
      "type": "smoked",
      "category": "vaping",
      "timestamp": "2025-06-16T16:49:31.132Z",
      "note": "",
      "date": "Mon Jun 16 2025"
    },
    {
      "id": 1750094279132,
      "type": "smoked",
      "category": "vaping",
      "timestamp": "2025-06-16T17:17:59.132Z",
      "note": "",
      "date": "Mon Jun 16 2025"
    },
    {
      "id": 1750095312132,
      "type": "craving",
      "category": "alcohol",
      "timestamp": "2025-06-16T17:34:52.132Z",
      "note": "",
      "date": "Mon Jun 16 2025",
      "intensity": 2
    },
    {
      "id": 1750095913132,
      "type": "smoked",
      "category": "vaping",
      "timestamp": "2025-06-16T17:45:13.132Z",
      "note": "",
      "date": "Mon Jun 16 2025"
    },
    {
      "id": 1750096201135,
      "type": "craving",
      "category": "vaping",
      "timestamp": "2025-06-16T17:49:51.132Z",
      "note": "",
      "date": "Mon Jun 16 2025",
      "intensity": 2
    },
    {
      "id": 1750099157136,
      "type": "smoked",
      "category": "alcohol",
      "timestamp": "2025-06-16T18:39:17.132Z",
      "note": "",
      "date": "Mon Jun 16 2025",
      "cost": 1
    },
    {
      "id": 1750101402132,
      "type": "smoked",
      "category": "vaping",
      "timestamp": "2025-06-16T19:16:42.132Z",
      "note": "",
      "date": "Mon Jun 16 2025"
    },
    {
      "id": 1750104634132,
      "type": "smoked",
      "category": "alcohol",
      "timestamp": "2025-06-16T20:10:34.132Z",
      "note": "",
      "date": "Mon Jun 16 2025",
      "cost": 1
    },
    {
      "id": 1750104938134,
      "type": "craving",
      "category": "vaping",
      "timestamp": "2025-06-16T20:15:28.132Z",
      "note": "",
      "date": "Mon Jun 16 2025",
      "intensity": 2
    },
    {
      "id": 1750106092132,
      "type": "smoked",
      "category": "vaping",
      "timestamp": "2025-06-16T20:34:52.132Z",
      "note": "",
      "date": "Mon Jun 16 2025"
    },
    {
      "id": 1750106155135,
      "type": "smoked",
      "category": "alcohol",
      "timestamp": "2025-06-16T20:35:55.132Z",
      "note": "",
      "date": "Mon Jun 16 2025",
      "cost": 1
    },
    {
      "id": 1750108283134,
      "type": "smoked",
      "category": "alcohol",
      "timestamp": "2025-06-16T21:11:23.132Z",
      "note": "",
      "date": "Mon Jun 16 2025",
      "cost": 0.75
    },
    {
      "id": 1750113927133,
      "type": "smoked",
      "category": "alcohol",
      "timestamp": "2025-06-16T22:45:27.132Z",
      "note": "",
      "date": "Mon Jun 16 2025",
      "cost": 0.75
    },
    {
      "id": 1750145042135,
      "type": "craving",
      "category": "vaping",
      "timestamp": "2025-06-17T07:23:52.132Z",
      "note": "",
      "date": "Tue Jun 17 2025",
      "intensity": 1
    },
    {
      "id": 1750147265132,
      "type": "smoked",
      "category": "vaping",
      "timestamp": "2025-06-17T08:01:05.132Z",
      "note": "",
      "date": "Tue Jun 17 2025"
    },
    {
      "id": 1750153181132,
      "type": "smoked",
      "category": "vaping",
      "timestamp": "2025-06-17T09:39:41.132Z",
      "note": "",
      "date": "Tue Jun 17 2025"
    },
    {
      "id": 1750162385132,
      "type": "smoked",
      "category": "vaping",
      "timestamp": "2025-06-17T12:13:05.132Z",
      "note": "",
      "date": "Tue Jun 17 2025"
    },
    {
      "id": 1750174628132,
      "type": "smoked",
      "category": "vaping",
      "timestamp": "2025-06-17T15:37:08.132Z",
      "note": "",
      "date": "Tue Jun 17 2025"
    },
    {
      "id": 1750175745132,
      "type": "smoked",
      "category": "vaping",
      "timestamp": "2025-06-17T15:55:45.132Z",
      "note": "",
      "date": "Tue Jun 17 2025"
    },
    {
      "id": 1750178710132,
      "type": "craving",
      "category": "vaping",
      "timestamp": "2025-06-17T16:45:00.132Z",
      "note": "",
      "date": "Tue Jun 17 2025",
      "intensity": 1
    },
    {
      "id": 1750181173133,
      "type": "smoked",
      "category": "alcohol",
      "timestamp": "2025-06-17T17:26:13.132Z",
      "note": "",
      "date": "Tue Jun 17 2025",
      "cost": 1
    },
    {
      "id": 1750182260136,
      "type": "craving",
      "category": "vaping",
      "timestamp": "2025-06-17T17:44:10.132Z",
      "note": "",
      "date": "Tue Jun 17 2025",
      "intensity": 1
    },
    {
      "id": 1750184546132,
      "type": "craving",
      "category": "alcohol",
      "timestamp": "2025-06-17T18:22:06.132Z",
      "note": "",
      "date": "Tue Jun 17 2025",
      "intensity": 2
    },
    {
      "id": 1750187508135,
      "type": "smoked",
      "category": "alcohol",
      "timestamp": "2025-06-17T19:11:48.132Z",
      "note": "",
      "date": "Tue Jun 17 2025",
      "cost": 1
    },
    {
      "id": 1750190526133,
      "type": "craving",
      "category": "vaping",
      "timestamp": "2025-06-17T20:01:56.132Z",
      "note": "",
      "date": "Tue Jun 17 2025",
      "intensity": 2
    },
    {
      "id": 1750190569132,
      "type": "smoked",
      "category": "vaping",
      "timestamp": "2025-06-17T20:02:49.132Z",
      "note": "",
      "date": "Tue Jun 17 2025"
    },
    {
      "id": 1750190688132,
      "type": "smoked",
      "category": "vaping",
      "timestamp": "2025-06-17T20:04:48.132Z",
      "note": "",
      "date": "Tue Jun 17 2025"
    },
    {
      "id": 1750191530134,
      "type": "craving",
      "category": "vaping",
      "timestamp": "2025-06-17T20:18:40.132Z",
      "note": "",
      "date": "Tue Jun 17 2025",
      "intensity": 2
    },
    {
      "id": 1750195511132,
      "type": "smoked",
      "category": "vaping",
      "timestamp": "2025-06-17T21:25:11.132Z",
      "note": "",
      "date": "Tue Jun 17 2025"
    },
    {
      "id": 1750196393132,
      "type": "smoked",
      "category": "vaping",
      "timestamp": "2025-06-17T21:39:53.132Z",
      "note": "",
      "date": "Tue Jun 17 2025"
    },
    {
      "id": 1750196975134,
      "type": "smoked",
      "category": "alcohol",
      "timestamp": "2025-06-17T21:49:35.132Z",
      "note": "",
      "date": "Tue Jun 17 2025",
      "cost": 1
    },
    {
      "id": 1750198768132,
      "type": "smoked",
      "category": "alcohol",
      "timestamp": "2025-06-17T22:19:28.132Z",
      "note": "",
      "date": "Tue Jun 17 2025",
      "cost": 1
    },
    {
      "id": 1750236562132,
      "type": "smoked",
      "category": "vaping",
      "timestamp": "2025-06-18T08:49:22.132Z",
      "note": "",
      "date": "Wed Jun 18 2025"
    },
    {
      "id": 1750237316132,
      "type": "smoked",
      "category": "vaping",
      "timestamp": "2025-06-18T09:01:56.132Z",
      "note": "",
      "date": "Wed Jun 18 2025"
    },
    {
      "id": 1750237928132,
      "type": "smoked",
      "category": "vaping",
      "timestamp": "2025-06-18T09:12:08.132Z",
      "note": "",
      "date": "Wed Jun 18 2025"
    },
    {
      "id": 1750241116132,
      "type": "smoked",
      "category": "vaping",
      "timestamp": "2025-06-18T10:05:16.132Z",
      "note": "",
      "date": "Wed Jun 18 2025"
    },
    {
      "id": 1750242508132,
      "type": "smoked",
      "category": "vaping",
      "timestamp": "2025-06-18T10:28:28.132Z",
      "note": "",
      "date": "Wed Jun 18 2025"
    },
    {
      "id": 1750245100132,
      "type": "smoked",
      "category": "vaping",
      "timestamp": "2025-06-18T11:11:40.132Z",
      "note": "",
      "date": "Wed Jun 18 2025"
    },
    {
      "id": 1750249083132,
      "type": "smoked",
      "category": "vaping",
      "timestamp": "2025-06-18T12:18:03.132Z",
      "note": "",
      "date": "Wed Jun 18 2025"
    },
    {
      "id": 1750258032133,
      "type": "craving",
      "category": "vaping",
      "timestamp": "2025-06-18T14:47:02.132Z",
      "note": "",
      "date": "Wed Jun 18 2025",
      "intensity": 2
    },
    {
      "id": 1750262798132,
      "type": "craving",
      "category": "alcohol",
      "timestamp": "2025-06-18T16:06:18.132Z",
      "note": "",
      "date": "Wed Jun 18 2025",
      "intensity": 1
    },
    {
      "id": 1750266580132,
      "type": "smoked",
      "category": "vaping",
      "timestamp": "2025-06-18T17:09:40.132Z",
      "note": "",
      "date": "Wed Jun 18 2025"
    },
    {
      "id": 1750266856132,
      "type": "smoked",
      "category": "vaping",
      "timestamp": "2025-06-18T17:14:16.132Z",
      "note": "",
      "date": "Wed Jun 18 2025"
    },
    {
      "id": 1750268246134,
      "type": "craving",
      "category": "vaping",
      "timestamp": "2025-06-18T17:37:16.132Z",
      "note": "",
      "date": "Wed Jun 18 2025",
      "intensity": 1
    },
    {
      "id": 1750270068133,
      "type": "smoked",
      "category": "alcohol",
      "timestamp": "2025-06-18T18:07:48.132Z",
      "note": "",
      "date": "Wed Jun 18 2025",
      "cost": 0.75
    },
    {
      "id": 1750274552132,
      "type": "smoked",
      "category": "alcohol",
      "timestamp": "2025-06-18T19:22:32.132Z",
      "note": "",
      "date": "Wed Jun 18 2025",
      "cost": 1
    },
    {
      "id": 1750274724134,
      "type": "smoked",
      "category": "alcohol",
      "timestamp": "2025-06-18T19:25:24.132Z",
      "note": "",
      "date": "Wed Jun 18 2025",
      "cost": 0.75
    },
    {
      "id": 1750276348137,
      "type": "smoked",
      "category": "alcohol",
      "timestamp": "2025-06-18T19:52:28.132Z",
      "note": "",
      "date": "Wed Jun 18 2025",
      "cost": 1
    },
    {
      "id": 1750281268132,
      "type": "smoked",
      "category": "vaping",
      "timestamp": "2025-06-18T21:14:28.132Z",
      "note": "",
      "date": "Wed Jun 18 2025"
    },
    {
      "id": 1750281634135,
      "type": "smoked",
      "category": "alcohol",
      "timestamp": "2025-06-18T21:20:34.132Z",
      "note": "",
      "date": "Wed Jun 18 2025",
      "cost": 1
    },
    {
      "id": 1750283492136,
      "type": "smoked",
      "category": "alcohol",
      "timestamp": "2025-06-18T21:51:32.132Z",
      "note": "",
      "date": "Wed Jun 18 2025",
      "cost": 1
    },
    {
      "id": 1750284335132,
      "type": "craving",
      "category": "vaping",
      "timestamp": "2025-06-18T22:05:25.132Z",
      "note": "",
      "date": "Wed Jun 18 2025",
      "intensity": 2
    },
    {
      "id": 1750287334132,
      "type": "smoked",
      "category": "vaping",
      "timestamp": "2025-06-18T22:55:34.132Z",
      "note": "",
      "date": "Wed Jun 18 2025"
    },
    {
      "id": 1750318285134,
      "type": "craving",
      "category": "vaping",
      "timestamp": "2025-06-19T07:31:15.132Z",
      "note": "",
      "date": "Thu Jun 19 2025",
      "intensity": 3
    },
    {
      "id": 1750318736132,
      "type": "smoked",
      "category": "vaping",
      "timestamp": "2025-06-19T07:38:56.132Z",
      "note": "",
      "date": "Thu Jun 19 2025"
    },
    {
      "id": 1750329866132,
      "type": "craving",
      "category": "vaping",
      "timestamp": "2025-06-19T10:44:16.132Z",
      "note": "",
      "date": "Thu Jun 19 2025",
      "intensity": 1
    },
    {
      "id": 1750336232132,
      "type": "smoked",
      "category": "vaping",
      "timestamp": "2025-06-19T12:30:32.132Z",
      "note": "",
      "date": "Thu Jun 19 2025"
    },
    {
      "id": 1750340047132,
      "type": "smoked",
      "category": "vaping",
      "timestamp": "2025-06-19T13:34:07.132Z",
      "note": "",
      "date": "Thu Jun 19 2025"
    },
    {
      "id": 1750340998136,
      "type": "craving",
      "category": "vaping",
      "timestamp": "2025-06-19T13:49:48.132Z",
      "note": "",
      "date": "Thu Jun 19 2025",
      "intensity": 1
    },
    {
      "id": 1750341160132,
      "type": "smoked",
      "category": "vaping",
      "timestamp": "2025-06-19T13:52:40.132Z",
      "note": "",
      "date": "Thu Jun 19 2025"
    },
    {
      "id": 1750345844132,
      "type": "smoked",
      "category": "vaping",
      "timestamp": "2025-06-19T15:10:44.132Z",
      "note": "",
      "date": "Thu Jun 19 2025"
    },
    {
      "id": 1750348549135,
      "type": "craving",
      "category": "vaping",
      "timestamp": "2025-06-19T15:55:39.132Z",
      "note": "",
      "date": "Thu Jun 19 2025",
      "intensity": 2
    },
    {
      "id": 1750350781132,
      "type": "smoked",
      "category": "vaping",
      "timestamp": "2025-06-19T16:33:01.132Z",
      "note": "",
      "date": "Thu Jun 19 2025"
    },
    {
      "id": 1750351250132,
      "type": "smoked",
      "category": "vaping",
      "timestamp": "2025-06-19T16:40:50.132Z",
      "note": "",
      "date": "Thu Jun 19 2025"
    },
    {
      "id": 1750351536132,
      "type": "craving",
      "category": "alcohol",
      "timestamp": "2025-06-19T16:45:16.132Z",
      "note": "",
      "date": "Thu Jun 19 2025",
      "intensity": 2
    },
    {
      "id": 1750352611133,
      "type": "smoked",
      "category": "alcohol",
      "timestamp": "2025-06-19T17:03:31.132Z",
      "note": "",
      "date": "Thu Jun 19 2025",
      "cost": 0.75
    },
    {
      "id": 1750353193132,
      "type": "smoked",
      "category": "vaping",
      "timestamp": "2025-06-19T17:13:13.132Z",
      "note": "",
      "date": "Thu Jun 19 2025"
    },
    {
      "id": 1750353425132,
      "type": "smoked",
      "category": "alcohol",
      "timestamp": "2025-06-19T17:17:05.132Z",
      "note": "",
      "date": "Thu Jun 19 2025",
      "cost": 1
    },
    {
      "id": 1750354530133,
      "type": "craving",
      "category": "alcohol",
      "timestamp": "2025-06-19T17:35:10.132Z",
      "note": "",
      "date": "Thu Jun 19 2025",
      "intensity": 2
    },
    {
      "id": 1750355479132,
      "type": "smoked",
      "category": "vaping",
      "timestamp": "2025-06-19T17:51:19.132Z",
      "note": "",
      "date": "Thu Jun 19 2025"
    },
    {
      "id": 1750356059132,
      "type": "smoked",
      "category": "vaping",
      "timestamp": "2025-06-19T18:00:59.132Z",
      "note": "",
      "date": "Thu Jun 19 2025"
    },
    {
      "id": 1750356614134,
      "type": "smoked",
      "category": "alcohol",
      "timestamp": "2025-06-19T18:10:14.132Z",
      "note": "",
      "date": "Thu Jun 19 2025",
      "cost": 1
    },
    {
      "id": 1750358940133,
      "type": "craving",
      "category": "vaping",
      "timestamp": "2025-06-19T18:48:50.132Z",
      "note": "",
      "date": "Thu Jun 19 2025",
      "intensity": 1
    },
    {
      "id": 1750361521132,
      "type": "smoked",
      "category": "vaping",
      "timestamp": "2025-06-19T19:32:01.132Z",
      "note": "",
      "date": "Thu Jun 19 2025"
    },
    {
      "id": 1750365107137,
      "type": "craving",
      "category": "vaping",
      "timestamp": "2025-06-19T20:31:37.132Z",
      "note": "",
      "date": "Thu Jun 19 2025",
      "intensity": 2
    },
    {
      "id": 1750367537135,
      "type": "smoked",
      "category": "alcohol",
      "timestamp": "2025-06-19T21:12:17.132Z",
      "note": "",
      "date": "Thu Jun 19 2025",
      "cost": 1.25
    },
    {
      "id": 1750408325132,
      "type": "smoked",
      "category": "vaping",
      "timestamp": "2025-06-20T08:32:05.132Z",
      "note": "",
      "date": "Fri Jun 20 2025"
    },
    {
      "id": 1750411492132,
      "type": "smoked",
      "category": "vaping",
      "timestamp": "2025-06-20T09:24:52.132Z",
      "note": "",
      "date": "Fri Jun 20 2025"
    },
    {
      "id": 1750413448132,
      "type": "smoked",
      "category": "vaping",
      "timestamp": "2025-06-20T09:57:28.132Z",
      "note": "",
      "date": "Fri Jun 20 2025"
    },
    {
      "id": 1750416893132,
      "type": "smoked",
      "category": "vaping",
      "timestamp": "2025-06-20T10:54:53.132Z",
      "note": "",
      "date": "Fri Jun 20 2025"
    },
    {
      "id": 1750423825132,
      "type": "smoked",
      "category": "vaping",
      "timestamp": "2025-06-20T12:50:25.132Z",
      "note": "",
      "date": "Fri Jun 20 2025"
    },
    {
      "id": 1750425073133,
      "type": "craving",
      "category": "vaping",
      "timestamp": "2025-06-20T13:11:03.132Z",
      "note": "",
      "date": "Fri Jun 20 2025",
      "intensity": 2
    },
    {
      "id": 1750430867132,
      "type": "smoked",
      "category": "vaping",
      "timestamp": "2025-06-20T14:47:47.132Z",
      "note": "",
      "date": "Fri Jun 20 2025"
    },
    {
      "id": 1750433299132,
      "type": "craving",
      "category": "alcohol",
      "timestamp": "2025-06-20T15:27:59.132Z",
      "note": "",
      "date": "Fri Jun 20 2025",
      "intensity": 2
    },
    {
      "id": 1750435313135,
      "type": "craving",
      "category": "vaping",
      "timestamp": "2025-06-20T16:01:43.132Z",
      "note": "",
      "date": "Fri Jun 20 2025",
      "intensity": 3
    },
    {
      "id": 1750437752132,
      "type": "smoked",
      "category": "vaping",
      "timestamp": "2025-06-20T16:42:32.132Z",
      "note": "",
      "date": "Fri Jun 20 2025"
    },
    {
      "id": 1750447735134,
      "type": "smoked",
      "category": "alcohol",
      "timestamp": "2025-06-20T19:28:55.132Z",
      "note": "",
      "date": "Fri Jun 20 2025",
      "cost": 1
    },
    {
      "id": 1750448519134,
      "type": "craving",
      "category": "vaping",
      "timestamp": "2025-06-20T19:41:49.132Z",
      "note": "",
      "date": "Fri Jun 20 2025",
      "intensity": 1
    },
    {
      "id": 1750448966132,
      "type": "smoked",
      "category": "vaping",
      "timestamp": "2025-06-20T19:49:26.132Z",
      "note": "",
      "date": "Fri Jun 20 2025"
    },
    {
      "id": 1750451842132,
      "type": "smoked",
      "category": "alcohol",
      "timestamp": "2025-06-20T20:37:22.132Z",
      "note": "",
      "date": "Fri Jun 20 2025",
      "cost": 1.25
    },
    {
      "id": 1750452371132,
      "type": "smoked",
      "category": "vaping",
      "timestamp": "2025-06-20T20:46:11.132Z",
      "note": "",
      "date": "Fri Jun 20 2025"
    },
    {
      "id": 1750452673132,
      "type": "craving",
      "category": "vaping",
      "timestamp": "2025-06-20T20:51:03.132Z",
      "note": "",
      "date": "Fri Jun 20 2025",
      "intensity": 2
    },
    {
      "id": 1750453733136,
      "type": "smoked",
      "category": "alcohol",
      "timestamp": "2025-06-20T21:08:53.132Z",
      "note": "",
      "date": "Fri Jun 20 2025",
      "cost": 0.75
    },
    {
      "id": 1750455036132,
      "type": "smoked",
      "category": "vaping",
      "timestamp": "2025-06-20T21:30:36.132Z",
      "note": "",
      "date": "Fri Jun 20 2025"
    },
    {
      "id": 1750456854132,
      "type": "smoked",
      "category": "vaping",
      "timestamp": "2025-06-20T22:00:54.132Z",
      "note": "",
      "date": "Fri Jun 20 2025"
    },
    {
      "id": 1750459114133,
      "type": "smoked",
      "category": "alcohol",
      "timestamp": "2025-06-20T22:38:34.132Z",
      "note": "",
      "date": "Fri Jun 20 2025",
      "cost": 1
    },
    {
      "id": 1750459208132,
      "type": "smoked",
      "category": "vaping",
      "timestamp": "2025-06-20T22:40:08.132Z",
      "note": "",
      "date": "Fri Jun 20 2025"
    },
    {
      "id": 1750459674135,
      "type": "smoked",
      "category": "alcohol",
      "timestamp": "2025-06-20T22:47:54.132Z",
      "note": "",
      "date": "Fri Jun 20 2025",
      "cost": 0.75
    },
    {
      "id": 1750492734132,
      "type": "smoked",
      "category": "vaping",
      "timestamp": "2025-06-21T07:58:54.132Z",
      "note": "",
      "date": "Sat Jun 21 2025"
    },
    {
      "id": 1750497232132,
      "type": "smoked",
      "category": "vaping",
      "timestamp": "2025-06-21T09:13:52.132Z",
      "note": "",
      "date": "Sat Jun 21 2025"
    },
    {
      "id": 1750502586132,
      "type": "smoked",
      "category": "vaping",
      "timestamp": "2025-06-21T10:43:06.132Z",
      "note": "",
      "date": "Sat Jun 21 2025"
    },
    {
      "id": 1750506062134,
      "type": "craving",
      "category": "vaping",
      "timestamp": "2025-06-21T11:40:52.132Z",
      "note": "",
      "date": "Sat Jun 21 2025",
      "intensity": 2
    },
    {
      "id": 1750508581132,
      "type": "craving",
      "category": "vaping",
      "timestamp": "2025-06-21T12:22:51.132Z",
      "note": "",
      "date": "Sat Jun 21 2025",
      "intensity": 2
    },
    {
      "id": 1750517604133,
      "type": "craving",
      "category": "vaping",
      "timestamp": "2025-06-21T14:53:14.132Z",
      "note": "",
      "date": "Sat Jun 21 2025",
      "intensity": 1
    },
    {
      "id": 1750521384132,
      "type": "craving",
      "category": "alcohol",
      "timestamp": "2025-06-21T15:56:04.132Z",
      "note": "",
      "date": "Sat Jun 21 2025",
      "intensity": 2
    },
    {
      "id": 1750526877133,
      "type": "craving",
      "category": "alcohol",
      "timestamp": "2025-06-21T17:27:37.132Z",
      "note": "",
      "date": "Sat Jun 21 2025",
      "intensity": 1
    },
    {
      "id": 1750527735132,
      "type": "smoked",
      "category": "vaping",
      "timestamp": "2025-06-21T17:42:15.132Z",
      "note": "",
      "date": "Sat Jun 21 2025"
    },
    {
      "id": 1750531412136,
      "type": "smoked",
      "category": "alcohol",
      "timestamp": "2025-06-21T18:43:32.132Z",
      "note": "",
      "date": "Sat Jun 21 2025",
      "cost": 1.25
    },
    {
      "id": 1750531918137,
      "type": "smoked",
      "category": "alcohol",
      "timestamp": "2025-06-21T18:51:58.132Z",
      "note": "",
      "date": "Sat Jun 21 2025",
      "cost": 1.25
    },
    {
      "id": 1750533060133,
      "type": "smoked",
      "category": "alcohol",
      "timestamp": "2025-06-21T19:11:00.132Z",
      "note": "",
      "date": "Sat Jun 21 2025",
      "cost": 1
    },
    {
      "id": 1750533580135,
      "type": "craving",
      "category": "vaping",
      "timestamp": "2025-06-21T19:19:30.132Z",
      "note": "",
      "date": "Sat Jun 21 2025",
      "intensity": 1
    },
    {
      "id": 1750533755132,
      "type": "smoked",
      "category": "vaping",
      "timestamp": "2025-06-21T19:22:35.132Z",
      "note": "",
      "date": "Sat Jun 21 2025"
    },
    {
      "id": 1750535476132,
      "type": "smoked",
      "category": "vaping",
      "timestamp": "2025-06-21T19:51:16.132Z",
      "note": "",
      "date": "Sat Jun 21 2025"
    },
    {
      "id": 1750536644132,
      "type": "smoked",
      "category": "vaping",
      "timestamp": "2025-06-21T20:10:44.132Z",
      "note": "",
      "date": "Sat Jun 21 2025"
    },
    {
      "id": 1750539203134,
      "type": "smoked",
      "category": "alcohol",
      "timestamp": "2025-06-21T20:53:23.132Z",
      "note": "",
      "date": "Sat Jun 21 2025",
      "cost": 1
    },
    {
      "id": 1750539664132,
      "type": "smoked",
      "category": "vaping",
      "timestamp": "2025-06-21T21:01:04.132Z",
      "note": "",
      "date": "Sat Jun 21 2025"
    },
    {
      "id": 1750540276132,
      "type": "smoked",
      "category": "vaping",
      "timestamp": "2025-06-21T21:11:16.132Z",
      "note": "",
      "date": "Sat Jun 21 2025"
    },
    {
      "id": 1750544822132,
      "type": "smoked",
      "category": "alcohol",
      "timestamp": "2025-06-21T22:27:02.132Z",
      "note": "",
      "date": "Sat Jun 21 2025",
      "cost": 1.25
    },
    {
      "id": 1750545985135,
      "type": "smoked",
      "category": "alcohol",
      "timestamp": "2025-06-21T22:46:25.132Z",
      "note": "",
      "date": "Sat Jun 21 2025",
      "cost": 1
    },
    {
      "id": 1750577216132,
      "type": "smoked",
      "category": "vaping",
      "timestamp": "2025-06-22T07:26:56.132Z",
      "note": "",
      "date": "Sun Jun 22 2025"
    },
    {
      "id": 1750584556132,
      "type": "smoked",
      "category": "vaping",
      "timestamp": "2025-06-22T09:29:16.132Z",
      "note": "",
      "date": "Sun Jun 22 2025"
    },
    {
      "id": 1750589721135,
      "type": "craving",
      "category": "vaping",
      "timestamp": "2025-06-22T10:55:11.132Z",
      "note": "",
      "date": "Sun Jun 22 2025",
      "intensity": 3
    },
    {
      "id": 1750594062132,
      "type": "smoked",
      "category": "vaping",
      "timestamp": "2025-06-22T12:07:42.132Z",
      "note": "",
      "date": "Sun Jun 22 2025"
    },
    {
      "id": 1750602145132,
      "type": "smoked",
      "category": "vaping",
      "timestamp": "2025-06-22T14:22:25.132Z",
      "note": "",
      "date": "Sun Jun 22 2025"
    },
    {
      "id": 1750606722133,
      "type": "craving",
      "category": "vaping",
      "timestamp": "2025-06-22T15:38:32.132Z",
      "note": "",
      "date": "Sun Jun 22 2025",
      "intensity": 2
    },
    {
      "id": 1750607824134,
      "type": "craving",
      "category": "vaping",
      "timestamp": "2025-06-22T15:56:54.132Z",
      "note": "",
      "date": "Sun Jun 22 2025",
      "intensity": 3
    },
    {
      "id": 1750612643132,
      "type": "craving",
      "category": "alcohol",
      "timestamp": "2025-06-22T17:17:03.132Z",
      "note": "",
      "date": "Sun Jun 22 2025",
      "intensity": 2
    },
    {
      "id": 1750618211132,
      "type": "smoked",
      "category": "vaping",
      "timestamp": "2025-06-22T18:50:11.132Z",
      "note": "",
      "date": "Sun Jun 22 2025"
    },
    {
      "id": 1750618916132,
      "type": "craving",
      "category": "vaping",
      "timestamp": "2025-06-22T19:01:46.132Z",
      "note": "",
      "date": "Sun Jun 22 2025",
      "intensity": 2
    },
    {
      "id": 1750619210132,
      "type": "smoked",
      "category": "alcohol",
      "timestamp": "2025-06-22T19:06:50.132Z",
      "note": "",
      "date": "Sun Jun 22 2025",
      "cost": 1
    },
    {
      "id": 1750619946133,
      "type": "smoked",
      "category": "alcohol",
      "timestamp": "2025-06-22T19:19:06.132Z",
      "note": "",
      "date": "Sun Jun 22 2025",
      "cost": 1.25
    },
    {
      "id": 1750620817134,
      "type": "smoked",
      "category": "alcohol",
      "timestamp": "2025-06-22T19:33:37.132Z",
      "note": "",
      "date": "Sun Jun 22 2025",
      "cost": 1
    },
    {
      "id": 1750624341132,
      "type": "smoked",
      "category": "vaping",
      "timestamp": "2025-06-22T20:32:21.132Z",
      "note": "",
      "date": "Sun Jun 22 2025"
    },
    {
      "id": 1750631842132,
      "type": "smoked",
      "category": "vaping",
      "timestamp": "2025-06-22T22:37:22.132Z",
      "note": "",
      "date": "Sun Jun 22 2025"
    },
    {
      "id": 1750632776132,
      "type": "smoked",
      "category": "vaping",
      "timestamp": "2025-06-22T22:52:56.132Z",
      "note": "",
      "date": "Sun Jun 22 2025"
    },
    {
      "id": 1750664091132,
      "type": "smoked",
      "category": "vaping",
      "timestamp": "2025-06-23T07:34:51.132Z",
      "note": "",
      "date": "Mon Jun 23 2025"
    },
    {
      "id": 1750665574132,
      "type": "smoked",
      "category": "vaping",
      "timestamp": "2025-06-23T07:59:34.132Z",
      "note": "",
      "date": "Mon Jun 23 2025"
    },
    {
      "id": 1750666392132,
      "type": "smoked",
      "category": "vaping",
      "timestamp": "2025-06-23T08:13:12.132Z",
      "note": "",
      "date": "Mon Jun 23 2025"
    },
    {
      "id": 1750668544132,
      "type": "smoked",
      "category": "vaping",
      "timestamp": "2025-06-23T08:49:04.132Z",
      "note": "",
      "date": "Mon Jun 23 2025"
    },
    {
      "id": 1750670517132,
      "type": "smoked",
      "category": "vaping",
      "timestamp": "2025-06-23T09:21:57.132Z",
      "note": "",
      "date": "Mon Jun 23 2025"
    },
    {
      "id": 1750674614132,
      "type": "smoked",
      "category": "vaping",
      "timestamp": "2025-06-23T10:30:14.132Z",
      "note": "",
      "date": "Mon Jun 23 2025"
    },
    {
      "id": 1750676264132,
      "type": "smoked",
      "category": "vaping",
      "timestamp": "2025-06-23T10:57:44.132Z",
      "note": "",
      "date": "Mon Jun 23 2025"
    },
    {
      "id": 1750677625135,
      "type": "craving",
      "category": "vaping",
      "timestamp": "2025-06-23T11:20:15.132Z",
      "note": "",
      "date": "Mon Jun 23 2025",
      "intensity": 2
    },
    {
      "id": 1750679035136,
      "type": "craving",
      "category": "vaping",
      "timestamp": "2025-06-23T11:43:45.132Z",
      "note": "",
      "date": "Mon Jun 23 2025",
      "intensity": 2
    },
    {
      "id": 1750685982134,
      "type": "craving",
      "category": "vaping",
      "timestamp": "2025-06-23T13:39:32.132Z",
      "note": "",
      "date": "Mon Jun 23 2025",
      "intensity": 2
    },
    {
      "id": 1750693155133,
      "type": "craving",
      "category": "vaping",
      "timestamp": "2025-06-23T15:39:05.132Z",
      "note": "",
      "date": "Mon Jun 23 2025",
      "intensity": 3
    },
    {
      "id": 1750693902132,
      "type": "craving",
      "category": "vaping",
      "timestamp": "2025-06-23T15:51:32.132Z",
      "note": "",
      "date": "Mon Jun 23 2025",
      "intensity": 2
    },
    {
      "id": 1750698632134,
      "type": "smoked",
      "category": "alcohol",
      "timestamp": "2025-06-23T17:10:32.132Z",
      "note": "",
      "date": "Mon Jun 23 2025",
      "cost": 0.75
    },
    {
      "id": 1750702076132,
      "type": "craving",
      "category": "alcohol",
      "timestamp": "2025-06-23T18:07:36.132Z",
      "note": "",
      "date": "Mon Jun 23 2025",
      "intensity": 2
    },
    {
      "id": 1750706396132,
      "type": "smoked",
      "category": "vaping",
      "timestamp": "2025-06-23T19:19:56.132Z",
      "note": "",
      "date": "Mon Jun 23 2025"
    },
    {
      "id": 1750706667133,
      "type": "smoked",
      "category": "alcohol",
      "timestamp": "2025-06-23T19:24:27.132Z",
      "note": "",
      "date": "Mon Jun 23 2025",
      "cost": 1
    },
    {
      "id": 1750708405132,
      "type": "smoked",
      "category": "vaping",
      "timestamp": "2025-06-23T19:53:25.132Z",
      "note": "",
      "date": "Mon Jun 23 2025"
    },
    {
      "id": 1750715364132,
      "type": "smoked",
      "category": "vaping",
      "timestamp": "2025-06-23T21:49:24.132Z",
      "note": "",
      "date": "Mon Jun 23 2025"
    },
    {
      "id": 1750719388132,
      "type": "smoked",
      "category": "alcohol",
      "timestamp": "2025-06-23T22:56:28.132Z",
      "note": "",
      "date": "Mon Jun 23 2025",
      "cost": 0.75
    },
    {
      "id": 1750754411132,
      "type": "smoked",
      "category": "vaping",
      "timestamp": "2025-06-24T08:40:11.132Z",
      "note": "",
      "date": "Tue Jun 24 2025"
    },
    {
      "id": 1750761478132,
      "type": "smoked",
      "category": "vaping",
      "timestamp": "2025-06-24T10:37:58.132Z",
      "note": "",
      "date": "Tue Jun 24 2025"
    },
    {
      "id": 1750764963132,
      "type": "craving",
      "category": "vaping",
      "timestamp": "2025-06-24T11:35:53.132Z",
      "note": "",
      "date": "Tue Jun 24 2025",
      "intensity": 1
    },
    {
      "id": 1750770939132,
      "type": "smoked",
      "category": "vaping",
      "timestamp": "2025-06-24T13:15:39.132Z",
      "note": "",
      "date": "Tue Jun 24 2025"
    },
    {
      "id": 1750772417132,
      "type": "smoked",
      "category": "vaping",
      "timestamp": "2025-06-24T13:40:17.132Z",
      "note": "",
      "date": "Tue Jun 24 2025"
    },
    {
      "id": 1750774365132,
      "type": "smoked",
      "category": "vaping",
      "timestamp": "2025-06-24T14:12:45.132Z",
      "note": "",
      "date": "Tue Jun 24 2025"
    },
    {
      "id": 1750774892132,
      "type": "smoked",
      "category": "vaping",
      "timestamp": "2025-06-24T14:21:32.132Z",
      "note": "",
      "date": "Tue Jun 24 2025"
    },
    {
      "id": 1750780696132,
      "type": "craving",
      "category": "alcohol",
      "timestamp": "2025-06-24T15:57:56.132Z",
      "note": "",
      "date": "Tue Jun 24 2025",
      "intensity": 2
    },
    {
      "id": 1750782215132,
      "type": "smoked",
      "category": "vaping",
      "timestamp": "2025-06-24T16:23:35.132Z",
      "note": "",
      "date": "Tue Jun 24 2025"
    },
    {
      "id": 1750784150134,
      "type": "craving",
      "category": "vaping",
      "timestamp": "2025-06-24T16:55:40.132Z",
      "note": "",
      "date": "Tue Jun 24 2025",
      "intensity": 1
    },
    {
      "id": 1750785218133,
      "type": "craving",
      "category": "vaping",
      "timestamp": "2025-06-24T17:13:28.132Z",
      "note": "",
      "date": "Tue Jun 24 2025",
      "intensity": 2
    },
    {
      "id": 1750786855136,
      "type": "smoked",
      "category": "alcohol",
      "timestamp": "2025-06-24T17:40:55.132Z",
      "note": "",
      "date": "Tue Jun 24 2025",
      "cost": 1
    },
    {
      "id": 1750788861135,
      "type": "craving",
      "category": "vaping",
      "timestamp": "2025-06-24T18:14:11.132Z",
      "note": "",
      "date": "Tue Jun 24 2025",
      "intensity": 2
    },
    {
      "id": 1750794854135,
      "type": "smoked",
      "category": "alcohol",
      "timestamp": "2025-06-24T19:54:14.132Z",
      "note": "",
      "date": "Tue Jun 24 2025",
      "cost": 0.75
    },
    {
      "id": 1750798070133,
      "type": "smoked",
      "category": "alcohol",
      "timestamp": "2025-06-24T20:47:50.132Z",
      "note": "",
      "date": "Tue Jun 24 2025",
      "cost": 1
    },
    {
      "id": 1750799938134,
      "type": "smoked",
      "category": "alcohol",
      "timestamp": "2025-06-24T21:18:58.132Z",
      "note": "",
      "date": "Tue Jun 24 2025",
      "cost": 1
    },
    {
      "id": 1750802474132,
      "type": "smoked",
      "category": "alcohol",
      "timestamp": "2025-06-24T22:01:14.132Z",
      "note": "",
      "date": "Tue Jun 24 2025",
      "cost": 0.75
    },
    {
      "id": 1750802815132,
      "type": "smoked",
      "category": "vaping",
      "timestamp": "2025-06-24T22:06:55.132Z",
      "note": "",
      "date": "Tue Jun 24 2025"
    },
    {
      "id": 1750803857132,
      "type": "smoked",
      "category": "vaping",
      "timestamp": "2025-06-24T22:24:17.132Z",
      "note": "",
      "date": "Tue Jun 24 2025"
    },
    {
      "id": 1750840169134,
      "type": "craving",
      "category": "vaping",
      "timestamp": "2025-06-25T08:29:19.132Z",
      "note": "",
      "date": "Wed Jun 25 2025",
      "intensity": 1
    },
    {
      "id": 1750842931132,
      "type": "smoked",
      "category": "vaping",
      "timestamp": "2025-06-25T09:15:31.132Z",
      "note": "",
      "date": "Wed Jun 25 2025"
    },
    {
      "id": 1750843962132,
      "type": "smoked",
      "category": "vaping",
      "timestamp": "2025-06-25T09:32:42.132Z",
      "note": "",
      "date": "Wed Jun 25 2025"
    },
    {
      "id": 1750849861132,
      "type": "smoked",
      "category": "vaping",
      "timestamp": "2025-06-25T11:11:01.132Z",
      "note": "",
      "date": "Wed Jun 25 2025"
    },
    {
      "id": 1750853414132,
      "type": "smoked",
      "category": "vaping",
      "timestamp": "2025-06-25T12:10:14.132Z",
      "note": "",
      "date": "Wed Jun 25 2025"
    },
    {
      "id": 1750853504136,
      "type": "craving",
      "category": "vaping",
      "timestamp": "2025-06-25T12:11:34.132Z",
      "note": "",
      "date": "Wed Jun 25 2025",
      "intensity": 1
    },
    {
      "id": 1750853979132,
      "type": "smoked",
      "category": "vaping",
      "timestamp": "2025-06-25T12:19:39.132Z",
      "note": "",
      "date": "Wed Jun 25 2025"
    },
    {
      "id": 1750855368132,
      "type": "smoked",
      "category": "vaping",
      "timestamp": "2025-06-25T12:42:48.132Z",
      "note": "",
      "date": "Wed Jun 25 2025"
    },
    {
      "id": 1750856574132,
      "type": "smoked",
      "category": "vaping",
      "timestamp": "2025-06-25T13:02:54.132Z",
      "note": "",
      "date": "Wed Jun 25 2025"
    },
    {
      "id": 1750856895132,
      "type": "smoked",
      "category": "vaping",
      "timestamp": "2025-06-25T13:08:15.132Z",
      "note": "",
      "date": "Wed Jun 25 2025"
    },
    {
      "id": 1750858873132,
      "type": "smoked",
      "category": "vaping",
      "timestamp": "2025-06-25T13:41:13.132Z",
      "note": "",
      "date": "Wed Jun 25 2025"
    },
    {
      "id": 1750861874137,
      "type": "craving",
      "category": "vaping",
      "timestamp": "2025-06-25T14:31:04.132Z",
      "note": "",
      "date": "Wed Jun 25 2025",
      "intensity": 2
    },
    {
      "id": 1750866737132,
      "type": "craving",
      "category": "vaping",
      "timestamp": "2025-06-25T15:52:07.132Z",
      "note": "",
      "date": "Wed Jun 25 2025",
      "intensity": 1
    },
    {
      "id": 1750871430133,
      "type": "smoked",
      "category": "alcohol",
      "timestamp": "2025-06-25T17:10:30.132Z",
      "note": "",
      "date": "Wed Jun 25 2025",
      "cost": 1
    },
    {
      "id": 1750875424135,
      "type": "craving",
      "category": "vaping",
      "timestamp": "2025-06-25T18:16:54.132Z",
      "note": "",
      "date": "Wed Jun 25 2025",
      "intensity": 1
    },
    {
      "id": 1750875904132,
      "type": "craving",
      "category": "alcohol",
      "timestamp": "2025-06-25T18:24:44.132Z",
      "note": "",
      "date": "Wed Jun 25 2025",
      "intensity": 2
    },
    {
      "id": 1750876716133,
      "type": "craving",
      "category": "alcohol",
      "timestamp": "2025-06-25T18:38:16.132Z",
      "note": "",
      "date": "Wed Jun 25 2025",
      "intensity": 1
    },
    {
      "id": 1750876739133,
      "type": "craving",
      "category": "vaping",
      "timestamp": "2025-06-25T18:38:49.132Z",
      "note": "",
      "date": "Wed Jun 25 2025",
      "intensity": 1
    },
    {
      "id": 1750877475134,
      "type": "smoked",
      "category": "alcohol",
      "timestamp": "2025-06-25T18:51:15.132Z",
      "note": "",
      "date": "Wed Jun 25 2025",
      "cost": 1.25
    },
    {
      "id": 1750878227132,
      "type": "smoked",
      "category": "vaping",
      "timestamp": "2025-06-25T19:03:47.132Z",
      "note": "",
      "date": "Wed Jun 25 2025"
    },
    {
      "id": 1750882351132,
      "type": "smoked",
      "category": "vaping",
      "timestamp": "2025-06-25T20:12:31.132Z",
      "note": "",
      "date": "Wed Jun 25 2025"
    },
    {
      "id": 1750883930135,
      "type": "smoked",
      "category": "alcohol",
      "timestamp": "2025-06-25T20:38:50.132Z",
      "note": "",
      "date": "Wed Jun 25 2025",
      "cost": 1
    },
    {
      "id": 1750887302132,
      "type": "smoked",
      "category": "alcohol",
      "timestamp": "2025-06-25T21:35:02.132Z",
      "note": "",
      "date": "Wed Jun 25 2025",
      "cost": 1.25
    },
    {
      "id": 1750921358133,
      "type": "craving",
      "category": "vaping",
      "timestamp": "2025-06-26T07:02:28.132Z",
      "note": "",
      "date": "Thu Jun 26 2025",
      "intensity": 1
    },
    {
      "id": 1750929204132,
      "type": "smoked",
      "category": "vaping",
      "timestamp": "2025-06-26T09:13:24.132Z",
      "note": "",
      "date": "Thu Jun 26 2025"
    },
    {
      "id": 1750930865134,
      "type": "craving",
      "category": "vaping",
      "timestamp": "2025-06-26T09:40:55.132Z",
      "note": "",
      "date": "Thu Jun 26 2025",
      "intensity": 1
    },
    {
      "id": 1750931098132,
      "type": "smoked",
      "category": "vaping",
      "timestamp": "2025-06-26T09:44:58.132Z",
      "note": "",
      "date": "Thu Jun 26 2025"
    },
    {
      "id": 1750931593132,
      "type": "smoked",
      "category": "vaping",
      "timestamp": "2025-06-26T09:53:13.132Z",
      "note": "",
      "date": "Thu Jun 26 2025"
    },
    {
      "id": 1750932497132,
      "type": "craving",
      "category": "vaping",
      "timestamp": "2025-06-26T10:08:07.132Z",
      "note": "",
      "date": "Thu Jun 26 2025",
      "intensity": 3
    },
    {
      "id": 1750933041132,
      "type": "smoked",
      "category": "vaping",
      "timestamp": "2025-06-26T10:17:21.132Z",
      "note": "",
      "date": "Thu Jun 26 2025"
    },
    {
      "id": 1750941272132,
      "type": "smoked",
      "category": "vaping",
      "timestamp": "2025-06-26T12:34:32.132Z",
      "note": "",
      "date": "Thu Jun 26 2025"
    },
    {
      "id": 1750954697132,
      "type": "smoked",
      "category": "vaping",
      "timestamp": "2025-06-26T16:18:17.132Z",
      "note": "",
      "date": "Thu Jun 26 2025"
    },
    {
      "id": 1750955341132,
      "type": "craving",
      "category": "alcohol",
      "timestamp": "2025-06-26T16:28:41.132Z",
      "note": "",
      "date": "Thu Jun 26 2025",
      "intensity": 2
    },
    {
      "id": 1750959297132,
      "type": "smoked",
      "category": "alcohol",
      "timestamp": "2025-06-26T17:34:57.132Z",
      "note": "",
      "date": "Thu Jun 26 2025",
      "cost": 1
    },
    {
      "id": 1750960260133,
      "type": "smoked",
      "category": "alcohol",
      "timestamp": "2025-06-26T17:51:00.132Z",
      "note": "",
      "date": "Thu Jun 26 2025",
      "cost": 1
    },
    {
      "id": 1750970208132,
      "type": "smoked",
      "category": "vaping",
      "timestamp": "2025-06-26T20:36:48.132Z",
      "note": "",
      "date": "Thu Jun 26 2025"
    },
    {
      "id": 1750970568132,
      "type": "smoked",
      "category": "vaping",
      "timestamp": "2025-06-26T20:42:48.132Z",
      "note": "",
      "date": "Thu Jun 26 2025"
    },
    {
      "id": 1750971169132,
      "type": "smoked",
      "category": "vaping",
      "timestamp": "2025-06-26T20:52:49.132Z",
      "note": "",
      "date": "Thu Jun 26 2025"
    },
    {
      "id": 1750976507134,
      "type": "smoked",
      "category": "alcohol",
      "timestamp": "2025-06-26T22:21:47.132Z",
      "note": "",
      "date": "Thu Jun 26 2025",
      "cost": 0.75
    },
    {
      "id": 1750978449132,
      "type": "smoked",
      "category": "vaping",
      "timestamp": "2025-06-26T22:54:09.132Z",
      "note": "",
      "date": "Thu Jun 26 2025"
    },
    {
      "id": 1751008175132,
      "type": "smoked",
      "category": "vaping",
      "timestamp": "2025-06-27T07:09:35.132Z",
      "note": "",
      "date": "Fri Jun 27 2025"
    },
    {
      "id": 1751009592132,
      "type": "smoked",
      "category": "vaping",
      "timestamp": "2025-06-27T07:33:12.132Z",
      "note": "",
      "date": "Fri Jun 27 2025"
    },
    {
      "id": 1751026197134,
      "type": "craving",
      "category": "vaping",
      "timestamp": "2025-06-27T12:09:47.132Z",
      "note": "",
      "date": "Fri Jun 27 2025",
      "intensity": 3
    },
    {
      "id": 1751032889132,
      "type": "smoked",
      "category": "vaping",
      "timestamp": "2025-06-27T14:01:29.132Z",
      "note": "",
      "date": "Fri Jun 27 2025"
    },
    {
      "id": 1751033018133,
      "type": "craving",
      "category": "vaping",
      "timestamp": "2025-06-27T14:03:28.132Z",
      "note": "",
      "date": "Fri Jun 27 2025",
      "intensity": 2
    },
    {
      "id": 1751034948132,
      "type": "smoked",
      "category": "vaping",
      "timestamp": "2025-06-27T14:35:48.132Z",
      "note": "",
      "date": "Fri Jun 27 2025"
    },
    {
      "id": 1751038267132,
      "type": "smoked",
      "category": "vaping",
      "timestamp": "2025-06-27T15:31:07.132Z",
      "note": "",
      "date": "Fri Jun 27 2025"
    },
    {
      "id": 1751040102132,
      "type": "craving",
      "category": "alcohol",
      "timestamp": "2025-06-27T16:01:22.132Z",
      "note": "",
      "date": "Fri Jun 27 2025",
      "intensity": 2
    },
    {
      "id": 1751044292134,
      "type": "smoked",
      "category": "alcohol",
      "timestamp": "2025-06-27T17:11:32.132Z",
      "note": "",
      "date": "Fri Jun 27 2025",
      "cost": 1
    },
    {
      "id": 1751045310132,
      "type": "smoked",
      "category": "vaping",
      "timestamp": "2025-06-27T17:28:30.132Z",
      "note": "",
      "date": "Fri Jun 27 2025"
    },
    {
      "id": 1751045558132,
      "type": "smoked",
      "category": "vaping",
      "timestamp": "2025-06-27T17:32:38.132Z",
      "note": "",
      "date": "Fri Jun 27 2025"
    },
    {
      "id": 1751049898132,
      "type": "smoked",
      "category": "vaping",
      "timestamp": "2025-06-27T18:44:58.132Z",
      "note": "",
      "date": "Fri Jun 27 2025"
    },
    {
      "id": 1751050077132,
      "type": "smoked",
      "category": "vaping",
      "timestamp": "2025-06-27T18:47:57.132Z",
      "note": "",
      "date": "Fri Jun 27 2025"
    },
    {
      "id": 1751050558132,
      "type": "smoked",
      "category": "vaping",
      "timestamp": "2025-06-27T18:55:58.132Z",
      "note": "",
      "date": "Fri Jun 27 2025"
    },
    {
      "id": 1751056781132,
      "type": "smoked",
      "category": "vaping",
      "timestamp": "2025-06-27T20:39:41.132Z",
      "note": "",
      "date": "Fri Jun 27 2025"
    },
    {
      "id": 1751059467132,
      "type": "craving",
      "category": "vaping",
      "timestamp": "2025-06-27T21:24:17.132Z",
      "note": "",
      "date": "Fri Jun 27 2025",
      "intensity": 2
    },
    {
      "id": 1751060653132,
      "type": "smoked",
      "category": "alcohol",
      "timestamp": "2025-06-27T21:44:13.132Z",
      "note": "",
      "date": "Fri Jun 27 2025",
      "cost": 1
    },
    {
      "id": 1751064647133,
      "type": "smoked",
      "category": "alcohol",
      "timestamp": "2025-06-27T22:50:47.132Z",
      "note": "",
      "date": "Fri Jun 27 2025",
      "cost": 0.75
    },
    {
      "id": 1751094599132,
      "type": "smoked",
      "category": "vaping",
      "timestamp": "2025-06-28T07:09:59.132Z",
      "note": "",
      "date": "Sat Jun 28 2025"
    },
    {
      "id": 1751103021132,
      "type": "smoked",
      "category": "vaping",
      "timestamp": "2025-06-28T09:30:21.132Z",
      "note": "",
      "date": "Sat Jun 28 2025"
    },
    {
      "id": 1751108746132,
      "type": "craving",
      "category": "vaping",
      "timestamp": "2025-06-28T11:05:36.132Z",
      "note": "",
      "date": "Sat Jun 28 2025",
      "intensity": 2
    },
    {
      "id": 1751110327132,
      "type": "smoked",
      "category": "vaping",
      "timestamp": "2025-06-28T11:32:07.132Z",
      "note": "",
      "date": "Sat Jun 28 2025"
    },
    {
      "id": 1751110742132,
      "type": "smoked",
      "category": "vaping",
      "timestamp": "2025-06-28T11:39:02.132Z",
      "note": "",
      "date": "Sat Jun 28 2025"
    },
    {
      "id": 1751121670132,
      "type": "smoked",
      "category": "vaping",
      "timestamp": "2025-06-28T14:41:10.132Z",
      "note": "",
      "date": "Sat Jun 28 2025"
    },
    {
      "id": 1751125479133,
      "type": "craving",
      "category": "alcohol",
      "timestamp": "2025-06-28T15:44:19.132Z",
      "note": "",
      "date": "Sat Jun 28 2025",
      "intensity": 2
    },
    {
      "id": 1751125867134,
      "type": "craving",
      "category": "vaping",
      "timestamp": "2025-06-28T15:50:57.132Z",
      "note": "",
      "date": "Sat Jun 28 2025",
      "intensity": 2
    },
    {
      "id": 1751126866132,
      "type": "craving",
      "category": "alcohol",
      "timestamp": "2025-06-28T16:07:26.132Z",
      "note": "",
      "date": "Sat Jun 28 2025",
      "intensity": 3
    },
    {
      "id": 1751130478132,
      "type": "smoked",
      "category": "alcohol",
      "timestamp": "2025-06-28T17:07:58.132Z",
      "note": "",
      "date": "Sat Jun 28 2025",
      "cost": 0.75
    },
    {
      "id": 1751133219132,
      "type": "smoked",
      "category": "vaping",
      "timestamp": "2025-06-28T17:53:39.132Z",
      "note": "",
      "date": "Sat Jun 28 2025"
    },
    {
      "id": 1751137158136,
      "type": "craving",
      "category": "vaping",
      "timestamp": "2025-06-28T18:59:08.132Z",
      "note": "",
      "date": "Sat Jun 28 2025",
      "intensity": 2
    },
    {
      "id": 1751138254134,
      "type": "smoked",
      "category": "alcohol",
      "timestamp": "2025-06-28T19:17:34.132Z",
      "note": "",
      "date": "Sat Jun 28 2025",
      "cost": 1
    },
    {
      "id": 1751142461133,
      "type": "smoked",
      "category": "alcohol",
      "timestamp": "2025-06-28T20:27:41.132Z",
      "note": "",
      "date": "Sat Jun 28 2025",
      "cost": 1
    },
    {
      "id": 1751142979133,
      "type": "craving",
      "category": "vaping",
      "timestamp": "2025-06-28T20:36:09.132Z",
      "note": "",
      "date": "Sat Jun 28 2025",
      "intensity": 2
    },
    {
      "id": 1751143299132,
      "type": "smoked",
      "category": "vaping",
      "timestamp": "2025-06-28T20:41:39.132Z",
      "note": "",
      "date": "Sat Jun 28 2025"
    },
    {
      "id": 1751144284132,
      "type": "smoked",
      "category": "vaping",
      "timestamp": "2025-06-28T20:58:04.132Z",
      "note": "",
      "date": "Sat Jun 28 2025"
    },
    {
      "id": 1751145441132,
      "type": "smoked",
      "category": "vaping",
      "timestamp": "2025-06-28T21:17:21.132Z",
      "note": "",
      "date": "Sat Jun 28 2025"
    },
    {
      "id": 1751147176135,
      "type": "craving",
      "category": "vaping",
      "timestamp": "2025-06-28T21:46:06.132Z",
      "note": "",
      "date": "Sat Jun 28 2025",
      "intensity": 2
    },
    {
      "id": 1751184373132,
      "type": "smoked",
      "category": "vaping",
      "timestamp": "2025-06-29T08:06:13.132Z",
      "note": "",
      "date": "Sun Jun 29 2025"
    },
    {
      "id": 1751186105136,
      "type": "craving",
      "category": "vaping",
      "timestamp": "2025-06-29T08:34:55.132Z",
      "note": "",
      "date": "Sun Jun 29 2025",
      "intensity": 3
    },
    {
      "id": 1751193700134,
      "type": "craving",
      "category": "vaping",
      "timestamp": "2025-06-29T10:41:30.132Z",
      "note": "",
      "date": "Sun Jun 29 2025",
      "intensity": 1
    },
    {
      "id": 1751195859132,
      "type": "smoked",
      "category": "vaping",
      "timestamp": "2025-06-29T11:17:39.132Z",
      "note": "",
      "date": "Sun Jun 29 2025"
    },
    {
      "id": 1751196255132,
      "type": "smoked",
      "category": "vaping",
      "timestamp": "2025-06-29T11:24:15.132Z",
      "note": "",
      "date": "Sun Jun 29 2025"
    },
    {
      "id": 1751204091135,
      "type": "craving",
      "category": "vaping",
      "timestamp": "2025-06-29T13:34:41.132Z",
      "note": "",
      "date": "Sun Jun 29 2025",
      "intensity": 2
    },
    {
      "id": 1751206167133,
      "type": "craving",
      "category": "vaping",
      "timestamp": "2025-06-29T14:09:17.132Z",
      "note": "",
      "date": "Sun Jun 29 2025",
      "intensity": 2
    },
    {
      "id": 1751207160132,
      "type": "smoked",
      "category": "vaping",
      "timestamp": "2025-06-29T14:26:00.132Z",
      "note": "",
      "date": "Sun Jun 29 2025"
    },
    {
      "id": 1751217081132,
      "type": "craving",
      "category": "alcohol",
      "timestamp": "2025-06-29T17:11:01.132Z",
      "note": "",
      "date": "Sun Jun 29 2025",
      "intensity": 2
    },
    {
      "id": 1751217307134,
      "type": "smoked",
      "category": "alcohol",
      "timestamp": "2025-06-29T17:15:07.132Z",
      "note": "",
      "date": "Sun Jun 29 2025",
      "cost": 1
    },
    {
      "id": 1751219440136,
      "type": "smoked",
      "category": "alcohol",
      "timestamp": "2025-06-29T17:50:40.132Z",
      "note": "",
      "date": "Sun Jun 29 2025",
      "cost": 1
    },
    {
      "id": 1751222499132,
      "type": "smoked",
      "category": "vaping",
      "timestamp": "2025-06-29T18:41:39.132Z",
      "note": "",
      "date": "Sun Jun 29 2025"
    },
    {
      "id": 1751224899132,
      "type": "craving",
      "category": "vaping",
      "timestamp": "2025-06-29T19:21:29.132Z",
      "note": "",
      "date": "Sun Jun 29 2025",
      "intensity": 3
    },
    {
      "id": 1751225535133,
      "type": "smoked",
      "category": "alcohol",
      "timestamp": "2025-06-29T19:32:15.132Z",
      "note": "",
      "date": "Sun Jun 29 2025",
      "cost": 1.25
    },
    {
      "id": 1751226846132,
      "type": "smoked",
      "category": "vaping",
      "timestamp": "2025-06-29T19:54:06.132Z",
      "note": "",
      "date": "Sun Jun 29 2025"
    },
    {
      "id": 1751227321132,
      "type": "smoked",
      "category": "vaping",
      "timestamp": "2025-06-29T20:02:01.132Z",
      "note": "",
      "date": "Sun Jun 29 2025"
    },
    {
      "id": 1751227828132,
      "type": "smoked",
      "category": "alcohol",
      "timestamp": "2025-06-29T20:10:28.132Z",
      "note": "",
      "date": "Sun Jun 29 2025",
      "cost": 0.75
    },
    {
      "id": 1751234508132,
      "type": "smoked",
      "category": "vaping",
      "timestamp": "2025-06-29T22:01:48.132Z",
      "note": "",
      "date": "Sun Jun 29 2025"
    },
    {
      "id": 1751234618135,
      "type": "smoked",
      "category": "alcohol",
      "timestamp": "2025-06-29T22:03:38.132Z",
      "note": "",
      "date": "Sun Jun 29 2025",
      "cost": 1.25
    },
    {
      "id": 1751237341132,
      "type": "smoked",
      "category": "vaping",
      "timestamp": "2025-06-29T22:49:01.132Z",
      "note": "",
      "date": "Sun Jun 29 2025"
    },
    {
      "id": 1751272248133,
      "type": "craving",
      "category": "vaping",
      "timestamp": "2025-06-30T08:30:38.132Z",
      "note": "",
      "date": "Mon Jun 30 2025",
      "intensity": 2
    },
    {
      "id": 1751273050132,
      "type": "smoked",
      "category": "vaping",
      "timestamp": "2025-06-30T08:44:10.132Z",
      "note": "",
      "date": "Mon Jun 30 2025"
    },
    {
      "id": 1751280699132,
      "type": "smoked",
      "category": "vaping",
      "timestamp": "2025-06-30T10:51:39.132Z",
      "note": "",
      "date": "Mon Jun 30 2025"
    },
    {
      "id": 1751281532136,
      "type": "craving",
      "category": "vaping",
      "timestamp": "2025-06-30T11:05:22.132Z",
      "note": "",
      "date": "Mon Jun 30 2025",
      "intensity": 3
    },
    {
      "id": 1751284118132,
      "type": "smoked",
      "category": "vaping",
      "timestamp": "2025-06-30T11:48:38.132Z",
      "note": "",
      "date": "Mon Jun 30 2025"
    },
    {
      "id": 1751285571132,
      "type": "smoked",
      "category": "vaping",
      "timestamp": "2025-06-30T12:12:51.132Z",
      "note": "",
      "date": "Mon Jun 30 2025"
    },
    {
      "id": 1751288162132,
      "type": "smoked",
      "category": "vaping",
      "timestamp": "2025-06-30T12:56:02.132Z",
      "note": "",
      "date": "Mon Jun 30 2025"
    },
    {
      "id": 1751288660135,
      "type": "craving",
      "category": "vaping",
      "timestamp": "2025-06-30T13:04:10.132Z",
      "note": "",
      "date": "Mon Jun 30 2025",
      "intensity": 2
    },
    {
      "id": 1751288998134,
      "type": "craving",
      "category": "vaping",
      "timestamp": "2025-06-30T13:09:48.132Z",
      "note": "",
      "date": "Mon Jun 30 2025",
      "intensity": 1
    },
    {
      "id": 1751292604132,
      "type": "smoked",
      "category": "vaping",
      "timestamp": "2025-06-30T14:10:04.132Z",
      "note": "",
      "date": "Mon Jun 30 2025"
    },
    {
      "id": 1751294838132,
      "type": "smoked",
      "category": "vaping",
      "timestamp": "2025-06-30T14:47:18.132Z",
      "note": "",
      "date": "Mon Jun 30 2025"
    },
    {
      "id": 1751295765132,
      "type": "craving",
      "category": "alcohol",
      "timestamp": "2025-06-30T15:02:25.132Z",
      "note": "",
      "date": "Mon Jun 30 2025",
      "intensity": 3
    },
    {
      "id": 1751298806137,
      "type": "craving",
      "category": "vaping",
      "timestamp": "2025-06-30T15:53:16.132Z",
      "note": "",
      "date": "Mon Jun 30 2025",
      "intensity": 1
    },
    {
      "id": 1751300234132,
      "type": "smoked",
      "category": "vaping",
      "timestamp": "2025-06-30T16:17:14.132Z",
      "note": "",
      "date": "Mon Jun 30 2025"
    },
    {
      "id": 1751306902133,
      "type": "smoked",
      "category": "alcohol",
      "timestamp": "2025-06-30T18:08:22.132Z",
      "note": "",
      "date": "Mon Jun 30 2025",
      "cost": 1.25
    },
    {
      "id": 1751312985134,
      "type": "smoked",
      "category": "alcohol",
      "timestamp": "2025-06-30T19:49:45.132Z",
      "note": "",
      "date": "Mon Jun 30 2025",
      "cost": 1
    },
    {
      "id": 1751313874132,
      "type": "smoked",
      "category": "alcohol",
      "timestamp": "2025-06-30T20:04:34.132Z",
      "note": "",
      "date": "Mon Jun 30 2025",
      "cost": 1
    },
    {
      "id": 1751321735132,
      "type": "smoked",
      "category": "vaping",
      "timestamp": "2025-06-30T22:15:35.132Z",
      "note": "",
      "date": "Mon Jun 30 2025"
    },
    {
      "id": 1751321980132,
      "type": "craving",
      "category": "vaping",
      "timestamp": "2025-06-30T22:19:30.132Z",
      "note": "",
      "date": "Mon Jun 30 2025",
      "intensity": 2
    },
    {
      "id": 1751355815132,
      "type": "smoked",
      "category": "vaping",
      "timestamp": "2025-07-01T07:43:35.132Z",
      "note": "",
      "date": "Tue Jul 01 2025"
    },
    {
      "id": 1751371763132,
      "type": "smoked",
      "category": "vaping",
      "timestamp": "2025-07-01T12:09:23.132Z",
      "note": "",
      "date": "Tue Jul 01 2025"
    },
    {
      "id": 1751373649132,
      "type": "smoked",
      "category": "vaping",
      "timestamp": "2025-07-01T12:40:49.132Z",
      "note": "",
      "date": "Tue Jul 01 2025"
    },
    {
      "id": 1751374654135,
      "type": "craving",
      "category": "vaping",
      "timestamp": "2025-07-01T12:57:24.132Z",
      "note": "",
      "date": "Tue Jul 01 2025",
      "intensity": 1
    },
    {
      "id": 1751377929132,
      "type": "smoked",
      "category": "vaping",
      "timestamp": "2025-07-01T13:52:09.132Z",
      "note": "",
      "date": "Tue Jul 01 2025"
    },
    {
      "id": 1751379101132,
      "type": "craving",
      "category": "vaping",
      "timestamp": "2025-07-01T14:11:31.132Z",
      "note": "",
      "date": "Tue Jul 01 2025",
      "intensity": 1
    },
    {
      "id": 1751389091132,
      "type": "smoked",
      "category": "vaping",
      "timestamp": "2025-07-01T16:58:11.132Z",
      "note": "",
      "date": "Tue Jul 01 2025"
    },
    {
      "id": 1751390420133,
      "type": "smoked",
      "category": "alcohol",
      "timestamp": "2025-07-01T17:20:20.132Z",
      "note": "",
      "date": "Tue Jul 01 2025",
      "cost": 1
    },
    {
      "id": 1751390641133,
      "type": "craving",
      "category": "vaping",
      "timestamp": "2025-07-01T17:23:51.132Z",
      "note": "",
      "date": "Tue Jul 01 2025",
      "intensity": 3
    },
    {
      "id": 1751390708132,
      "type": "smoked",
      "category": "vaping",
      "timestamp": "2025-07-01T17:25:08.132Z",
      "note": "",
      "date": "Tue Jul 01 2025"
    },
    {
      "id": 1751391764132,
      "type": "smoked",
      "category": "alcohol",
      "timestamp": "2025-07-01T17:42:44.132Z",
      "note": "",
      "date": "Tue Jul 01 2025",
      "cost": 0.75
    },
    {
      "id": 1751391859132,
      "type": "craving",
      "category": "alcohol",
      "timestamp": "2025-07-01T17:43:59.132Z",
      "note": "",
      "date": "Tue Jul 01 2025",
      "intensity": 2
    },
    {
      "id": 1751393837132,
      "type": "smoked",
      "category": "vaping",
      "timestamp": "2025-07-01T18:17:17.132Z",
      "note": "",
      "date": "Tue Jul 01 2025"
    },
    {
      "id": 1751394536135,
      "type": "smoked",
      "category": "alcohol",
      "timestamp": "2025-07-01T18:28:56.132Z",
      "note": "",
      "date": "Tue Jul 01 2025",
      "cost": 0.75
    },
    {
      "id": 1751394638134,
      "type": "craving",
      "category": "vaping",
      "timestamp": "2025-07-01T18:30:28.132Z",
      "note": "",
      "date": "Tue Jul 01 2025",
      "intensity": 2
    },
    {
      "id": 1751401247134,
      "type": "smoked",
      "category": "alcohol",
      "timestamp": "2025-07-01T20:20:47.132Z",
      "note": "",
      "date": "Tue Jul 01 2025",
      "cost": 0.75
    },
    {
      "id": 1751405340132,
      "type": "smoked",
      "category": "vaping",
      "timestamp": "2025-07-01T21:29:00.132Z",
      "note": "",
      "date": "Tue Jul 01 2025"
    },
    {
      "id": 1751406055132,
      "type": "smoked",
      "category": "vaping",
      "timestamp": "2025-07-01T21:40:55.132Z",
      "note": "",
      "date": "Tue Jul 01 2025"
    },
    {
      "id": 1751447899132,
      "type": "smoked",
      "category": "vaping",
      "timestamp": "2025-07-02T09:18:19.132Z",
      "note": "",
      "date": "Wed Jul 02 2025"
    },
    {
      "id": 1751449282134,
      "type": "craving",
      "category": "vaping",
      "timestamp": "2025-07-02T09:41:12.132Z",
      "note": "",
      "date": "Wed Jul 02 2025",
      "intensity": 2
    },
    {
      "id": 1751449908132,
      "type": "smoked",
      "category": "vaping",
      "timestamp": "2025-07-02T09:51:48.132Z",
      "note": "",
      "date": "Wed Jul 02 2025"
    },
    {
      "id": 1751460594132,
      "type": "craving",
      "category": "vaping",
      "timestamp": "2025-07-02T12:49:44.132Z",
      "note": "",
      "date": "Wed Jul 02 2025",
      "intensity": 2
    },
    {
      "id": 1751460701132,
      "type": "smoked",
      "category": "vaping",
      "timestamp": "2025-07-02T12:51:41.132Z",
      "note": "",
      "date": "Wed Jul 02 2025"
    },
    {
      "id": 1751461665132,
      "type": "smoked",
      "category": "vaping",
      "timestamp": "2025-07-02T13:07:45.132Z",
      "note": "",
      "date": "Wed Jul 02 2025"
    },
    {
      "id": 1751467487132,
      "type": "smoked",
      "category": "vaping",
      "timestamp": "2025-07-02T14:44:47.132Z",
      "note": "",
      "date": "Wed Jul 02 2025"
    },
    {
      "id": 1751467672132,
      "type": "smoked",
      "category": "vaping",
      "timestamp": "2025-07-02T14:47:52.132Z",
      "note": "",
      "date": "Wed Jul 02 2025"
    },
    {
      "id": 1751469652132,
      "type": "smoked",
      "category": "vaping",
      "timestamp": "2025-07-02T15:20:52.132Z",
      "note": "",
      "date": "Wed Jul 02 2025"
    },
    {
      "id": 1751469967136,
      "type": "craving",
      "category": "vaping",
      "timestamp": "2025-07-02T15:25:57.132Z",
      "note": "",
      "date": "Wed Jul 02 2025",
      "intensity": 1
    },
    {
      "id": 1751470107132,
      "type": "smoked",
      "category": "vaping",
      "timestamp": "2025-07-02T15:28:27.132Z",
      "note": "",
      "date": "Wed Jul 02 2025"
    },
    {
      "id": 1751472956135,
      "type": "craving",
      "category": "vaping",
      "timestamp": "2025-07-02T16:15:46.132Z",
      "note": "",
      "date": "Wed Jul 02 2025",
      "intensity": 2
    },
    {
      "id": 1751473013132,
      "type": "craving",
      "category": "alcohol",
      "timestamp": "2025-07-02T16:16:33.132Z",
      "note": "",
      "date": "Wed Jul 02 2025",
      "intensity": 2
    },
    {
      "id": 1751474411132,
      "type": "smoked",
      "category": "vaping",
      "timestamp": "2025-07-02T16:40:11.132Z",
      "note": "",
      "date": "Wed Jul 02 2025"
    },
    {
      "id": 1751480191132,
      "type": "smoked",
      "category": "vaping",
      "timestamp": "2025-07-02T18:16:31.132Z",
      "note": "",
      "date": "Wed Jul 02 2025"
    },
    {
      "id": 1751480707133,
      "type": "craving",
      "category": "vaping",
      "timestamp": "2025-07-02T18:24:57.132Z",
      "note": "",
      "date": "Wed Jul 02 2025",
      "intensity": 2
    },
    {
      "id": 1751486479134,
      "type": "smoked",
      "category": "alcohol",
      "timestamp": "2025-07-02T20:01:19.132Z",
      "note": "",
      "date": "Wed Jul 02 2025",
      "cost": 1
    },
    {
      "id": 1751488437133,
      "type": "smoked",
      "category": "alcohol",
      "timestamp": "2025-07-02T20:33:57.132Z",
      "note": "",
      "date": "Wed Jul 02 2025",
      "cost": 0.75
    },
    {
      "id": 1751490582132,
      "type": "smoked",
      "category": "alcohol",
      "timestamp": "2025-07-02T21:09:42.132Z",
      "note": "",
      "date": "Wed Jul 02 2025",
      "cost": 1.25
    },
    {
      "id": 1751490623132,
      "type": "smoked",
      "category": "vaping",
      "timestamp": "2025-07-02T21:10:23.132Z",
      "note": "",
      "date": "Wed Jul 02 2025"
    },
    {
      "id": 1751491762132,
      "type": "smoked",
      "category": "vaping",
      "timestamp": "2025-07-02T21:29:22.132Z",
      "note": "",
      "date": "Wed Jul 02 2025"
    },
    {
      "id": 1751527981136,
      "type": "craving",
      "category": "vaping",
      "timestamp": "2025-07-03T07:32:51.132Z",
      "note": "",
      "date": "Thu Jul 03 2025",
      "intensity": 2
    },
    {
      "id": 1751533755132,
      "type": "smoked",
      "category": "vaping",
      "timestamp": "2025-07-03T09:09:15.132Z",
      "note": "",
      "date": "Thu Jul 03 2025"
    },
    {
      "id": 1751533927135,
      "type": "craving",
      "category": "vaping",
      "timestamp": "2025-07-03T09:11:57.132Z",
      "note": "",
      "date": "Thu Jul 03 2025",
      "intensity": 1
    },
    {
      "id": 1751539970132,
      "type": "smoked",
      "category": "vaping",
      "timestamp": "2025-07-03T10:52:50.132Z",
      "note": "",
      "date": "Thu Jul 03 2025"
    },
    {
      "id": 1751541657132,
      "type": "smoked",
      "category": "vaping",
      "timestamp": "2025-07-03T11:20:57.132Z",
      "note": "",
      "date": "Thu Jul 03 2025"
    },
    {
      "id": 1751543167132,
      "type": "smoked",
      "category": "vaping",
      "timestamp": "2025-07-03T11:46:07.132Z",
      "note": "",
      "date": "Thu Jul 03 2025"
    },
    {
      "id": 1751543887132,
      "type": "smoked",
      "category": "vaping",
      "timestamp": "2025-07-03T11:58:07.132Z",
      "note": "",
      "date": "Thu Jul 03 2025"
    },
    {
      "id": 1751550757132,
      "type": "smoked",
      "category": "vaping",
      "timestamp": "2025-07-03T13:52:37.132Z",
      "note": "",
      "date": "Thu Jul 03 2025"
    },
    {
      "id": 1751551199132,
      "type": "smoked",
      "category": "vaping",
      "timestamp": "2025-07-03T13:59:59.132Z",
      "note": "",
      "date": "Thu Jul 03 2025"
    },
    {
      "id": 1751556769132,
      "type": "smoked",
      "category": "vaping",
      "timestamp": "2025-07-03T15:32:49.132Z",
      "note": "",
      "date": "Thu Jul 03 2025"
    },
    {
      "id": 1751558924134,
      "type": "craving",
      "category": "vaping",
      "timestamp": "2025-07-03T16:08:34.132Z",
      "note": "",
      "date": "Thu Jul 03 2025",
      "intensity": 2
    },
    {
      "id": 1751558978132,
      "type": "craving",
      "category": "alcohol",
      "timestamp": "2025-07-03T16:09:18.132Z",
      "note": "",
      "date": "Thu Jul 03 2025",
      "intensity": 1
    },
    {
      "id": 1751564311132,
      "type": "smoked",
      "category": "vaping",
      "timestamp": "2025-07-03T17:38:31.132Z",
      "note": "",
      "date": "Thu Jul 03 2025"
    },
    {
      "id": 1751564519133,
      "type": "craving",
      "category": "alcohol",
      "timestamp": "2025-07-03T17:41:39.132Z",
      "note": "",
      "date": "Thu Jul 03 2025",
      "intensity": 2
    },
    {
      "id": 1751564945134,
      "type": "smoked",
      "category": "alcohol",
      "timestamp": "2025-07-03T17:49:05.132Z",
      "note": "",
      "date": "Thu Jul 03 2025",
      "cost": 1
    },
    {
      "id": 1751565655133,
      "type": "craving",
      "category": "vaping",
      "timestamp": "2025-07-03T18:00:45.132Z",
      "note": "",
      "date": "Thu Jul 03 2025",
      "intensity": 2
    },
    {
      "id": 1751569302132,
      "type": "smoked",
      "category": "vaping",
      "timestamp": "2025-07-03T19:01:42.132Z",
      "note": "",
      "date": "Thu Jul 03 2025"
    },
    {
      "id": 1751570090132,
      "type": "smoked",
      "category": "alcohol",
      "timestamp": "2025-07-03T19:14:50.132Z",
      "note": "",
      "date": "Thu Jul 03 2025",
      "cost": 1.25
    },
    {
      "id": 1751570624132,
      "type": "craving",
      "category": "vaping",
      "timestamp": "2025-07-03T19:23:34.132Z",
      "note": "",
      "date": "Thu Jul 03 2025",
      "intensity": 2
    },
    {
      "id": 1751570707132,
      "type": "smoked",
      "category": "vaping",
      "timestamp": "2025-07-03T19:25:07.132Z",
      "note": "",
      "date": "Thu Jul 03 2025"
    },
    {
      "id": 1751574344137,
      "type": "craving",
      "category": "vaping",
      "timestamp": "2025-07-03T20:25:34.132Z",
      "note": "",
      "date": "Thu Jul 03 2025",
      "intensity": 3
    },
    {
      "id": 1751575865133,
      "type": "smoked",
      "category": "alcohol",
      "timestamp": "2025-07-03T20:51:05.132Z",
      "note": "",
      "date": "Thu Jul 03 2025",
      "cost": 0.75
    },
    {
      "id": 1751577609132,
      "type": "smoked",
      "category": "vaping",
      "timestamp": "2025-07-03T21:20:09.132Z",
      "note": "",
      "date": "Thu Jul 03 2025"
    },
    {
      "id": 1751578017136,
      "type": "smoked",
      "category": "alcohol",
      "timestamp": "2025-07-03T21:26:57.132Z",
      "note": "",
      "date": "Thu Jul 03 2025",
      "cost": 1
    },
    {
      "id": 1751580060135,
      "type": "smoked",
      "category": "alcohol",
      "timestamp": "2025-07-03T22:01:00.132Z",
      "note": "",
      "date": "Thu Jul 03 2025",
      "cost": 0.75
    },
    {
      "id": 1751615092132,
      "type": "craving",
      "category": "vaping",
      "timestamp": "2025-07-04T07:44:42.132Z",
      "note": "",
      "date": "Fri Jul 04 2025",
      "intensity": 1
    },
    {
      "id": 1751623324132,
      "type": "smoked",
      "category": "vaping",
      "timestamp": "2025-07-04T10:02:04.132Z",
      "note": "",
      "date": "Fri Jul 04 2025"
    },
    {
      "id": 1751637421132,
      "type": "smoked",
      "category": "vaping",
      "timestamp": "2025-07-04T13:57:01.132Z",
      "note": "",
      "date": "Fri Jul 04 2025"
    },
    {
      "id": 1751642347133,
      "type": "craving",
      "category": "vaping",
      "timestamp": "2025-07-04T15:18:57.132Z",
      "note": "",
      "date": "Fri Jul 04 2025",
      "intensity": 3
    },
    {
      "id": 1751644610132,
      "type": "craving",
      "category": "alcohol",
      "timestamp": "2025-07-04T15:56:30.132Z",
      "note": "",
      "date": "Fri Jul 04 2025",
      "intensity": 1
    },
    {
      "id": 1751644736132,
      "type": "smoked",
      "category": "vaping",
      "timestamp": "2025-07-04T15:58:56.132Z",
      "note": "",
      "date": "Fri Jul 04 2025"
    },
    {
      "id": 1751651603132,
      "type": "smoked",
      "category": "vaping",
      "timestamp": "2025-07-04T17:53:23.132Z",
      "note": "",
      "date": "Fri Jul 04 2025"
    },
    {
      "id": 1751655569132,
      "type": "smoked",
      "category": "vaping",
      "timestamp": "2025-07-04T18:59:29.132Z",
      "note": "",
      "date": "Fri Jul 04 2025"
    },
    {
      "id": 1751657043132,
      "type": "smoked",
      "category": "vaping",
      "timestamp": "2025-07-04T19:24:03.132Z",
      "note": "",
      "date": "Fri Jul 04 2025"
    },
    {
      "id": 1751657894132,
      "type": "smoked",
      "category": "vaping",
      "timestamp": "2025-07-04T19:38:14.132Z",
      "note": "",
      "date": "Fri Jul 04 2025"
    },
    {
      "id": 1751657907134,
      "type": "smoked",
      "category": "alcohol",
      "timestamp": "2025-07-04T19:38:27.132Z",
      "note": "",
      "date": "Fri Jul 04 2025",
      "cost": 1.25
    },
    {
      "id": 1751659361132,
      "type": "smoked",
      "category": "alcohol",
      "timestamp": "2025-07-04T20:02:41.132Z",
      "note": "",
      "date": "Fri Jul 04 2025",
      "cost": 1.25
    },
    {
      "id": 1751660692136,
      "type": "smoked",
      "category": "alcohol",
      "timestamp": "2025-07-04T20:24:52.132Z",
      "note": "",
      "date": "Fri Jul 04 2025",
      "cost": 1
    },
    {
      "id": 1751664749135,
      "type": "smoked",
      "category": "alcohol",
      "timestamp": "2025-07-04T21:32:29.132Z",
      "note": "",
      "date": "Fri Jul 04 2025",
      "cost": 1
    },
    {
      "id": 1751664773132,
      "type": "smoked",
      "category": "vaping",
      "timestamp": "2025-07-04T21:32:53.132Z",
      "note": "",
      "date": "Fri Jul 04 2025"
    },
    {
      "id": 1751667772132,
      "type": "smoked",
      "category": "vaping",
      "timestamp": "2025-07-04T22:22:52.132Z",
      "note": "",
      "date": "Fri Jul 04 2025"
    },
    {
      "id": 1751668664133,
      "type": "smoked",
      "category": "alcohol",
      "timestamp": "2025-07-04T22:37:44.132Z",
      "note": "",
      "date": "Fri Jul 04 2025",
      "cost": 1
    },
    {
      "id": 1751668932135,
      "type": "craving",
      "category": "vaping",
      "timestamp": "2025-07-04T22:42:02.132Z",
      "note": "",
      "date": "Fri Jul 04 2025",
      "intensity": 1
    },
    {
      "id": 1751669512134,
      "type": "craving",
      "category": "vaping",
      "timestamp": "2025-07-04T22:51:42.132Z",
      "note": "",
      "date": "Fri Jul 04 2025",
      "intensity": 2
    },
    {
      "id": 1751701864132,
      "type": "smoked",
      "category": "vaping",
      "timestamp": "2025-07-05T07:51:04.132Z",
      "note": "",
      "date": "Sat Jul 05 2025"
    },
    {
      "id": 1751703028132,
      "type": "smoked",
      "category": "vaping",
      "timestamp": "2025-07-05T08:10:28.132Z",
      "note": "",
      "date": "Sat Jul 05 2025"
    },
    {
      "id": 1751708420132,
      "type": "smoked",
      "category": "vaping",
      "timestamp": "2025-07-05T09:40:20.132Z",
      "note": "",
      "date": "Sat Jul 05 2025"
    },
    {
      "id": 1751710675132,
      "type": "smoked",
      "category": "vaping",
      "timestamp": "2025-07-05T10:17:55.132Z",
      "note": "",
      "date": "Sat Jul 05 2025"
    },
    {
      "id": 1751713542133,
      "type": "craving",
      "category": "vaping",
      "timestamp": "2025-07-05T11:05:32.132Z",
      "note": "",
      "date": "Sat Jul 05 2025",
      "intensity": 3
    },
    {
      "id": 1751717015132,
      "type": "smoked",
      "category": "vaping",
      "timestamp": "2025-07-05T12:03:35.132Z",
      "note": "",
      "date": "Sat Jul 05 2025"
    },
    {
      "id": 1751723259132,
      "type": "craving",
      "category": "vaping",
      "timestamp": "2025-07-05T13:47:29.132Z",
      "note": "",
      "date": "Sat Jul 05 2025",
      "intensity": 2
    },
    {
      "id": 1751727395132,
      "type": "smoked",
      "category": "vaping",
      "timestamp": "2025-07-05T14:56:35.132Z",
      "note": "",
      "date": "Sat Jul 05 2025"
    },
    {
      "id": 1751729072134,
      "type": "craving",
      "category": "vaping",
      "timestamp": "2025-07-05T15:24:22.132Z",
      "note": "",
      "date": "Sat Jul 05 2025",
      "intensity": 3
    },
    {
      "id": 1751731616132,
      "type": "smoked",
      "category": "vaping",
      "timestamp": "2025-07-05T16:06:56.132Z",
      "note": "",
      "date": "Sat Jul 05 2025"
    },
    {
      "id": 1751732703132,
      "type": "smoked",
      "category": "vaping",
      "timestamp": "2025-07-05T16:25:03.132Z",
      "note": "",
      "date": "Sat Jul 05 2025"
    },
    {
      "id": 1751733190132,
      "type": "smoked",
      "category": "vaping",
      "timestamp": "2025-07-05T16:33:10.132Z",
      "note": "",
      "date": "Sat Jul 05 2025"
    },
    {
      "id": 1751740011133,
      "type": "smoked",
      "category": "alcohol",
      "timestamp": "2025-07-05T18:26:51.132Z",
      "note": "",
      "date": "Sat Jul 05 2025",
      "cost": 1
    },
    {
      "id": 1751740553132,
      "type": "craving",
      "category": "alcohol",
      "timestamp": "2025-07-05T18:35:33.132Z",
      "note": "",
      "date": "Sat Jul 05 2025",
      "intensity": 2
    },
    {
      "id": 1751742993136,
      "type": "smoked",
      "category": "alcohol",
      "timestamp": "2025-07-05T19:16:33.132Z",
      "note": "",
      "date": "Sat Jul 05 2025",
      "cost": 1
    },
    {
      "id": 1751744234132,
      "type": "smoked",
      "category": "alcohol",
      "timestamp": "2025-07-05T19:37:14.132Z",
      "note": "",
      "date": "Sat Jul 05 2025",
      "cost": 1
    },
    {
      "id": 1751744951135,
      "type": "smoked",
      "category": "alcohol",
      "timestamp": "2025-07-05T19:49:11.132Z",
      "note": "",
      "date": "Sat Jul 05 2025",
      "cost": 1.25
    },
    {
      "id": 1751745764134,
      "type": "smoked",
      "category": "alcohol",
      "timestamp": "2025-07-05T20:02:44.132Z",
      "note": "",
      "date": "Sat Jul 05 2025",
      "cost": 0.75
    },
    {
      "id": 1751750368132,
      "type": "smoked",
      "category": "vaping",
      "timestamp": "2025-07-05T21:19:28.132Z",
      "note": "",
      "date": "Sat Jul 05 2025"
    },
    {
      "id": 1751753111132,
      "type": "smoked",
      "category": "vaping",
      "timestamp": "2025-07-05T22:05:11.132Z",
      "note": "",
      "date": "Sat Jul 05 2025"
    },
    {
      "id": 1751755636132,
      "type": "smoked",
      "category": "vaping",
      "timestamp": "2025-07-05T22:47:16.132Z",
      "note": "",
      "date": "Sat Jul 05 2025"
    },
    {
      "id": 1751791316134,
      "type": "craving",
      "category": "vaping",
      "timestamp": "2025-07-06T08:41:46.132Z",
      "note": "",
      "date": "Sun Jul 06 2025",
      "intensity": 2
    },
    {
      "id": 1751794439132,
      "type": "smoked",
      "category": "vaping",
      "timestamp": "2025-07-06T09:33:59.132Z",
      "note": "",
      "date": "Sun Jul 06 2025"
    },
    {
      "id": 1751799899132,
      "type": "smoked",
      "category": "vaping",
      "timestamp": "2025-07-06T11:04:59.132Z",
      "note": "",
      "date": "Sun Jul 06 2025"
    },
    {
      "id": 1751805851132,
      "type": "smoked",
      "category": "vaping",
      "timestamp": "2025-07-06T12:44:11.132Z",
      "note": "",
      "date": "Sun Jul 06 2025"
    },
    {
      "id": 1751809939132,
      "type": "smoked",
      "category": "vaping",
      "timestamp": "2025-07-06T13:52:19.132Z",
      "note": "",
      "date": "Sun Jul 06 2025"
    },
    {
      "id": 1751810133132,
      "type": "smoked",
      "category": "vaping",
      "timestamp": "2025-07-06T13:55:33.132Z",
      "note": "",
      "date": "Sun Jul 06 2025"
    },
    {
      "id": 1751813788132,
      "type": "smoked",
      "category": "vaping",
      "timestamp": "2025-07-06T14:56:28.132Z",
      "note": "",
      "date": "Sun Jul 06 2025"
    },
    {
      "id": 1751816021132,
      "type": "craving",
      "category": "vaping",
      "timestamp": "2025-07-06T15:33:31.132Z",
      "note": "",
      "date": "Sun Jul 06 2025",
      "intensity": 1
    },
    {
      "id": 1751816543133,
      "type": "craving",
      "category": "vaping",
      "timestamp": "2025-07-06T15:42:13.132Z",
      "note": "",
      "date": "Sun Jul 06 2025",
      "intensity": 2
    },
    {
      "id": 1751822055133,
      "type": "smoked",
      "category": "alcohol",
      "timestamp": "2025-07-06T17:14:15.132Z",
      "note": "",
      "date": "Sun Jul 06 2025",
      "cost": 1.25
    },
    {
      "id": 1751822267132,
      "type": "craving",
      "category": "alcohol",
      "timestamp": "2025-07-06T17:17:27.132Z",
      "note": "",
      "date": "Sun Jul 06 2025",
      "intensity": 2
    },
    {
      "id": 1751831665132,
      "type": "smoked",
      "category": "vaping",
      "timestamp": "2025-07-06T19:54:25.132Z",
      "note": "",
      "date": "Sun Jul 06 2025"
    },
    {
      "id": 1751831719132,
      "type": "smoked",
      "category": "alcohol",
      "timestamp": "2025-07-06T19:55:19.132Z",
      "note": "",
      "date": "Sun Jul 06 2025",
      "cost": 1
    },
    {
      "id": 1751835789132,
      "type": "smoked",
      "category": "vaping",
      "timestamp": "2025-07-06T21:03:09.132Z",
      "note": "",
      "date": "Sun Jul 06 2025"
    },
    {
      "id": 1751837843135,
      "type": "smoked",
      "category": "alcohol",
      "timestamp": "2025-07-06T21:37:23.132Z",
      "note": "",
      "date": "Sun Jul 06 2025",
      "cost": 1
    },
    {
      "id": 1751838782132,
      "type": "smoked",
      "category": "vaping",
      "timestamp": "2025-07-06T21:53:02.132Z",
      "note": "",
      "date": "Sun Jul 06 2025"
    },
    {
      "id": 1751841053132,
      "type": "smoked",
      "category": "vaping",
      "timestamp": "2025-07-06T22:30:53.132Z",
      "note": "",
      "date": "Sun Jul 06 2025"
    },
    {
      "id": 1751841504132,
      "type": "smoked",
      "category": "vaping",
      "timestamp": "2025-07-06T22:38:24.132Z",
      "note": "",
      "date": "Sun Jul 06 2025"
    },
    {
      "id": 1751842779134,
      "type": "smoked",
      "category": "alcohol",
      "timestamp": "2025-07-06T22:59:39.132Z",
      "note": "",
      "date": "Sun Jul 06 2025",
      "cost": 1
    },
    {
      "id": 1751872982132,
      "type": "smoked",
      "category": "vaping",
      "timestamp": "2025-07-07T07:23:02.132Z",
      "note": "",
      "date": "Mon Jul 07 2025"
    },
    {
      "id": 1751873904132,
      "type": "smoked",
      "category": "vaping",
      "timestamp": "2025-07-07T07:38:24.132Z",
      "note": "",
      "date": "Mon Jul 07 2025"
    },
    {
      "id": 1751874919132,
      "type": "craving",
      "category": "vaping",
      "timestamp": "2025-07-07T07:55:09.132Z",
      "note": "",
      "date": "Mon Jul 07 2025",
      "intensity": 2
    },
    {
      "id": 1751878547132,
      "type": "smoked",
      "category": "vaping",
      "timestamp": "2025-07-07T08:55:47.132Z",
      "note": "",
      "date": "Mon Jul 07 2025"
    },
    {
      "id": 1751880700134,
      "type": "craving",
      "category": "vaping",
      "timestamp": "2025-07-07T09:31:30.132Z",
      "note": "",
      "date": "Mon Jul 07 2025",
      "intensity": 2
    },
    {
      "id": 1751881518132,
      "type": "smoked",
      "category": "vaping",
      "timestamp": "2025-07-07T09:45:18.132Z",
      "note": "",
      "date": "Mon Jul 07 2025"
    },
    {
      "id": 1751882785132,
      "type": "smoked",
      "category": "vaping",
      "timestamp": "2025-07-07T10:06:25.132Z",
      "note": "",
      "date": "Mon Jul 07 2025"
    },
    {
      "id": 1751887579132,
      "type": "smoked",
      "category": "vaping",
      "timestamp": "2025-07-07T11:26:19.132Z",
      "note": "",
      "date": "Mon Jul 07 2025"
    },
    {
      "id": 1751899216132,
      "type": "smoked",
      "category": "vaping",
      "timestamp": "2025-07-07T14:40:16.132Z",
      "note": "",
      "date": "Mon Jul 07 2025"
    },
    {
      "id": 1751902658132,
      "type": "craving",
      "category": "alcohol",
      "timestamp": "2025-07-07T15:37:18.132Z",
      "note": "",
      "date": "Mon Jul 07 2025",
      "intensity": 1
    },
    {
      "id": 1751904077136,
      "type": "craving",
      "category": "vaping",
      "timestamp": "2025-07-07T16:01:07.132Z",
      "note": "",
      "date": "Mon Jul 07 2025",
      "intensity": 1
    },
    {
      "id": 1751908559137,
      "type": "craving",
      "category": "vaping",
      "timestamp": "2025-07-07T17:15:49.132Z",
      "note": "",
      "date": "Mon Jul 07 2025",
      "intensity": 1
    },
    {
      "id": 1751909497132,
      "type": "smoked",
      "category": "vaping",
      "timestamp": "2025-07-07T17:31:37.132Z",
      "note": "",
      "date": "Mon Jul 07 2025"
    },
    {
      "id": 1751909555132,
      "type": "smoked",
      "category": "vaping",
      "timestamp": "2025-07-07T17:32:35.132Z",
      "note": "",
      "date": "Mon Jul 07 2025"
    },
    {
      "id": 1751912610134,
      "type": "smoked",
      "category": "alcohol",
      "timestamp": "2025-07-07T18:23:30.132Z",
      "note": "",
      "date": "Mon Jul 07 2025",
      "cost": 0.75
    },
    {
      "id": 1751915848133,
      "type": "craving",
      "category": "vaping",
      "timestamp": "2025-07-07T19:17:18.132Z",
      "note": "",
      "date": "Mon Jul 07 2025",
      "intensity": 1
    },
    {
      "id": 1751917466133,
      "type": "smoked",
      "category": "alcohol",
      "timestamp": "2025-07-07T19:44:26.132Z",
      "note": "",
      "date": "Mon Jul 07 2025",
      "cost": 1
    },
    {
      "id": 1751918225132,
      "type": "smoked",
      "category": "vaping",
      "timestamp": "2025-07-07T19:57:05.132Z",
      "note": "",
      "date": "Mon Jul 07 2025"
    },
    {
      "id": 1751920504132,
      "type": "smoked",
      "category": "vaping",
      "timestamp": "2025-07-07T20:35:04.132Z",
      "note": "",
      "date": "Mon Jul 07 2025"
    },
    {
      "id": 1751922945135,
      "type": "craving",
      "category": "vaping",
      "timestamp": "2025-07-07T21:15:35.132Z",
      "note": "",
      "date": "Mon Jul 07 2025",
      "intensity": 3
    },
    {
      "id": 1751923942132,
      "type": "smoked",
      "category": "alcohol",
      "timestamp": "2025-07-07T21:32:22.132Z",
      "note": "",
      "date": "Mon Jul 07 2025",
      "cost": 1.25
    },
    {
      "id": 1751959620133,
      "type": "craving",
      "category": "vaping",
      "timestamp": "2025-07-08T07:26:50.132Z",
      "note": "",
      "date": "Tue Jul 08 2025",
      "intensity": 3
    },
    {
      "id": 1751961491134,
      "type": "craving",
      "category": "vaping",
      "timestamp": "2025-07-08T07:58:01.132Z",
      "note": "",
      "date": "Tue Jul 08 2025",
      "intensity": 2
    },
    {
      "id": 1751962535132,
      "type": "smoked",
      "category": "vaping",
      "timestamp": "2025-07-08T08:15:35.132Z",
      "note": "",
      "date": "Tue Jul 08 2025"
    },
    {
      "id": 1751965934132,
      "type": "smoked",
      "category": "vaping",
      "timestamp": "2025-07-08T09:12:14.132Z",
      "note": "",
      "date": "Tue Jul 08 2025"
    },
    {
      "id": 1751967705132,
      "type": "smoked",
      "category": "vaping",
      "timestamp": "2025-07-08T09:41:45.132Z",
      "note": "",
      "date": "Tue Jul 08 2025"
    },
    {
      "id": 1751969124132,
      "type": "smoked",
      "category": "vaping",
      "timestamp": "2025-07-08T10:05:24.132Z",
      "note": "",
      "date": "Tue Jul 08 2025"
    },
    {
      "id": 1751974620132,
      "type": "smoked",
      "category": "vaping",
      "timestamp": "2025-07-08T11:37:00.132Z",
      "note": "",
      "date": "Tue Jul 08 2025"
    },
    {
      "id": 1751987101132,
      "type": "craving",
      "category": "vaping",
      "timestamp": "2025-07-08T15:04:51.132Z",
      "note": "",
      "date": "Tue Jul 08 2025",
      "intensity": 3
    },
    {
      "id": 1751988221132,
      "type": "craving",
      "category": "alcohol",
      "timestamp": "2025-07-08T15:23:21.132Z",
      "note": "",
      "date": "Tue Jul 08 2025",
      "intensity": 1
    },
    {
      "id": 1751995070132,
      "type": "smoked",
      "category": "vaping",
      "timestamp": "2025-07-08T17:17:50.132Z",
      "note": "",
      "date": "Tue Jul 08 2025"
    },
    {
      "id": 1751999269133,
      "type": "smoked",
      "category": "alcohol",
      "timestamp": "2025-07-08T18:27:49.132Z",
      "note": "",
      "date": "Tue Jul 08 2025",
      "cost": 1.25
    },
    {
      "id": 1751999977135,
      "type": "craving",
      "category": "vaping",
      "timestamp": "2025-07-08T18:39:27.132Z",
      "note": "",
      "date": "Tue Jul 08 2025",
      "intensity": 2
    },
    {
      "id": 1752003365134,
      "type": "smoked",
      "category": "alcohol",
      "timestamp": "2025-07-08T19:36:05.132Z",
      "note": "",
      "date": "Tue Jul 08 2025",
      "cost": 1
    },
    {
      "id": 1752004648132,
      "type": "smoked",
      "category": "vaping",
      "timestamp": "2025-07-08T19:57:28.132Z",
      "note": "",
      "date": "Tue Jul 08 2025"
    },
    {
      "id": 1752006302132,
      "type": "smoked",
      "category": "vaping",
      "timestamp": "2025-07-08T20:25:02.132Z",
      "note": "",
      "date": "Tue Jul 08 2025"
    },
    {
      "id": 1752011169132,
      "type": "smoked",
      "category": "alcohol",
      "timestamp": "2025-07-08T21:46:09.132Z",
      "note": "",
      "date": "Tue Jul 08 2025",
      "cost": 1.25
    },
    {
      "id": 1752013872135,
      "type": "smoked",
      "category": "alcohol",
      "timestamp": "2025-07-08T22:31:12.132Z",
      "note": "",
      "date": "Tue Jul 08 2025",
      "cost": 1
    },
    {
      "id": 1752044708132,
      "type": "smoked",
      "category": "vaping",
      "timestamp": "2025-07-09T07:05:08.132Z",
      "note": "",
      "date": "Wed Jul 09 2025"
    },
    {
      "id": 1752045719132,
      "type": "smoked",
      "category": "vaping",
      "timestamp": "2025-07-09T07:21:59.132Z",
      "note": "",
      "date": "Wed Jul 09 2025"
    },
    {
      "id": 1752045995133,
      "type": "craving",
      "category": "vaping",
      "timestamp": "2025-07-09T07:26:25.132Z",
      "note": "",
      "date": "Wed Jul 09 2025",
      "intensity": 2
    },
    {
      "id": 1752049292135,
      "type": "craving",
      "category": "vaping",
      "timestamp": "2025-07-09T08:21:22.132Z",
      "note": "",
      "date": "Wed Jul 09 2025",
      "intensity": 2
    },
    {
      "id": 1752054757132,
      "type": "smoked",
      "category": "vaping",
      "timestamp": "2025-07-09T09:52:37.132Z",
      "note": "",
      "date": "Wed Jul 09 2025"
    },
    {
      "id": 1752054916134,
      "type": "craving",
      "category": "vaping",
      "timestamp": "2025-07-09T09:55:06.132Z",
      "note": "",
      "date": "Wed Jul 09 2025",
      "intensity": 2
    },
    {
      "id": 1752067815132,
      "type": "smoked",
      "category": "vaping",
      "timestamp": "2025-07-09T13:30:15.132Z",
      "note": "",
      "date": "Wed Jul 09 2025"
    },
    {
      "id": 1752069011132,
      "type": "smoked",
      "category": "vaping",
      "timestamp": "2025-07-09T13:50:11.132Z",
      "note": "",
      "date": "Wed Jul 09 2025"
    },
    {
      "id": 1752075221132,
      "type": "craving",
      "category": "alcohol",
      "timestamp": "2025-07-09T15:33:21.132Z",
      "note": "",
      "date": "Wed Jul 09 2025",
      "intensity": 3
    },
    {
      "id": 1752078566132,
      "type": "smoked",
      "category": "vaping",
      "timestamp": "2025-07-09T16:29:26.132Z",
      "note": "",
      "date": "Wed Jul 09 2025"
    },
    {
      "id": 1752078925132,
      "type": "smoked",
      "category": "vaping",
      "timestamp": "2025-07-09T16:35:25.132Z",
      "note": "",
      "date": "Wed Jul 09 2025"
    },
    {
      "id": 1752081393135,
      "type": "smoked",
      "category": "alcohol",
      "timestamp": "2025-07-09T17:16:33.132Z",
      "note": "",
      "date": "Wed Jul 09 2025",
      "cost": 1
    },
    {
      "id": 1752082306132,
      "type": "smoked",
      "category": "alcohol",
      "timestamp": "2025-07-09T17:31:46.132Z",
      "note": "",
      "date": "Wed Jul 09 2025",
      "cost": 1
    },
    {
      "id": 1752083418136,
      "type": "smoked",
      "category": "alcohol",
      "timestamp": "2025-07-09T17:50:18.132Z",
      "note": "",
      "date": "Wed Jul 09 2025",
      "cost": 0.75
    },
    {
      "id": 1752085754132,
      "type": "smoked",
      "category": "vaping",
      "timestamp": "2025-07-09T18:29:14.132Z",
      "note": "",
      "date": "Wed Jul 09 2025"
    },
    {
      "id": 1752089800132,
      "type": "craving",
      "category": "vaping",
      "timestamp": "2025-07-09T19:36:30.132Z",
      "note": "",
      "date": "Wed Jul 09 2025",
      "intensity": 1
    },
    {
      "id": 1752090571134,
      "type": "smoked",
      "category": "alcohol",
      "timestamp": "2025-07-09T19:49:31.132Z",
      "note": "",
      "date": "Wed Jul 09 2025",
      "cost": 1.25
    },
    {
      "id": 1752092950132,
      "type": "smoked",
      "category": "vaping",
      "timestamp": "2025-07-09T20:29:10.132Z",
      "note": "",
      "date": "Wed Jul 09 2025"
    },
    {
      "id": 1752095920132,
      "type": "smoked",
      "category": "vaping",
      "timestamp": "2025-07-09T21:18:40.132Z",
      "note": "",
      "date": "Wed Jul 09 2025"
    },
    {
      "id": 1752097367133,
      "type": "smoked",
      "category": "alcohol",
      "timestamp": "2025-07-09T21:42:47.132Z",
      "note": "",
      "date": "Wed Jul 09 2025",
      "cost": 1
    },
    {
      "id": 1752097463132,
      "type": "smoked",
      "category": "vaping",
      "timestamp": "2025-07-09T21:44:23.132Z",
      "note": "",
      "date": "Wed Jul 09 2025"
    },
    {
      "id": 1752137211132,
      "type": "smoked",
      "category": "vaping",
      "timestamp": "2025-07-10T08:46:51.132Z",
      "note": "",
      "date": "Thu Jul 10 2025"
    },
    {
      "id": 1752137601132,
      "type": "smoked",
      "category": "vaping",
      "timestamp": "2025-07-10T08:53:21.132Z",
      "note": "",
      "date": "Thu Jul 10 2025"
    },
    {
      "id": 1752143286132,
      "type": "smoked",
      "category": "vaping",
      "timestamp": "2025-07-10T10:28:06.132Z",
      "note": "",
      "date": "Thu Jul 10 2025"
    },
    {
      "id": 1752144834132,
      "type": "smoked",
      "category": "vaping",
      "timestamp": "2025-07-10T10:53:54.132Z",
      "note": "",
      "date": "Thu Jul 10 2025"
    },
    {
      "id": 1752147673133,
      "type": "craving",
      "category": "vaping",
      "timestamp": "2025-07-10T11:41:03.132Z",
      "note": "",
      "date": "Thu Jul 10 2025",
      "intensity": 2
    },
    {
      "id": 1752157018132,
      "type": "smoked",
      "category": "vaping",
      "timestamp": "2025-07-10T14:16:58.132Z",
      "note": "",
      "date": "Thu Jul 10 2025"
    },
    {
      "id": 1752158668135,
      "type": "craving",
      "category": "vaping",
      "timestamp": "2025-07-10T14:44:18.132Z",
      "note": "",
      "date": "Thu Jul 10 2025",
      "intensity": 1
    },
    {
      "id": 1752158975132,
      "type": "smoked",
      "category": "vaping",
      "timestamp": "2025-07-10T14:49:35.132Z",
      "note": "",
      "date": "Thu Jul 10 2025"
    },
    {
      "id": 1752161986132,
      "type": "smoked",
      "category": "vaping",
      "timestamp": "2025-07-10T15:39:46.132Z",
      "note": "",
      "date": "Thu Jul 10 2025"
    },
    {
      "id": 1752164102132,
      "type": "craving",
      "category": "alcohol",
      "timestamp": "2025-07-10T16:14:42.132Z",
      "note": "",
      "date": "Thu Jul 10 2025",
      "intensity": 1
    },
    {
      "id": 1752166204132,
      "type": "smoked",
      "category": "vaping",
      "timestamp": "2025-07-10T16:50:04.132Z",
      "note": "",
      "date": "Thu Jul 10 2025"
    },
    {
      "id": 1752166894133,
      "type": "smoked",
      "category": "alcohol",
      "timestamp": "2025-07-10T17:01:34.132Z",
      "note": "",
      "date": "Thu Jul 10 2025",
      "cost": 0.75
    },
    {
      "id": 1752169163134,
      "type": "smoked",
      "category": "alcohol",
      "timestamp": "2025-07-10T17:39:23.132Z",
      "note": "",
      "date": "Thu Jul 10 2025",
      "cost": 1
    },
    {
      "id": 1752169801132,
      "type": "smoked",
      "category": "vaping",
      "timestamp": "2025-07-10T17:50:01.132Z",
      "note": "",
      "date": "Thu Jul 10 2025"
    },
    {
      "id": 1752171178132,
      "type": "smoked",
      "category": "alcohol",
      "timestamp": "2025-07-10T18:12:58.132Z",
      "note": "",
      "date": "Thu Jul 10 2025",
      "cost": 1.25
    },
    {
      "id": 1752173183132,
      "type": "smoked",
      "category": "vaping",
      "timestamp": "2025-07-10T18:46:23.132Z",
      "note": "",
      "date": "Thu Jul 10 2025"
    },
    {
      "id": 1752173387134,
      "type": "craving",
      "category": "vaping",
      "timestamp": "2025-07-10T18:49:37.132Z",
      "note": "",
      "date": "Thu Jul 10 2025",
      "intensity": 2
    },
    {
      "id": 1752179678132,
      "type": "smoked",
      "category": "vaping",
      "timestamp": "2025-07-10T20:34:38.132Z",
      "note": "",
      "date": "Thu Jul 10 2025"
    },
    {
      "id": 1752181824135,
      "type": "smoked",
      "category": "alcohol",
      "timestamp": "2025-07-10T21:10:24.132Z",
      "note": "",
      "date": "Thu Jul 10 2025",
      "cost": 1.25
    },
    {
      "id": 1752182930132,
      "type": "craving",
      "category": "vaping",
      "timestamp": "2025-07-10T21:28:40.132Z",
      "note": "",
      "date": "Thu Jul 10 2025",
      "intensity": 2
    },
    {
      "id": 1752184776136,
      "type": "smoked",
      "category": "alcohol",
      "timestamp": "2025-07-10T21:59:36.132Z",
      "note": "",
      "date": "Thu Jul 10 2025",
      "cost": 1
    },
    {
      "id": 1752217500132,
      "type": "smoked",
      "category": "vaping",
      "timestamp": "2025-07-11T07:05:00.132Z",
      "note": "",
      "date": "Fri Jul 11 2025"
    },
    {
      "id": 1752227686132,
      "type": "smoked",
      "category": "vaping",
      "timestamp": "2025-07-11T09:54:46.132Z",
      "note": "",
      "date": "Fri Jul 11 2025"
    },
    {
      "id": 1752231943132,
      "type": "craving",
      "category": "vaping",
      "timestamp": "2025-07-11T11:05:33.132Z",
      "note": "",
      "date": "Fri Jul 11 2025",
      "intensity": 2
    },
    {
      "id": 1752234162132,
      "type": "smoked",
      "category": "vaping",
      "timestamp": "2025-07-11T11:42:42.132Z",
      "note": "",
      "date": "Fri Jul 11 2025"
    },
    {
      "id": 1752237052132,
      "type": "smoked",
      "category": "vaping",
      "timestamp": "2025-07-11T12:30:52.132Z",
      "note": "",
      "date": "Fri Jul 11 2025"
    },
    {
      "id": 1752237934132,
      "type": "smoked",
      "category": "vaping",
      "timestamp": "2025-07-11T12:45:34.132Z",
      "note": "",
      "date": "Fri Jul 11 2025"
    },
    {
      "id": 1752239635135,
      "type": "craving",
      "category": "vaping",
      "timestamp": "2025-07-11T13:13:45.132Z",
      "note": "",
      "date": "Fri Jul 11 2025",
      "intensity": 2
    },
    {
      "id": 1752245893134,
      "type": "craving",
      "category": "vaping",
      "timestamp": "2025-07-11T14:58:03.132Z",
      "note": "",
      "date": "Fri Jul 11 2025",
      "intensity": 3
    },
    {
      "id": 1752246626132,
      "type": "smoked",
      "category": "vaping",
      "timestamp": "2025-07-11T15:10:26.132Z",
      "note": "",
      "date": "Fri Jul 11 2025"
    },
    {
      "id": 1752249149132,
      "type": "craving",
      "category": "alcohol",
      "timestamp": "2025-07-11T15:52:09.132Z",
      "note": "",
      "date": "Fri Jul 11 2025",
      "intensity": 2
    },
    {
      "id": 1752250866132,
      "type": "smoked",
      "category": "vaping",
      "timestamp": "2025-07-11T16:21:06.132Z",
      "note": "",
      "date": "Fri Jul 11 2025"
    },
    {
      "id": 1752256822132,
      "type": "smoked",
      "category": "vaping",
      "timestamp": "2025-07-11T18:00:22.132Z",
      "note": "",
      "date": "Fri Jul 11 2025"
    },
    {
      "id": 1752257313133,
      "type": "craving",
      "category": "alcohol",
      "timestamp": "2025-07-11T18:08:13.132Z",
      "note": "",
      "date": "Fri Jul 11 2025",
      "intensity": 3
    },
    {
      "id": 1752258106134,
      "type": "smoked",
      "category": "alcohol",
      "timestamp": "2025-07-11T18:21:46.132Z",
      "note": "",
      "date": "Fri Jul 11 2025",
      "cost": 1
    },
    {
      "id": 1752260641132,
      "type": "smoked",
      "category": "alcohol",
      "timestamp": "2025-07-11T19:04:01.132Z",
      "note": "",
      "date": "Fri Jul 11 2025",
      "cost": 1.25
    },
    {
      "id": 1752261026137,
      "type": "smoked",
      "category": "alcohol",
      "timestamp": "2025-07-11T19:10:26.132Z",
      "note": "",
      "date": "Fri Jul 11 2025",
      "cost": 1
    },
    {
      "id": 1752261681132,
      "type": "smoked",
      "category": "vaping",
      "timestamp": "2025-07-11T19:21:21.132Z",
      "note": "",
      "date": "Fri Jul 11 2025"
    },
    {
      "id": 1752262117132,
      "type": "smoked",
      "category": "vaping",
      "timestamp": "2025-07-11T19:28:37.132Z",
      "note": "",
      "date": "Fri Jul 11 2025"
    },
    {
      "id": 1752263025132,
      "type": "smoked",
      "category": "vaping",
      "timestamp": "2025-07-11T19:43:45.132Z",
      "note": "",
      "date": "Fri Jul 11 2025"
    },
    {
      "id": 1752267793135,
      "type": "smoked",
      "category": "alcohol",
      "timestamp": "2025-07-11T21:03:13.132Z",
      "note": "",
      "date": "Fri Jul 11 2025",
      "cost": 0.75
    },
    {
      "id": 1752268314133,
      "type": "smoked",
      "category": "alcohol",
      "timestamp": "2025-07-11T21:11:54.132Z",
      "note": "",
      "date": "Fri Jul 11 2025",
      "cost": 1
    },
    {
      "id": 1752268427133,
      "type": "craving",
      "category": "vaping",
      "timestamp": "2025-07-11T21:13:37.132Z",
      "note": "",
      "date": "Fri Jul 11 2025",
      "intensity": 1
    },
    {
      "id": 1752271913136,
      "type": "smoked",
      "category": "alcohol",
      "timestamp": "2025-07-11T22:11:53.132Z",
      "note": "",
      "date": "Fri Jul 11 2025",
      "cost": 0.75
    },
    {
      "id": 1752305117132,
      "type": "smoked",
      "category": "vaping",
      "timestamp": "2025-07-12T07:25:17.132Z",
      "note": "",
      "date": "Sat Jul 12 2025"
    },
    {
      "id": 1752307364132,
      "type": "craving",
      "category": "vaping",
      "timestamp": "2025-07-12T08:02:34.132Z",
      "note": "",
      "date": "Sat Jul 12 2025",
      "intensity": 2
    },
    {
      "id": 1752311966132,
      "type": "smoked",
      "category": "vaping",
      "timestamp": "2025-07-12T09:19:26.132Z",
      "note": "",
      "date": "Sat Jul 12 2025"
    },
    {
      "id": 1752313234132,
      "type": "smoked",
      "category": "vaping",
      "timestamp": "2025-07-12T09:40:34.132Z",
      "note": "",
      "date": "Sat Jul 12 2025"
    },
    {
      "id": 1752314392133,
      "type": "craving",
      "category": "vaping",
      "timestamp": "2025-07-12T09:59:42.132Z",
      "note": "",
      "date": "Sat Jul 12 2025",
      "intensity": 2
    },
    {
      "id": 1752320449132,
      "type": "smoked",
      "category": "vaping",
      "timestamp": "2025-07-12T11:40:49.132Z",
      "note": "",
      "date": "Sat Jul 12 2025"
    },
    {
      "id": 1752324312132,
      "type": "smoked",
      "category": "vaping",
      "timestamp": "2025-07-12T12:45:12.132Z",
      "note": "",
      "date": "Sat Jul 12 2025"
    },
    {
      "id": 1752326670134,
      "type": "craving",
      "category": "vaping",
      "timestamp": "2025-07-12T13:24:20.132Z",
      "note": "",
      "date": "Sat Jul 12 2025",
      "intensity": 2
    },
    {
      "id": 1752329927132,
      "type": "smoked",
      "category": "vaping",
      "timestamp": "2025-07-12T14:18:47.132Z",
      "note": "",
      "date": "Sat Jul 12 2025"
    },
    {
      "id": 1752343261132,
      "type": "craving",
      "category": "alcohol",
      "timestamp": "2025-07-12T18:00:41.132Z",
      "note": "",
      "date": "Sat Jul 12 2025",
      "intensity": 2
    },
    {
      "id": 1752345254133,
      "type": "smoked",
      "category": "alcohol",
      "timestamp": "2025-07-12T18:34:14.132Z",
      "note": "",
      "date": "Sat Jul 12 2025",
      "cost": 1
    },
    {
      "id": 1752347551135,
      "type": "craving",
      "category": "vaping",
      "timestamp": "2025-07-12T19:12:21.132Z",
      "note": "",
      "date": "Sat Jul 12 2025",
      "intensity": 3
    },
    {
      "id": 1752349763132,
      "type": "smoked",
      "category": "vaping",
      "timestamp": "2025-07-12T19:49:23.132Z",
      "note": "",
      "date": "Sat Jul 12 2025"
    },
    {
      "id": 1752350921132,
      "type": "smoked",
      "category": "alcohol",
      "timestamp": "2025-07-12T20:08:41.132Z",
      "note": "",
      "date": "Sat Jul 12 2025",
      "cost": 1
    },
    {
      "id": 1752353281134,
      "type": "smoked",
      "category": "alcohol",
      "timestamp": "2025-07-12T20:48:01.132Z",
      "note": "",
      "date": "Sat Jul 12 2025",
      "cost": 0.75
    },
    {
      "id": 1752355138132,
      "type": "smoked",
      "category": "vaping",
      "timestamp": "2025-07-12T21:18:58.132Z",
      "note": "",
      "date": "Sat Jul 12 2025"
    },
    {
      "id": 1752358036132,
      "type": "smoked",
      "category": "vaping",
      "timestamp": "2025-07-12T22:07:16.132Z",
      "note": "",
      "date": "Sat Jul 12 2025"
    },
    {
      "id": 1752359871136,
      "type": "craving",
      "category": "vaping",
      "timestamp": "2025-07-12T22:37:41.132Z",
      "note": "",
      "date": "Sat Jul 12 2025",
      "intensity": 1
    },
    {
      "id": 1752404031132,
      "type": "smoked",
      "category": "vaping",
      "timestamp": "2025-07-13T10:53:51.132Z",
      "note": "",
      "date": "Sun Jul 13 2025"
    },
    {
      "id": 1752404319132,
      "type": "smoked",
      "category": "vaping",
      "timestamp": "2025-07-13T10:58:39.132Z",
      "note": "",
      "date": "Sun Jul 13 2025"
    },
    {
      "id": 1752414684132,
      "type": "smoked",
      "category": "vaping",
      "timestamp": "2025-07-13T13:51:24.132Z",
      "note": "",
      "date": "Sun Jul 13 2025"
    },
    {
      "id": 1752424992132,
      "type": "craving",
      "category": "vaping",
      "timestamp": "2025-07-13T16:43:02.132Z",
      "note": "",
      "date": "Sun Jul 13 2025",
      "intensity": 2
    },
    {
      "id": 1752426996132,
      "type": "smoked",
      "category": "vaping",
      "timestamp": "2025-07-13T17:16:36.132Z",
      "note": "",
      "date": "Sun Jul 13 2025"
    },
    {
      "id": 1752427245133,
      "type": "craving",
      "category": "alcohol",
      "timestamp": "2025-07-13T17:20:25.132Z",
      "note": "",
      "date": "Sun Jul 13 2025",
      "intensity": 1
    },
    {
      "id": 1752427386132,
      "type": "smoked",
      "category": "vaping",
      "timestamp": "2025-07-13T17:23:06.132Z",
      "note": "",
      "date": "Sun Jul 13 2025"
    },
    {
      "id": 1752427764132,
      "type": "craving",
      "category": "alcohol",
      "timestamp": "2025-07-13T17:29:04.132Z",
      "note": "",
      "date": "Sun Jul 13 2025",
      "intensity": 1
    },
    {
      "id": 1752428193133,
      "type": "smoked",
      "category": "alcohol",
      "timestamp": "2025-07-13T17:36:33.132Z",
      "note": "",
      "date": "Sun Jul 13 2025",
      "cost": 1
    },
    {
      "id": 1752428955132,
      "type": "smoked",
      "category": "vaping",
      "timestamp": "2025-07-13T17:49:15.132Z",
      "note": "",
      "date": "Sun Jul 13 2025"
    },
    {
      "id": 1752429737132,
      "type": "smoked",
      "category": "vaping",
      "timestamp": "2025-07-13T18:02:17.132Z",
      "note": "",
      "date": "Sun Jul 13 2025"
    },
    {
      "id": 1752429800134,
      "type": "smoked",
      "category": "alcohol",
      "timestamp": "2025-07-13T18:03:20.132Z",
      "note": "",
      "date": "Sun Jul 13 2025",
      "cost": 1
    },
    {
      "id": 1752434234133,
      "type": "craving",
      "category": "vaping",
      "timestamp": "2025-07-13T19:17:04.132Z",
      "note": "",
      "date": "Sun Jul 13 2025",
      "intensity": 2
    },
    {
      "id": 1752435976132,
      "type": "smoked",
      "category": "vaping",
      "timestamp": "2025-07-13T19:46:16.132Z",
      "note": "",
      "date": "Sun Jul 13 2025"
    },
    {
      "id": 1752440474135,
      "type": "smoked",
      "category": "alcohol",
      "timestamp": "2025-07-13T21:01:14.132Z",
      "note": "",
      "date": "Sun Jul 13 2025",
      "cost": 1
    },
    {
      "id": 1752444354134,
      "type": "craving",
      "category": "vaping",
      "timestamp": "2025-07-13T22:05:44.132Z",
      "note": "",
      "date": "Sun Jul 13 2025",
      "intensity": 2
    },
    {
      "id": 1752446282132,
      "type": "smoked",
      "category": "alcohol",
      "timestamp": "2025-07-13T22:38:02.132Z",
      "note": "",
      "date": "Sun Jul 13 2025",
      "cost": 1
    },
    {
      "id": 1752477308132,
      "type": "smoked",
      "category": "vaping",
      "timestamp": "2025-07-14T07:15:08.132Z",
      "note": "",
      "date": "Mon Jul 14 2025"
    },
    {
      "id": 1752484366134,
      "type": "craving",
      "category": "vaping",
      "timestamp": "2025-07-14T09:12:36.132Z",
      "note": "",
      "date": "Mon Jul 14 2025",
      "intensity": 3
    },
    {
      "id": 1752494252133,
      "type": "craving",
      "category": "vaping",
      "timestamp": "2025-07-14T11:57:22.132Z",
      "note": "",
      "date": "Mon Jul 14 2025",
      "intensity": 1
    },
    {
      "id": 1752496374132,
      "type": "smoked",
      "category": "vaping",
      "timestamp": "2025-07-14T12:32:54.132Z",
      "note": "",
      "date": "Mon Jul 14 2025"
    },
    {
      "id": 1752504899132,
      "type": "smoked",
      "category": "vaping",
      "timestamp": "2025-07-14T14:54:59.132Z",
      "note": "",
      "date": "Mon Jul 14 2025"
    },
    {
      "id": 1752505839132,
      "type": "craving",
      "category": "alcohol",
      "timestamp": "2025-07-14T15:10:19.132Z",
      "note": "",
      "date": "Mon Jul 14 2025",
      "intensity": 2
    },
    {
      "id": 1752511201132,
      "type": "smoked",
      "category": "vaping",
      "timestamp": "2025-07-14T16:40:01.132Z",
      "note": "",
      "date": "Mon Jul 14 2025"
    },
    {
      "id": 1752515042133,
      "type": "smoked",
      "category": "alcohol",
      "timestamp": "2025-07-14T17:44:02.132Z",
      "note": "",
      "date": "Mon Jul 14 2025",
      "cost": 1
    },
    {
      "id": 1752515472132,
      "type": "smoked",
      "category": "vaping",
      "timestamp": "2025-07-14T17:51:12.132Z",
      "note": "",
      "date": "Mon Jul 14 2025"
    },
    {
      "id": 1752516637134,
      "type": "smoked",
      "category": "alcohol",
      "timestamp": "2025-07-14T18:10:37.132Z",
      "note": "",
      "date": "Mon Jul 14 2025",
      "cost": 0.75
    },
    {
      "id": 1752519176132,
      "type": "smoked",
      "category": "vaping",
      "timestamp": "2025-07-14T18:52:56.132Z",
      "note": "",
      "date": "Mon Jul 14 2025"
    },
    {
      "id": 1752521719132,
      "type": "smoked",
      "category": "vaping",
      "timestamp": "2025-07-14T19:35:19.132Z",
      "note": "",
      "date": "Mon Jul 14 2025"
    },
    {
      "id": 1752523153132,
      "type": "craving",
      "category": "vaping",
      "timestamp": "2025-07-14T19:59:03.132Z",
      "note": "",
      "date": "Mon Jul 14 2025",
      "intensity": 2
    },
    {
      "id": 1752523163132,
      "type": "smoked",
      "category": "alcohol",
      "timestamp": "2025-07-14T19:59:23.132Z",
      "note": "",
      "date": "Mon Jul 14 2025",
      "cost": 1
    },
    {
      "id": 1752523812132,
      "type": "smoked",
      "category": "vaping",
      "timestamp": "2025-07-14T20:10:12.132Z",
      "note": "",
      "date": "Mon Jul 14 2025"
    },
    {
      "id": 1752523957137,
      "type": "smoked",
      "category": "alcohol",
      "timestamp": "2025-07-14T20:12:37.132Z",
      "note": "",
      "date": "Mon Jul 14 2025",
      "cost": 1.25
    },
    {
      "id": 1752525657135,
      "type": "smoked",
      "category": "alcohol",
      "timestamp": "2025-07-14T20:40:57.132Z",
      "note": "",
      "date": "Mon Jul 14 2025",
      "cost": 0.75
    },
    {
      "id": 1752529874136,
      "type": "smoked",
      "category": "alcohol",
      "timestamp": "2025-07-14T21:51:14.132Z",
      "note": "",
      "date": "Mon Jul 14 2025",
      "cost": 1
    },
    {
      "id": 1752564078132,
      "type": "smoked",
      "category": "vaping",
      "timestamp": "2025-07-15T07:21:18.132Z",
      "note": "",
      "date": "Tue Jul 15 2025"
    },
    {
      "id": 1752569825132,
      "type": "smoked",
      "category": "vaping",
      "timestamp": "2025-07-15T08:57:05.132Z",
      "note": "",
      "date": "Tue Jul 15 2025"
    },
    {
      "id": 1752570671135,
      "type": "craving",
      "category": "vaping",
      "timestamp": "2025-07-15T09:11:01.132Z",
      "note": "",
      "date": "Tue Jul 15 2025",
      "intensity": 2
    },
    {
      "id": 1752574657132,
      "type": "smoked",
      "category": "vaping",
      "timestamp": "2025-07-15T10:17:37.132Z",
      "note": "",
      "date": "Tue Jul 15 2025"
    },
    {
      "id": 1752575489132,
      "type": "smoked",
      "category": "vaping",
      "timestamp": "2025-07-15T10:31:29.132Z",
      "note": "",
      "date": "Tue Jul 15 2025"
    },
    {
      "id": 1752580865132,
      "type": "craving",
      "category": "vaping",
      "timestamp": "2025-07-15T12:00:55.132Z",
      "note": "",
      "date": "Tue Jul 15 2025",
      "intensity": 1
    },
    {
      "id": 1752583867132,
      "type": "smoked",
      "category": "vaping",
      "timestamp": "2025-07-15T12:51:07.132Z",
      "note": "",
      "date": "Tue Jul 15 2025"
    },
    {
      "id": 1752586333132,
      "type": "smoked",
      "category": "vaping",
      "timestamp": "2025-07-15T13:32:13.132Z",
      "note": "",
      "date": "Tue Jul 15 2025"
    },
    {
      "id": 1752595832134,
      "type": "craving",
      "category": "vaping",
      "timestamp": "2025-07-15T16:10:22.132Z",
      "note": "",
      "date": "Tue Jul 15 2025",
      "intensity": 2
    },
    {
      "id": 1752598566132,
      "type": "craving",
      "category": "alcohol",
      "timestamp": "2025-07-15T16:55:46.132Z",
      "note": "",
      "date": "Tue Jul 15 2025",
      "intensity": 3
    },
    {
      "id": 1752600232132,
      "type": "smoked",
      "category": "vaping",
      "timestamp": "2025-07-15T17:23:52.132Z",
      "note": "",
      "date": "Tue Jul 15 2025"
    },
    {
      "id": 1752601465132,
      "type": "smoked",
      "category": "vaping",
      "timestamp": "2025-07-15T17:44:25.132Z",
      "note": "",
      "date": "Tue Jul 15 2025"
    },
    {
      "id": 1752603410136,
      "type": "craving",
      "category": "vaping",
      "timestamp": "2025-07-15T18:16:40.132Z",
      "note": "",
      "date": "Tue Jul 15 2025",
      "intensity": 1
    },
    {
      "id": 1752605140134,
      "type": "smoked",
      "category": "alcohol",
      "timestamp": "2025-07-15T18:45:40.132Z",
      "note": "",
      "date": "Tue Jul 15 2025",
      "cost": 1.25
    },
    {
      "id": 1752610698137,
      "type": "smoked",
      "category": "alcohol",
      "timestamp": "2025-07-15T20:18:18.132Z",
      "note": "",
      "date": "Tue Jul 15 2025",
      "cost": 0.75
    },
    {
      "id": 1752612032133,
      "type": "craving",
      "category": "vaping",
      "timestamp": "2025-07-15T20:40:22.132Z",
      "note": "",
      "date": "Tue Jul 15 2025",
      "intensity": 2
    },
    {
      "id": 1752615378133,
      "type": "smoked",
      "category": "alcohol",
      "timestamp": "2025-07-15T21:36:18.132Z",
      "note": "",
      "date": "Tue Jul 15 2025",
      "cost": 1
    },
    {
      "id": 1752615733132,
      "type": "smoked",
      "category": "alcohol",
      "timestamp": "2025-07-15T21:42:13.132Z",
      "note": "",
      "date": "Tue Jul 15 2025",
      "cost": 1.25
    },
    {
      "id": 1752615737136,
      "type": "smoked",
      "category": "alcohol",
      "timestamp": "2025-07-15T21:42:17.132Z",
      "note": "",
      "date": "Tue Jul 15 2025",
      "cost": 1
    },
    {
      "id": 1752615981135,
      "type": "smoked",
      "category": "alcohol",
      "timestamp": "2025-07-15T21:46:21.132Z",
      "note": "",
      "date": "Tue Jul 15 2025",
      "cost": 0.75
    },
    {
      "id": 1752649838132,
      "type": "craving",
      "category": "vaping",
      "timestamp": "2025-07-16T07:10:28.132Z",
      "note": "",
      "date": "Wed Jul 16 2025",
      "intensity": 2
    },
    {
      "id": 1752669121132,
      "type": "smoked",
      "category": "vaping",
      "timestamp": "2025-07-16T12:32:01.132Z",
      "note": "",
      "date": "Wed Jul 16 2025"
    },
    {
      "id": 1752674055132,
      "type": "smoked",
      "category": "vaping",
      "timestamp": "2025-07-16T13:54:15.132Z",
      "note": "",
      "date": "Wed Jul 16 2025"
    },
    {
      "id": 1752675938134,
      "type": "craving",
      "category": "vaping",
      "timestamp": "2025-07-16T14:25:28.132Z",
      "note": "",
      "date": "Wed Jul 16 2025",
      "intensity": 3
    },
    {
      "id": 1752678233132,
      "type": "smoked",
      "category": "vaping",
      "timestamp": "2025-07-16T15:03:53.132Z",
      "note": "",
      "date": "Wed Jul 16 2025"
    },
    {
      "id": 1752678691132,
      "type": "smoked",
      "category": "vaping",
      "timestamp": "2025-07-16T15:11:31.132Z",
      "note": "",
      "date": "Wed Jul 16 2025"
    },
    {
      "id": 1752683448132,
      "type": "smoked",
      "category": "vaping",
      "timestamp": "2025-07-16T16:30:48.132Z",
      "note": "",
      "date": "Wed Jul 16 2025"
    },
    {
      "id": 1752683856132,
      "type": "smoked",
      "category": "vaping",
      "timestamp": "2025-07-16T16:37:36.132Z",
      "note": "",
      "date": "Wed Jul 16 2025"
    },
    {
      "id": 1752685345132,
      "type": "craving",
      "category": "alcohol",
      "timestamp": "2025-07-16T17:02:05.132Z",
      "note": "",
      "date": "Wed Jul 16 2025",
      "intensity": 1
    },
    {
      "id": 1752685446132,
      "type": "smoked",
      "category": "vaping",
      "timestamp": "2025-07-16T17:04:06.132Z",
      "note": "",
      "date": "Wed Jul 16 2025"
    },
    {
      "id": 1752686968133,
      "type": "smoked",
      "category": "alcohol",
      "timestamp": "2025-07-16T17:29:28.132Z",
      "note": "",
      "date": "Wed Jul 16 2025",
      "cost": 1.25
    },
    {
      "id": 1752687088132,
      "type": "smoked",
      "category": "alcohol",
      "timestamp": "2025-07-16T17:31:28.132Z",
      "note": "",
      "date": "Wed Jul 16 2025",
      "cost": 0.75
    },
    {
      "id": 1752689420134,
      "type": "smoked",
      "category": "alcohol",
      "timestamp": "2025-07-16T18:10:20.132Z",
      "note": "",
      "date": "Wed Jul 16 2025",
      "cost": 1.25
    },
    {
      "id": 1752690191132,
      "type": "smoked",
      "category": "vaping",
      "timestamp": "2025-07-16T18:23:11.132Z",
      "note": "",
      "date": "Wed Jul 16 2025"
    },
    {
      "id": 1752691243133,
      "type": "craving",
      "category": "alcohol",
      "timestamp": "2025-07-16T18:40:23.132Z",
      "note": "",
      "date": "Wed Jul 16 2025",
      "intensity": 2
    },
    {
      "id": 1752694202132,
      "type": "smoked",
      "category": "vaping",
      "timestamp": "2025-07-16T19:30:02.132Z",
      "note": "",
      "date": "Wed Jul 16 2025"
    },
    {
      "id": 1752695266132,
      "type": "smoked",
      "category": "vaping",
      "timestamp": "2025-07-16T19:47:46.132Z",
      "note": "",
      "date": "Wed Jul 16 2025"
    },
    {
      "id": 1752696380136,
      "type": "smoked",
      "category": "alcohol",
      "timestamp": "2025-07-16T20:06:20.132Z",
      "note": "",
      "date": "Wed Jul 16 2025",
      "cost": 1.25
    },
    {
      "id": 1752700433133,
      "type": "craving",
      "category": "vaping",
      "timestamp": "2025-07-16T21:13:43.132Z",
      "note": "",
      "date": "Wed Jul 16 2025",
      "intensity": 2
    },
    {
      "id": 1752700868135,
      "type": "smoked",
      "category": "alcohol",
      "timestamp": "2025-07-16T21:21:08.132Z",
      "note": "",
      "date": "Wed Jul 16 2025",
      "cost": 0.75
    },
    {
      "id": 1752701455132,
      "type": "smoked",
      "category": "vaping",
      "timestamp": "2025-07-16T21:30:55.132Z",
      "note": "",
      "date": "Wed Jul 16 2025"
    },
    {
      "id": 1752702730132,
      "type": "smoked",
      "category": "vaping",
      "timestamp": "2025-07-16T21:52:10.132Z",
      "note": "",
      "date": "Wed Jul 16 2025"
    },
    {
      "id": 1752736110132,
      "type": "craving",
      "category": "vaping",
      "timestamp": "2025-07-17T07:08:20.132Z",
      "note": "",
      "date": "Thu Jul 17 2025",
      "intensity": 2
    },
    {
      "id": 1752740398132,
      "type": "smoked",
      "category": "vaping",
      "timestamp": "2025-07-17T08:19:58.132Z",
      "note": "",
      "date": "Thu Jul 17 2025"
    },
    {
      "id": 1752741461132,
      "type": "smoked",
      "category": "vaping",
      "timestamp": "2025-07-17T08:37:41.132Z",
      "note": "",
      "date": "Thu Jul 17 2025"
    },
    {
      "id": 1752741665132,
      "type": "smoked",
      "category": "vaping",
      "timestamp": "2025-07-17T08:41:05.132Z",
      "note": "",
      "date": "Thu Jul 17 2025"
    },
    {
      "id": 1752757099132,
      "type": "smoked",
      "category": "vaping",
      "timestamp": "2025-07-17T12:58:19.132Z",
      "note": "",
      "date": "Thu Jul 17 2025"
    },
    {
      "id": 1752757671132,
      "type": "smoked",
      "category": "vaping",
      "timestamp": "2025-07-17T13:07:51.132Z",
      "note": "",
      "date": "Thu Jul 17 2025"
    },
    {
      "id": 1752759999134,
      "type": "craving",
      "category": "vaping",
      "timestamp": "2025-07-17T13:46:29.132Z",
      "note": "",
      "date": "Thu Jul 17 2025",
      "intensity": 1
    },
    {
      "id": 1752768060132,
      "type": "smoked",
      "category": "vaping",
      "timestamp": "2025-07-17T16:01:00.132Z",
      "note": "",
      "date": "Thu Jul 17 2025"
    },
    {
      "id": 1752769256132,
      "type": "smoked",
      "category": "vaping",
      "timestamp": "2025-07-17T16:20:56.132Z",
      "note": "",
      "date": "Thu Jul 17 2025"
    },
    {
      "id": 1752769798132,
      "type": "craving",
      "category": "alcohol",
      "timestamp": "2025-07-17T16:29:38.132Z",
      "note": "",
      "date": "Thu Jul 17 2025",
      "intensity": 1
    },
    {
      "id": 1752770569132,
      "type": "smoked",
      "category": "vaping",
      "timestamp": "2025-07-17T16:42:49.132Z",
      "note": "",
      "date": "Thu Jul 17 2025"
    },
    {
      "id": 1752771849134,
      "type": "smoked",
      "category": "alcohol",
      "timestamp": "2025-07-17T17:04:09.132Z",
      "note": "",
      "date": "Thu Jul 17 2025",
      "cost": 1
    },
    {
      "id": 1752771856132,
      "type": "smoked",
      "category": "vaping",
      "timestamp": "2025-07-17T17:04:16.132Z",
      "note": "",
      "date": "Thu Jul 17 2025"
    },
    {
      "id": 1752772407135,
      "type": "smoked",
      "category": "alcohol",
      "timestamp": "2025-07-17T17:13:27.132Z",
      "note": "",
      "date": "Thu Jul 17 2025",
      "cost": 1
    },
    {
      "id": 1752775008133,
      "type": "smoked",
      "category": "alcohol",
      "timestamp": "2025-07-17T17:56:48.132Z",
      "note": "",
      "date": "Thu Jul 17 2025",
      "cost": 1.25
    },
    {
      "id": 1752777203137,
      "type": "smoked",
      "category": "alcohol",
      "timestamp": "2025-07-17T18:33:23.132Z",
      "note": "",
      "date": "Thu Jul 17 2025",
      "cost": 1
    },
    {
      "id": 1752778009133,
      "type": "craving",
      "category": "alcohol",
      "timestamp": "2025-07-17T18:46:29.132Z",
      "note": "",
      "date": "Thu Jul 17 2025",
      "intensity": 2
    },
    {
      "id": 1752778024133,
      "type": "craving",
      "category": "vaping",
      "timestamp": "2025-07-17T18:46:54.132Z",
      "note": "",
      "date": "Thu Jul 17 2025",
      "intensity": 2
    },
    {
      "id": 1752782873132,
      "type": "smoked",
      "category": "vaping",
      "timestamp": "2025-07-17T20:07:53.132Z",
      "note": "",
      "date": "Thu Jul 17 2025"
    },
    {
      "id": 1752783318132,
      "type": "smoked",
      "category": "alcohol",
      "timestamp": "2025-07-17T20:15:18.132Z",
      "note": "",
      "date": "Thu Jul 17 2025",
      "cost": 1
    },
    {
      "id": 1752785605136,
      "type": "smoked",
      "category": "alcohol",
      "timestamp": "2025-07-17T20:53:25.132Z",
      "note": "",
      "date": "Thu Jul 17 2025",
      "cost": 1
    },
    {
      "id": 1752788129132,
      "type": "smoked",
      "category": "vaping",
      "timestamp": "2025-07-17T21:35:29.132Z",
      "note": "",
      "date": "Thu Jul 17 2025"
    },
    {
      "id": 1752789438132,
      "type": "smoked",
      "category": "vaping",
      "timestamp": "2025-07-17T21:57:18.132Z",
      "note": "",
      "date": "Thu Jul 17 2025"
    },
    {
      "id": 1752823981135,
      "type": "craving",
      "category": "vaping",
      "timestamp": "2025-07-18T07:32:51.132Z",
      "note": "",
      "date": "Fri Jul 18 2025",
      "intensity": 2
    },
    {
      "id": 1752828208132,
      "type": "craving",
      "category": "vaping",
      "timestamp": "2025-07-18T08:43:18.132Z",
      "note": "",
      "date": "Fri Jul 18 2025",
      "intensity": 3
    },
    {
      "id": 1752835377132,
      "type": "smoked",
      "category": "vaping",
      "timestamp": "2025-07-18T10:42:57.132Z",
      "note": "",
      "date": "Fri Jul 18 2025"
    },
    {
      "id": 1752837837132,
      "type": "smoked",
      "category": "vaping",
      "timestamp": "2025-07-18T11:23:57.132Z",
      "note": "",
      "date": "Fri Jul 18 2025"
    },
    {
      "id": 1752843246132,
      "type": "smoked",
      "category": "vaping",
      "timestamp": "2025-07-18T12:54:06.132Z",
      "note": "",
      "date": "Fri Jul 18 2025"
    },
    {
      "id": 1752846100132,
      "type": "smoked",
      "category": "vaping",
      "timestamp": "2025-07-18T13:41:40.132Z",
      "note": "",
      "date": "Fri Jul 18 2025"
    },
    {
      "id": 1752846305132,
      "type": "smoked",
      "category": "vaping",
      "timestamp": "2025-07-18T13:45:05.132Z",
      "note": "",
      "date": "Fri Jul 18 2025"
    },
    {
      "id": 1752849900132,
      "type": "smoked",
      "category": "vaping",
      "timestamp": "2025-07-18T14:45:00.132Z",
      "note": "",
      "date": "Fri Jul 18 2025"
    },
    {
      "id": 1752851813133,
      "type": "craving",
      "category": "alcohol",
      "timestamp": "2025-07-18T15:16:33.132Z",
      "note": "",
      "date": "Fri Jul 18 2025",
      "intensity": 3
    },
    {
      "id": 1752852008132,
      "type": "craving",
      "category": "alcohol",
      "timestamp": "2025-07-18T15:19:48.132Z",
      "note": "",
      "date": "Fri Jul 18 2025",
      "intensity": 2
    },
    {
      "id": 1752854659134,
      "type": "craving",
      "category": "vaping",
      "timestamp": "2025-07-18T16:04:09.132Z",
      "note": "",
      "date": "Fri Jul 18 2025",
      "intensity": 2
    },
    {
      "id": 1752856885132,
      "type": "smoked",
      "category": "vaping",
      "timestamp": "2025-07-18T16:41:25.132Z",
      "note": "",
      "date": "Fri Jul 18 2025"
    },
    {
      "id": 1752858372135,
      "type": "smoked",
      "category": "alcohol",
      "timestamp": "2025-07-18T17:06:12.132Z",
      "note": "",
      "date": "Fri Jul 18 2025",
      "cost": 1.25
    },
    {
      "id": 1752859143133,
      "type": "craving",
      "category": "vaping",
      "timestamp": "2025-07-18T17:18:53.132Z",
      "note": "",
      "date": "Fri Jul 18 2025",
      "intensity": 2
    },
    {
      "id": 1752860954132,
      "type": "smoked",
      "category": "vaping",
      "timestamp": "2025-07-18T17:49:14.132Z",
      "note": "",
      "date": "Fri Jul 18 2025"
    },
    {
      "id": 1752866877134,
      "type": "smoked",
      "category": "alcohol",
      "timestamp": "2025-07-18T19:27:57.132Z",
      "note": "",
      "date": "Fri Jul 18 2025",
      "cost": 0.75
    },
    {
      "id": 1752868984132,
      "type": "smoked",
      "category": "vaping",
      "timestamp": "2025-07-18T20:03:04.132Z",
      "note": "",
      "date": "Fri Jul 18 2025"
    },
    {
      "id": 1752872268132,
      "type": "smoked",
      "category": "alcohol",
      "timestamp": "2025-07-18T20:57:48.132Z",
      "note": "",
      "date": "Fri Jul 18 2025",
      "cost": 1
    },
    {
      "id": 1752873093133,
      "type": "smoked",
      "category": "alcohol",
      "timestamp": "2025-07-18T21:11:33.132Z",
      "note": "",
      "date": "Fri Jul 18 2025",
      "cost": 0.75
    },
    {
      "id": 1752876135132,
      "type": "smoked",
      "category": "vaping",
      "timestamp": "2025-07-18T22:02:15.132Z",
      "note": "",
      "date": "Fri Jul 18 2025"
    },
    {
      "id": 1752876718132,
      "type": "smoked",
      "category": "vaping",
      "timestamp": "2025-07-18T22:11:58.132Z",
      "note": "",
      "date": "Fri Jul 18 2025"
    },
    {
      "id": 1752877916132,
      "type": "smoked",
      "category": "vaping",
      "timestamp": "2025-07-18T22:31:56.132Z",
      "note": "",
      "date": "Fri Jul 18 2025"
    },
    {
      "id": 1752912918132,
      "type": "smoked",
      "category": "vaping",
      "timestamp": "2025-07-19T08:15:18.132Z",
      "note": "",
      "date": "Sat Jul 19 2025"
    },
    {
      "id": 1752914368132,
      "type": "smoked",
      "category": "vaping",
      "timestamp": "2025-07-19T08:39:28.132Z",
      "note": "",
      "date": "Sat Jul 19 2025"
    },
    {
      "id": 1752925802132,
      "type": "craving",
      "category": "vaping",
      "timestamp": "2025-07-19T11:49:52.132Z",
      "note": "",
      "date": "Sat Jul 19 2025",
      "intensity": 3
    },
    {
      "id": 1752929209132,
      "type": "smoked",
      "category": "vaping",
      "timestamp": "2025-07-19T12:46:49.132Z",
      "note": "",
      "date": "Sat Jul 19 2025"
    },
    {
      "id": 1752930032134,
      "type": "craving",
      "category": "vaping",
      "timestamp": "2025-07-19T13:00:22.132Z",
      "note": "",
      "date": "Sat Jul 19 2025",
      "intensity": 3
    },
    {
      "id": 1752935330135,
      "type": "craving",
      "category": "vaping",
      "timestamp": "2025-07-19T14:28:40.132Z",
      "note": "",
      "date": "Sat Jul 19 2025",
      "intensity": 1
    },
    {
      "id": 1752935939132,
      "type": "smoked",
      "category": "vaping",
      "timestamp": "2025-07-19T14:38:59.132Z",
      "note": "",
      "date": "Sat Jul 19 2025"
    },
    {
      "id": 1752936442132,
      "type": "smoked",
      "category": "vaping",
      "timestamp": "2025-07-19T14:47:22.132Z",
      "note": "",
      "date": "Sat Jul 19 2025"
    },
    {
      "id": 1752940898132,
      "type": "smoked",
      "category": "vaping",
      "timestamp": "2025-07-19T16:01:38.132Z",
      "note": "",
      "date": "Sat Jul 19 2025"
    },
    {
      "id": 1752947145132,
      "type": "craving",
      "category": "alcohol",
      "timestamp": "2025-07-19T17:45:25.132Z",
      "note": "",
      "date": "Sat Jul 19 2025",
      "intensity": 2
    },
    {
      "id": 1752950443136,
      "type": "smoked",
      "category": "alcohol",
      "timestamp": "2025-07-19T18:40:43.132Z",
      "note": "",
      "date": "Sat Jul 19 2025",
      "cost": 1.25
    },
    {
      "id": 1752955171133,
      "type": "smoked",
      "category": "alcohol",
      "timestamp": "2025-07-19T19:59:31.132Z",
      "note": "",
      "date": "Sat Jul 19 2025",
      "cost": 1
    },
    {
      "id": 1752955694132,
      "type": "smoked",
      "category": "vaping",
      "timestamp": "2025-07-19T20:08:14.132Z",
      "note": "",
      "date": "Sat Jul 19 2025"
    },
    {
      "id": 1752960731133,
      "type": "craving",
      "category": "vaping",
      "timestamp": "2025-07-19T21:32:01.132Z",
      "note": "",
      "date": "Sat Jul 19 2025",
      "intensity": 1
    },
    {
      "id": 1752961777135,
      "type": "smoked",
      "category": "alcohol",
      "timestamp": "2025-07-19T21:49:37.132Z",
      "note": "",
      "date": "Sat Jul 19 2025",
      "cost": 1
    },
    {
      "id": 1752962052132,
      "type": "smoked",
      "category": "vaping",
      "timestamp": "2025-07-19T21:54:12.132Z",
      "note": "",
      "date": "Sat Jul 19 2025"
    },
    {
      "id": 1752962868132,
      "type": "smoked",
      "category": "vaping",
      "timestamp": "2025-07-19T22:07:48.132Z",
      "note": "",
      "date": "Sat Jul 19 2025"
    },
    {
      "id": 1752963043132,
      "type": "smoked",
      "category": "alcohol",
      "timestamp": "2025-07-19T22:10:43.132Z",
      "note": "",
      "date": "Sat Jul 19 2025",
      "cost": 1
    },
    {
      "id": 1752965911134,
      "type": "smoked",
      "category": "alcohol",
      "timestamp": "2025-07-19T22:58:31.132Z",
      "note": "",
      "date": "Sat Jul 19 2025",
      "cost": 0.75
    },
    {
      "id": 1752995499132,
      "type": "smoked",
      "category": "vaping",
      "timestamp": "2025-07-20T07:11:39.132Z",
      "note": "",
      "date": "Sun Jul 20 2025"
    },
    {
      "id": 1752999097134,
      "type": "craving",
      "category": "vaping",
      "timestamp": "2025-07-20T08:11:27.132Z",
      "note": "",
      "date": "Sun Jul 20 2025",
      "intensity": 2
    },
    {
      "id": 1753008170133,
      "type": "craving",
      "category": "vaping",
      "timestamp": "2025-07-20T10:42:40.132Z",
      "note": "",
      "date": "Sun Jul 20 2025",
      "intensity": 2
    },
    {
      "id": 1753009496132,
      "type": "smoked",
      "category": "vaping",
      "timestamp": "2025-07-20T11:04:56.132Z",
      "note": "",
      "date": "Sun Jul 20 2025"
    },
    {
      "id": 1753015599132,
      "type": "smoked",
      "category": "vaping",
      "timestamp": "2025-07-20T12:46:39.132Z",
      "note": "",
      "date": "Sun Jul 20 2025"
    },
    {
      "id": 1753025158136,
      "type": "craving",
      "category": "vaping",
      "timestamp": "2025-07-20T15:25:48.132Z",
      "note": "",
      "date": "Sun Jul 20 2025",
      "intensity": 2
    },
    {
      "id": 1753031778133,
      "type": "smoked",
      "category": "alcohol",
      "timestamp": "2025-07-20T17:16:18.132Z",
      "note": "",
      "date": "Sun Jul 20 2025",
      "cost": 1.25
    },
    {
      "id": 1753034450132,
      "type": "smoked",
      "category": "vaping",
      "timestamp": "2025-07-20T18:00:50.132Z",
      "note": "",
      "date": "Sun Jul 20 2025"
    },
    {
      "id": 1753034503132,
      "type": "craving",
      "category": "alcohol",
      "timestamp": "2025-07-20T18:01:23.132Z",
      "note": "",
      "date": "Sun Jul 20 2025",
      "intensity": 2
    },
    {
      "id": 1753036299132,
      "type": "smoked",
      "category": "vaping",
      "timestamp": "2025-07-20T18:31:39.132Z",
      "note": "",
      "date": "Sun Jul 20 2025"
    },
    {
      "id": 1753037956135,
      "type": "craving",
      "category": "vaping",
      "timestamp": "2025-07-20T18:59:06.132Z",
      "note": "",
      "date": "Sun Jul 20 2025",
      "intensity": 3
    },
    {
      "id": 1753038841134,
      "type": "smoked",
      "category": "alcohol",
      "timestamp": "2025-07-20T19:14:01.132Z",
      "note": "",
      "date": "Sun Jul 20 2025",
      "cost": 1
    },
    {
      "id": 1753041490132,
      "type": "smoked",
      "category": "vaping",
      "timestamp": "2025-07-20T19:58:10.132Z",
      "note": "",
      "date": "Sun Jul 20 2025"
    },
    {
      "id": 1753044292132,
      "type": "smoked",
      "category": "alcohol",
      "timestamp": "2025-07-20T20:44:52.132Z",
      "note": "",
      "date": "Sun Jul 20 2025",
      "cost": 1
    },
    {
      "id": 1753046695132,
      "type": "smoked",
      "category": "vaping",
      "timestamp": "2025-07-20T21:24:55.132Z",
      "note": "",
      "date": "Sun Jul 20 2025"
    },
    {
      "id": 1753048778132,
      "type": "craving",
      "category": "vaping",
      "timestamp": "2025-07-20T21:59:28.132Z",
      "note": "",
      "date": "Sun Jul 20 2025",
      "intensity": 3
    },
    {
      "id": 1753052067132,
      "type": "smoked",
      "category": "vaping",
      "timestamp": "2025-07-20T22:54:27.132Z",
      "note": "",
      "date": "Sun Jul 20 2025"
    },
    {
      "id": 1753081971132,
      "type": "smoked",
      "category": "vaping",
      "timestamp": "2025-07-21T07:12:51.132Z",
      "note": "",
      "date": "Mon Jul 21 2025"
    },
    {
      "id": 1753087173134,
      "type": "craving",
      "category": "vaping",
      "timestamp": "2025-07-21T08:39:23.132Z",
      "note": "",
      "date": "Mon Jul 21 2025",
      "intensity": 2
    },
    {
      "id": 1753087673132,
      "type": "smoked",
      "category": "vaping",
      "timestamp": "2025-07-21T08:47:53.132Z",
      "note": "",
      "date": "Mon Jul 21 2025"
    },
    {
      "id": 1753087877136,
      "type": "craving",
      "category": "vaping",
      "timestamp": "2025-07-21T08:51:07.132Z",
      "note": "",
      "date": "Mon Jul 21 2025",
      "intensity": 3
    },
    {
      "id": 1753089593132,
      "type": "smoked",
      "category": "vaping",
      "timestamp": "2025-07-21T09:19:53.132Z",
      "note": "",
      "date": "Mon Jul 21 2025"
    },
    {
      "id": 1753091740132,
      "type": "smoked",
      "category": "vaping",
      "timestamp": "2025-07-21T09:55:40.132Z",
      "note": "",
      "date": "Mon Jul 21 2025"
    },
    {
      "id": 1753095175132,
      "type": "smoked",
      "category": "vaping",
      "timestamp": "2025-07-21T10:52:55.132Z",
      "note": "",
      "date": "Mon Jul 21 2025"
    },
    {
      "id": 1753101168132,
      "type": "smoked",
      "category": "vaping",
      "timestamp": "2025-07-21T12:32:48.132Z",
      "note": "",
      "date": "Mon Jul 21 2025"
    },
    {
      "id": 1753106890133,
      "type": "craving",
      "category": "vaping",
      "timestamp": "2025-07-21T14:08:00.132Z",
      "note": "",
      "date": "Mon Jul 21 2025",
      "intensity": 1
    },
    {
      "id": 1753110494132,
      "type": "craving",
      "category": "alcohol",
      "timestamp": "2025-07-21T15:07:54.132Z",
      "note": "",
      "date": "Mon Jul 21 2025",
      "intensity": 3
    },
    {
      "id": 1753110521135,
      "type": "craving",
      "category": "vaping",
      "timestamp": "2025-07-21T15:08:31.132Z",
      "note": "",
      "date": "Mon Jul 21 2025",
      "intensity": 1
    },
    {
      "id": 1753122170132,
      "type": "smoked",
      "category": "vaping",
      "timestamp": "2025-07-21T18:22:50.132Z",
      "note": "",
      "date": "Mon Jul 21 2025"
    },
    {
      "id": 1753124305132,
      "type": "smoked",
      "category": "alcohol",
      "timestamp": "2025-07-21T18:58:25.132Z",
      "note": "",
      "date": "Mon Jul 21 2025",
      "cost": 1
    },
    {
      "id": 1753125131132,
      "type": "smoked",
      "category": "vaping",
      "timestamp": "2025-07-21T19:12:11.132Z",
      "note": "",
      "date": "Mon Jul 21 2025"
    },
    {
      "id": 1753126104132,
      "type": "smoked",
      "category": "vaping",
      "timestamp": "2025-07-21T19:28:24.132Z",
      "note": "",
      "date": "Mon Jul 21 2025"
    },
    {
      "id": 1753127906132,
      "type": "smoked",
      "category": "vaping",
      "timestamp": "2025-07-21T19:58:26.132Z",
      "note": "",
      "date": "Mon Jul 21 2025"
    },
    {
      "id": 1753128625134,
      "type": "smoked",
      "category": "alcohol",
      "timestamp": "2025-07-21T20:10:25.132Z",
      "note": "",
      "date": "Mon Jul 21 2025",
      "cost": 1.25
    },
    {
      "id": 1753129801132,
      "type": "smoked",
      "category": "vaping",
      "timestamp": "2025-07-21T20:30:01.132Z",
      "note": "",
      "date": "Mon Jul 21 2025"
    },
    {
      "id": 1753130110132,
      "type": "craving",
      "category": "vaping",
      "timestamp": "2025-07-21T20:35:00.132Z",
      "note": "",
      "date": "Mon Jul 21 2025",
      "intensity": 2
    },
    {
      "id": 1753130970132,
      "type": "smoked",
      "category": "vaping",
      "timestamp": "2025-07-21T20:49:30.132Z",
      "note": "",
      "date": "Mon Jul 21 2025"
    },
    {
      "id": 1753138447133,
      "type": "smoked",
      "category": "alcohol",
      "timestamp": "2025-07-21T22:54:07.132Z",
      "note": "",
      "date": "Mon Jul 21 2025",
      "cost": 1.25
    },
    {
      "id": 1753171088133,
      "type": "craving",
      "category": "vaping",
      "timestamp": "2025-07-22T07:57:58.132Z",
      "note": "",
      "date": "Tue Jul 22 2025",
      "intensity": 2
    },
    {
      "id": 1753176379132,
      "type": "smoked",
      "category": "vaping",
      "timestamp": "2025-07-22T09:26:19.132Z",
      "note": "",
      "date": "Tue Jul 22 2025"
    },
    {
      "id": 1753182754132,
      "type": "smoked",
      "category": "vaping",
      "timestamp": "2025-07-22T11:12:34.132Z",
      "note": "",
      "date": "Tue Jul 22 2025"
    },
    {
      "id": 1753187572132,
      "type": "smoked",
      "category": "vaping",
      "timestamp": "2025-07-22T12:32:52.132Z",
      "note": "",
      "date": "Tue Jul 22 2025"
    },
    {
      "id": 1753195778132,
      "type": "smoked",
      "category": "vaping",
      "timestamp": "2025-07-22T14:49:38.132Z",
      "note": "",
      "date": "Tue Jul 22 2025"
    },
    {
      "id": 1753202472132,
      "type": "craving",
      "category": "alcohol",
      "timestamp": "2025-07-22T16:40:52.132Z",
      "note": "",
      "date": "Tue Jul 22 2025",
      "intensity": 2
    },
    {
      "id": 1753202906132,
      "type": "smoked",
      "category": "vaping",
      "timestamp": "2025-07-22T16:48:26.132Z",
      "note": "",
      "date": "Tue Jul 22 2025"
    },
    {
      "id": 1753204323132,
      "type": "smoked",
      "category": "vaping",
      "timestamp": "2025-07-22T17:12:03.132Z",
      "note": "",
      "date": "Tue Jul 22 2025"
    },
    {
      "id": 1753208549132,
      "type": "craving",
      "category": "vaping",
      "timestamp": "2025-07-22T18:22:19.132Z",
      "note": "",
      "date": "Tue Jul 22 2025",
      "intensity": 2
    },
    {
      "id": 1753210405133,
      "type": "craving",
      "category": "alcohol",
      "timestamp": "2025-07-22T18:53:05.132Z",
      "note": "",
      "date": "Tue Jul 22 2025",
      "intensity": 2
    },
    {
      "id": 1753210477132,
      "type": "smoked",
      "category": "vaping",
      "timestamp": "2025-07-22T18:54:37.132Z",
      "note": "",
      "date": "Tue Jul 22 2025"
    },
    {
      "id": 1753212983134,
      "type": "craving",
      "category": "vaping",
      "timestamp": "2025-07-22T19:36:13.132Z",
      "note": "",
      "date": "Tue Jul 22 2025",
      "intensity": 2
    },
    {
      "id": 1753213420133,
      "type": "smoked",
      "category": "alcohol",
      "timestamp": "2025-07-22T19:43:40.132Z",
      "note": "",
      "date": "Tue Jul 22 2025",
      "cost": 0.75
    },
    {
      "id": 1753216023132,
      "type": "smoked",
      "category": "vaping",
      "timestamp": "2025-07-22T20:27:03.132Z",
      "note": "",
      "date": "Tue Jul 22 2025"
    },
    {
      "id": 1753216148132,
      "type": "smoked",
      "category": "alcohol",
      "timestamp": "2025-07-22T20:29:08.132Z",
      "note": "",
      "date": "Tue Jul 22 2025",
      "cost": 1.25
    },
    {
      "id": 1753218919132,
      "type": "smoked",
      "category": "vaping",
      "timestamp": "2025-07-22T21:15:19.132Z",
      "note": "",
      "date": "Tue Jul 22 2025"
    },
    {
      "id": 1753219032134,
      "type": "smoked",
      "category": "alcohol",
      "timestamp": "2025-07-22T21:17:12.132Z",
      "note": "",
      "date": "Tue Jul 22 2025",
      "cost": 0.75
    },
    {
      "id": 1753220281132,
      "type": "smoked",
      "category": "vaping",
      "timestamp": "2025-07-22T21:38:01.132Z",
      "note": "",
      "date": "Tue Jul 22 2025"
    },
    {
      "id": 1753262424135,
      "type": "craving",
      "category": "vaping",
      "timestamp": "2025-07-23T09:20:14.132Z",
      "note": "",
      "date": "Wed Jul 23 2025",
      "intensity": 3
    },
    {
      "id": 1753270996133,
      "type": "craving",
      "category": "vaping",
      "timestamp": "2025-07-23T11:43:06.132Z",
      "note": "",
      "date": "Wed Jul 23 2025",
      "intensity": 3
    },
    {
      "id": 1753272350134,
      "type": "craving",
      "category": "vaping",
      "timestamp": "2025-07-23T12:05:40.132Z",
      "note": "",
      "date": "Wed Jul 23 2025",
      "intensity": 2
    },
    {
      "id": 1753278164132,
      "type": "smoked",
      "category": "vaping",
      "timestamp": "2025-07-23T13:42:44.132Z",
      "note": "",
      "date": "Wed Jul 23 2025"
    },
    {
      "id": 1753283245132,
      "type": "smoked",
      "category": "vaping",
      "timestamp": "2025-07-23T15:07:25.132Z",
      "note": "",
      "date": "Wed Jul 23 2025"
    },
    {
      "id": 1753287342132,
      "type": "smoked",
      "category": "vaping",
      "timestamp": "2025-07-23T16:15:42.132Z",
      "note": "",
      "date": "Wed Jul 23 2025"
    },
    {
      "id": 1753289976132,
      "type": "craving",
      "category": "vaping",
      "timestamp": "2025-07-23T16:59:26.132Z",
      "note": "",
      "date": "Wed Jul 23 2025",
      "intensity": 1
    },
    {
      "id": 1753290816132,
      "type": "smoked",
      "category": "vaping",
      "timestamp": "2025-07-23T17:13:36.132Z",
      "note": "",
      "date": "Wed Jul 23 2025"
    },
    {
      "id": 1753291208134,
      "type": "smoked",
      "category": "alcohol",
      "timestamp": "2025-07-23T17:20:08.132Z",
      "note": "",
      "date": "Wed Jul 23 2025",
      "cost": 1
    },
    {
      "id": 1753291226136,
      "type": "smoked",
      "category": "alcohol",
      "timestamp": "2025-07-23T17:20:26.132Z",
      "note": "",
      "date": "Wed Jul 23 2025",
      "cost": 1.25
    },
    {
      "id": 1753292401132,
      "type": "smoked",
      "category": "vaping",
      "timestamp": "2025-07-23T17:40:01.132Z",
      "note": "",
      "date": "Wed Jul 23 2025"
    },
    {
      "id": 1753293246132,
      "type": "craving",
      "category": "alcohol",
      "timestamp": "2025-07-23T17:53:46.132Z",
      "note": "",
      "date": "Wed Jul 23 2025",
      "intensity": 2
    },
    {
      "id": 1753293264132,
      "type": "smoked",
      "category": "alcohol",
      "timestamp": "2025-07-23T17:54:24.132Z",
      "note": "",
      "date": "Wed Jul 23 2025",
      "cost": 1
    },
    {
      "id": 1753293941132,
      "type": "smoked",
      "category": "vaping",
      "timestamp": "2025-07-23T18:05:41.132Z",
      "note": "",
      "date": "Wed Jul 23 2025"
    },
    {
      "id": 1753296436132,
      "type": "smoked",
      "category": "vaping",
      "timestamp": "2025-07-23T18:47:16.132Z",
      "note": "",
      "date": "Wed Jul 23 2025"
    },
    {
      "id": 1753296770132,
      "type": "smoked",
      "category": "vaping",
      "timestamp": "2025-07-23T18:52:50.132Z",
      "note": "",
      "date": "Wed Jul 23 2025"
    },
    {
      "id": 1753299811132,
      "type": "smoked",
      "category": "vaping",
      "timestamp": "2025-07-23T19:43:31.132Z",
      "note": "",
      "date": "Wed Jul 23 2025"
    },
    {
      "id": 1753303460132,
      "type": "smoked",
      "category": "vaping",
      "timestamp": "2025-07-23T20:44:20.132Z",
      "note": "",
      "date": "Wed Jul 23 2025"
    },
    {
      "id": 1753307596135,
      "type": "smoked",
      "category": "alcohol",
      "timestamp": "2025-07-23T21:53:16.132Z",
      "note": "",
      "date": "Wed Jul 23 2025",
      "cost": 0.75
    },
    {
      "id": 1753308778137,
      "type": "smoked",
      "category": "alcohol",
      "timestamp": "2025-07-23T22:12:58.132Z",
      "note": "",
      "date": "Wed Jul 23 2025",
      "cost": 1.25
    },
    {
      "id": 1753308977133,
      "type": "smoked",
      "category": "alcohol",
      "timestamp": "2025-07-23T22:16:17.132Z",
      "note": "",
      "date": "Wed Jul 23 2025",
      "cost": 1
    },
    {
      "id": 1753344598132,
      "type": "smoked",
      "category": "vaping",
      "timestamp": "2025-07-24T08:09:58.132Z",
      "note": "",
      "date": "Thu Jul 24 2025"
    },
    {
      "id": 1753345131132,
      "type": "smoked",
      "category": "vaping",
      "timestamp": "2025-07-24T08:18:51.132Z",
      "note": "",
      "date": "Thu Jul 24 2025"
    },
    {
      "id": 1753353955132,
      "type": "smoked",
      "category": "vaping",
      "timestamp": "2025-07-24T10:45:55.132Z",
      "note": "",
      "date": "Thu Jul 24 2025"
    },
    {
      "id": 1753356392132,
      "type": "smoked",
      "category": "vaping",
      "timestamp": "2025-07-24T11:26:32.132Z",
      "note": "",
      "date": "Thu Jul 24 2025"
    },
    {
      "id": 1753359841132,
      "type": "smoked",
      "category": "vaping",
      "timestamp": "2025-07-24T12:24:01.132Z",
      "note": "",
      "date": "Thu Jul 24 2025"
    },
    {
      "id": 1753366004132,
      "type": "smoked",
      "category": "vaping",
      "timestamp": "2025-07-24T14:06:44.132Z",
      "note": "",
      "date": "Thu Jul 24 2025"
    },
    {
      "id": 1753375562132,
      "type": "smoked",
      "category": "vaping",
      "timestamp": "2025-07-24T16:46:02.132Z",
      "note": "",
      "date": "Thu Jul 24 2025"
    },
    {
      "id": 1753376992132,
      "type": "craving",
      "category": "vaping",
      "timestamp": "2025-07-24T17:09:42.132Z",
      "note": "",
      "date": "Thu Jul 24 2025",
      "intensity": 2
    },
    {
      "id": 1753382192132,
      "type": "craving",
      "category": "alcohol",
      "timestamp": "2025-07-24T18:36:12.132Z",
      "note": "",
      "date": "Thu Jul 24 2025",
      "intensity": 2
    },
    {
      "id": 1753382573134,
      "type": "craving",
      "category": "vaping",
      "timestamp": "2025-07-24T18:42:43.132Z",
      "note": "",
      "date": "Thu Jul 24 2025",
      "intensity": 2
    },
    {
      "id": 1753384120134,
      "type": "smoked",
      "category": "alcohol",
      "timestamp": "2025-07-24T19:08:40.132Z",
      "note": "",
      "date": "Thu Jul 24 2025",
      "cost": 1
    },
    {
      "id": 1753387171135,
      "type": "craving",
      "category": "vaping",
      "timestamp": "2025-07-24T19:59:21.132Z",
      "note": "",
      "date": "Thu Jul 24 2025",
      "intensity": 2
    },
    {
      "id": 1753389484132,
      "type": "smoked",
      "category": "alcohol",
      "timestamp": "2025-07-24T20:38:04.132Z",
      "note": "",
      "date": "Thu Jul 24 2025",
      "cost": 1
    },
    {
      "id": 1753394394133,
      "type": "craving",
      "category": "vaping",
      "timestamp": "2025-07-24T21:59:44.132Z",
      "note": "",
      "date": "Thu Jul 24 2025",
      "intensity": 2
    },
    {
      "id": 1753397027133,
      "type": "smoked",
      "category": "alcohol",
      "timestamp": "2025-07-24T22:43:47.132Z",
      "note": "",
      "date": "Thu Jul 24 2025",
      "cost": 1.25
    },
    {
      "id": 1753397811132,
      "type": "smoked",
      "category": "vaping",
      "timestamp": "2025-07-24T22:56:51.132Z",
      "note": "",
      "date": "Thu Jul 24 2025"
    },
    {
      "id": 1753430557132,
      "type": "smoked",
      "category": "vaping",
      "timestamp": "2025-07-25T08:02:37.132Z",
      "note": "",
      "date": "Fri Jul 25 2025"
    },
    {
      "id": 1753433143133,
      "type": "craving",
      "category": "vaping",
      "timestamp": "2025-07-25T08:45:33.132Z",
      "note": "",
      "date": "Fri Jul 25 2025",
      "intensity": 3
    },
    {
      "id": 1753434397132,
      "type": "smoked",
      "category": "vaping",
      "timestamp": "2025-07-25T09:06:37.132Z",
      "note": "",
      "date": "Fri Jul 25 2025"
    },
    {
      "id": 1753440347132,
      "type": "smoked",
      "category": "vaping",
      "timestamp": "2025-07-25T10:45:47.132Z",
      "note": "",
      "date": "Fri Jul 25 2025"
    },
    {
      "id": 1753461951132,
      "type": "smoked",
      "category": "vaping",
      "timestamp": "2025-07-25T16:45:51.132Z",
      "note": "",
      "date": "Fri Jul 25 2025"
    },
    {
      "id": 1753462484132,
      "type": "smoked",
      "category": "vaping",
      "timestamp": "2025-07-25T16:54:44.132Z",
      "note": "",
      "date": "Fri Jul 25 2025"
    },
    {
      "id": 1753463284132,
      "type": "smoked",
      "category": "vaping",
      "timestamp": "2025-07-25T17:08:04.132Z",
      "note": "",
      "date": "Fri Jul 25 2025"
    },
    {
      "id": 1753464555133,
      "type": "craving",
      "category": "alcohol",
      "timestamp": "2025-07-25T17:28:55.132Z",
      "note": "",
      "date": "Fri Jul 25 2025",
      "intensity": 1
    },
    {
      "id": 1753465025132,
      "type": "smoked",
      "category": "vaping",
      "timestamp": "2025-07-25T17:37:05.132Z",
      "note": "",
      "date": "Fri Jul 25 2025"
    },
    {
      "id": 1753467635134,
      "type": "smoked",
      "category": "alcohol",
      "timestamp": "2025-07-25T18:20:35.132Z",
      "note": "",
      "date": "Fri Jul 25 2025",
      "cost": 0.75
    },
    {
      "id": 1753467924132,
      "type": "craving",
      "category": "alcohol",
      "timestamp": "2025-07-25T18:25:04.132Z",
      "note": "",
      "date": "Fri Jul 25 2025",
      "intensity": 1
    },
    {
      "id": 1753470636133,
      "type": "smoked",
      "category": "alcohol",
      "timestamp": "2025-07-25T19:10:36.132Z",
      "note": "",
      "date": "Fri Jul 25 2025",
      "cost": 1
    },
    {
      "id": 1753471597132,
      "type": "craving",
      "category": "vaping",
      "timestamp": "2025-07-25T19:26:27.132Z",
      "note": "",
      "date": "Fri Jul 25 2025",
      "intensity": 2
    },
    {
      "id": 1753472559132,
      "type": "smoked",
      "category": "vaping",
      "timestamp": "2025-07-25T19:42:39.132Z",
      "note": "",
      "date": "Fri Jul 25 2025"
    },
    {
      "id": 1753478748132,
      "type": "smoked",
      "category": "vaping",
      "timestamp": "2025-07-25T21:25:48.132Z",
      "note": "",
      "date": "Fri Jul 25 2025"
    },
    {
      "id": 1753479353132,
      "type": "smoked",
      "category": "vaping",
      "timestamp": "2025-07-25T21:35:53.132Z",
      "note": "",
      "date": "Fri Jul 25 2025"
    },
    {
      "id": 1753482756134,
      "type": "craving",
      "category": "vaping",
      "timestamp": "2025-07-25T22:32:26.132Z",
      "note": "",
      "date": "Fri Jul 25 2025",
      "intensity": 2
    },
    {
      "id": 1753484370132,
      "type": "smoked",
      "category": "alcohol",
      "timestamp": "2025-07-25T22:59:30.132Z",
      "note": "",
      "date": "Fri Jul 25 2025",
      "cost": 1
    },
    {
      "id": 1753517692132,
      "type": "smoked",
      "category": "vaping",
      "timestamp": "2025-07-26T08:14:52.132Z",
      "note": "",
      "date": "Sat Jul 26 2025"
    },
    {
      "id": 1753517837132,
      "type": "smoked",
      "category": "vaping",
      "timestamp": "2025-07-26T08:17:17.132Z",
      "note": "",
      "date": "Sat Jul 26 2025"
    },
    {
      "id": 1753524363132,
      "type": "smoked",
      "category": "vaping",
      "timestamp": "2025-07-26T10:06:03.132Z",
      "note": "",
      "date": "Sat Jul 26 2025"
    },
    {
      "id": 1753526363134,
      "type": "craving",
      "category": "vaping",
      "timestamp": "2025-07-26T10:39:13.132Z",
      "note": "",
      "date": "Sat Jul 26 2025",
      "intensity": 3
    },
    {
      "id": 1753532804132,
      "type": "smoked",
      "category": "vaping",
      "timestamp": "2025-07-26T12:26:44.132Z",
      "note": "",
      "date": "Sat Jul 26 2025"
    },
    {
      "id": 1753535599132,
      "type": "smoked",
      "category": "vaping",
      "timestamp": "2025-07-26T13:13:19.132Z",
      "note": "",
      "date": "Sat Jul 26 2025"
    },
    {
      "id": 1753537796132,
      "type": "smoked",
      "category": "vaping",
      "timestamp": "2025-07-26T13:49:56.132Z",
      "note": "",
      "date": "Sat Jul 26 2025"
    },
    {
      "id": 1753544846132,
      "type": "smoked",
      "category": "vaping",
      "timestamp": "2025-07-26T15:47:26.132Z",
      "note": "",
      "date": "Sat Jul 26 2025"
    },
    {
      "id": 1753545989132,
      "type": "craving",
      "category": "vaping",
      "timestamp": "2025-07-26T16:06:19.132Z",
      "note": "",
      "date": "Sat Jul 26 2025",
      "intensity": 3
    },
    {
      "id": 1753546814133,
      "type": "craving",
      "category": "vaping",
      "timestamp": "2025-07-26T16:20:04.132Z",
      "note": "",
      "date": "Sat Jul 26 2025",
      "intensity": 1
    },
    {
      "id": 1753549227132,
      "type": "smoked",
      "category": "vaping",
      "timestamp": "2025-07-26T17:00:27.132Z",
      "note": "",
      "date": "Sat Jul 26 2025"
    },
    {
      "id": 1753549441132,
      "type": "craving",
      "category": "alcohol",
      "timestamp": "2025-07-26T17:03:41.132Z",
      "note": "",
      "date": "Sat Jul 26 2025",
      "intensity": 2
    },
    {
      "id": 1753551421133,
      "type": "craving",
      "category": "alcohol",
      "timestamp": "2025-07-26T17:36:41.132Z",
      "note": "",
      "date": "Sat Jul 26 2025",
      "intensity": 3
    },
    {
      "id": 1753551811135,
      "type": "smoked",
      "category": "alcohol",
      "timestamp": "2025-07-26T17:43:31.132Z",
      "note": "",
      "date": "Sat Jul 26 2025",
      "cost": 1
    },
    {
      "id": 1753552999132,
      "type": "smoked",
      "category": "alcohol",
      "timestamp": "2025-07-26T18:03:19.132Z",
      "note": "",
      "date": "Sat Jul 26 2025",
      "cost": 1.25
    },
    {
      "id": 1753555505135,
      "type": "craving",
      "category": "vaping",
      "timestamp": "2025-07-26T18:44:55.132Z",
      "note": "",
      "date": "Sat Jul 26 2025",
      "intensity": 1
    },
    {
      "id": 1753558417132,
      "type": "smoked",
      "category": "vaping",
      "timestamp": "2025-07-26T19:33:37.132Z",
      "note": "",
      "date": "Sat Jul 26 2025"
    },
    {
      "id": 1753563006136,
      "type": "smoked",
      "category": "alcohol",
      "timestamp": "2025-07-26T20:50:06.132Z",
      "note": "",
      "date": "Sat Jul 26 2025",
      "cost": 1.25
    },
    {
      "id": 1753564134134,
      "type": "smoked",
      "category": "alcohol",
      "timestamp": "2025-07-26T21:08:54.132Z",
      "note": "",
      "date": "Sat Jul 26 2025",
      "cost": 1.25
    },
    {
      "id": 1753565294132,
      "type": "smoked",
      "category": "vaping",
      "timestamp": "2025-07-26T21:28:14.132Z",
      "note": "",
      "date": "Sat Jul 26 2025"
    },
    {
      "id": 1753568567132,
      "type": "smoked",
      "category": "vaping",
      "timestamp": "2025-07-26T22:22:47.132Z",
      "note": "",
      "date": "Sat Jul 26 2025"
    },
    {
      "id": 1753568769133,
      "type": "smoked",
      "category": "alcohol",
      "timestamp": "2025-07-26T22:26:09.132Z",
      "note": "",
      "date": "Sat Jul 26 2025",
      "cost": 1.25
    },
    {
      "id": 1753570048132,
      "type": "smoked",
      "category": "vaping",
      "timestamp": "2025-07-26T22:47:28.132Z",
      "note": "",
      "date": "Sat Jul 26 2025"
    },
    {
      "id": 1753606557132,
      "type": "smoked",
      "category": "vaping",
      "timestamp": "2025-07-27T08:55:57.132Z",
      "note": "",
      "date": "Sun Jul 27 2025"
    },
    {
      "id": 1753612591134,
      "type": "craving",
      "category": "vaping",
      "timestamp": "2025-07-27T10:36:21.132Z",
      "note": "",
      "date": "Sun Jul 27 2025",
      "intensity": 1
    },
    {
      "id": 1753612749132,
      "type": "smoked",
      "category": "vaping",
      "timestamp": "2025-07-27T10:39:09.132Z",
      "note": "",
      "date": "Sun Jul 27 2025"
    },
    {
      "id": 1753616703132,
      "type": "craving",
      "category": "vaping",
      "timestamp": "2025-07-27T11:44:53.132Z",
      "note": "",
      "date": "Sun Jul 27 2025",
      "intensity": 2
    },
    {
      "id": 1753624375132,
      "type": "smoked",
      "category": "vaping",
      "timestamp": "2025-07-27T13:52:55.132Z",
      "note": "",
      "date": "Sun Jul 27 2025"
    },
    {
      "id": 1753629032132,
      "type": "smoked",
      "category": "vaping",
      "timestamp": "2025-07-27T15:10:32.132Z",
      "note": "",
      "date": "Sun Jul 27 2025"
    },
    {
      "id": 1753629134132,
      "type": "craving",
      "category": "alcohol",
      "timestamp": "2025-07-27T15:11:54.132Z",
      "note": "",
      "date": "Sun Jul 27 2025",
      "intensity": 2
    },
    {
      "id": 1753635791132,
      "type": "smoked",
      "category": "vaping",
      "timestamp": "2025-07-27T17:03:11.132Z",
      "note": "",
      "date": "Sun Jul 27 2025"
    },
    {
      "id": 1753636391132,
      "type": "smoked",
      "category": "vaping",
      "timestamp": "2025-07-27T17:13:11.132Z",
      "note": "",
      "date": "Sun Jul 27 2025"
    },
    {
      "id": 1753639897132,
      "type": "smoked",
      "category": "vaping",
      "timestamp": "2025-07-27T18:11:37.132Z",
      "note": "",
      "date": "Sun Jul 27 2025"
    },
    {
      "id": 1753643202132,
      "type": "smoked",
      "category": "alcohol",
      "timestamp": "2025-07-27T19:06:42.132Z",
      "note": "",
      "date": "Sun Jul 27 2025",
      "cost": 0.75
    },
    {
      "id": 1753647866133,
      "type": "smoked",
      "category": "alcohol",
      "timestamp": "2025-07-27T20:24:26.132Z",
      "note": "",
      "date": "Sun Jul 27 2025",
      "cost": 1.25
    },
    {
      "id": 1753648774134,
      "type": "smoked",
      "category": "alcohol",
      "timestamp": "2025-07-27T20:39:34.132Z",
      "note": "",
      "date": "Sun Jul 27 2025",
      "cost": 1.25
    },
    {
      "id": 1753653565133,
      "type": "craving",
      "category": "vaping",
      "timestamp": "2025-07-27T21:59:15.132Z",
      "note": "",
      "date": "Sun Jul 27 2025",
      "intensity": 1
    },
    {
      "id": 1753654089132,
      "type": "smoked",
      "category": "vaping",
      "timestamp": "2025-07-27T22:08:09.132Z",
      "note": "",
      "date": "Sun Jul 27 2025"
    },
    {
      "id": 1753657064135,
      "type": "smoked",
      "category": "alcohol",
      "timestamp": "2025-07-27T22:57:44.132Z",
      "note": "",
      "date": "Sun Jul 27 2025",
      "cost": 1.25
    },
    {
      "id": 1753694043132,
      "type": "smoked",
      "category": "vaping",
      "timestamp": "2025-07-28T09:14:03.132Z",
      "note": "",
      "date": "Mon Jul 28 2025"
    },
    {
      "id": 1753694946132,
      "type": "smoked",
      "category": "vaping",
      "timestamp": "2025-07-28T09:29:06.132Z",
      "note": "",
      "date": "Mon Jul 28 2025"
    },
    {
      "id": 1753699596132,
      "type": "smoked",
      "category": "vaping",
      "timestamp": "2025-07-28T10:46:36.132Z",
      "note": "",
      "date": "Mon Jul 28 2025"
    },
    {
      "id": 1753705448132,
      "type": "smoked",
      "category": "vaping",
      "timestamp": "2025-07-28T12:24:08.132Z",
      "note": "",
      "date": "Mon Jul 28 2025"
    },
    {
      "id": 1753706802132,
      "type": "smoked",
      "category": "vaping",
      "timestamp": "2025-07-28T12:46:42.132Z",
      "note": "",
      "date": "Mon Jul 28 2025"
    },
    {
      "id": 1753711247132,
      "type": "smoked",
      "category": "vaping",
      "timestamp": "2025-07-28T14:00:47.132Z",
      "note": "",
      "date": "Mon Jul 28 2025"
    },
    {
      "id": 1753712711132,
      "type": "smoked",
      "category": "vaping",
      "timestamp": "2025-07-28T14:25:11.132Z",
      "note": "",
      "date": "Mon Jul 28 2025"
    },
    {
      "id": 1753712942132,
      "type": "smoked",
      "category": "vaping",
      "timestamp": "2025-07-28T14:29:02.132Z",
      "note": "",
      "date": "Mon Jul 28 2025"
    },
    {
      "id": 1753713050132,
      "type": "smoked",
      "category": "vaping",
      "timestamp": "2025-07-28T14:30:50.132Z",
      "note": "",
      "date": "Mon Jul 28 2025"
    },
    {
      "id": 1753713517132,
      "type": "smoked",
      "category": "vaping",
      "timestamp": "2025-07-28T14:38:37.132Z",
      "note": "",
      "date": "Mon Jul 28 2025"
    },
    {
      "id": 1753715434133,
      "type": "craving",
      "category": "alcohol",
      "timestamp": "2025-07-28T15:10:14.132Z",
      "note": "",
      "date": "Mon Jul 28 2025",
      "intensity": 2
    },
    {
      "id": 1753717020133,
      "type": "craving",
      "category": "vaping",
      "timestamp": "2025-07-28T15:36:50.132Z",
      "note": "",
      "date": "Mon Jul 28 2025",
      "intensity": 3
    },
    {
      "id": 1753724474133,
      "type": "smoked",
      "category": "alcohol",
      "timestamp": "2025-07-28T17:41:14.132Z",
      "note": "",
      "date": "Mon Jul 28 2025",
      "cost": 1.25
    },
    {
      "id": 1753725050132,
      "type": "craving",
      "category": "alcohol",
      "timestamp": "2025-07-28T17:50:30.132Z",
      "note": "",
      "date": "Mon Jul 28 2025",
      "intensity": 2
    },
    {
      "id": 1753731049132,
      "type": "smoked",
      "category": "alcohol",
      "timestamp": "2025-07-28T19:30:49.132Z",
      "note": "",
      "date": "Mon Jul 28 2025",
      "cost": 0.75
    },
    {
      "id": 1753733858132,
      "type": "smoked",
      "category": "vaping",
      "timestamp": "2025-07-28T20:17:38.132Z",
      "note": "",
      "date": "Mon Jul 28 2025"
    },
    {
      "id": 1753734539135,
      "type": "craving",
      "category": "vaping",
      "timestamp": "2025-07-28T20:28:49.132Z",
      "note": "",
      "date": "Mon Jul 28 2025",
      "intensity": 2
    },
    {
      "id": 1753738526134,
      "type": "smoked",
      "category": "alcohol",
      "timestamp": "2025-07-28T21:35:26.132Z",
      "note": "",
      "date": "Mon Jul 28 2025",
      "cost": 1
    },
    {
      "id": 1753739438137,
      "type": "craving",
      "category": "vaping",
      "timestamp": "2025-07-28T21:50:28.132Z",
      "note": "",
      "date": "Mon Jul 28 2025",
      "intensity": 2
    },
    {
      "id": 1753739714134,
      "type": "craving",
      "category": "vaping",
      "timestamp": "2025-07-28T21:55:04.132Z",
      "note": "",
      "date": "Mon Jul 28 2025",
      "intensity": 2
    },
    {
      "id": 1753740895136,
      "type": "craving",
      "category": "vaping",
      "timestamp": "2025-07-28T22:14:45.132Z",
      "note": "",
      "date": "Mon Jul 28 2025",
      "intensity": 1
    },
    {
      "id": 1753742291132,
      "type": "craving",
      "category": "vaping",
      "timestamp": "2025-07-28T22:38:01.132Z",
      "note": "",
      "date": "Mon Jul 28 2025",
      "intensity": 2
    },
    {
      "id": 1753779756135,
      "type": "craving",
      "category": "vaping",
      "timestamp": "2025-07-29T09:02:26.132Z",
      "note": "",
      "date": "Tue Jul 29 2025",
      "intensity": 1
    },
    {
      "id": 1753781457134,
      "type": "craving",
      "category": "vaping",
      "timestamp": "2025-07-29T09:30:47.132Z",
      "note": "",
      "date": "Tue Jul 29 2025",
      "intensity": 2
    },
    {
      "id": 1753790182132,
      "type": "smoked",
      "category": "vaping",
      "timestamp": "2025-07-29T11:56:22.132Z",
      "note": "",
      "date": "Tue Jul 29 2025"
    },
    {
      "id": 1753793447132,
      "type": "smoked",
      "category": "vaping",
      "timestamp": "2025-07-29T12:50:47.132Z",
      "note": "",
      "date": "Tue Jul 29 2025"
    },
    {
      "id": 1753793595132,
      "type": "smoked",
      "category": "vaping",
      "timestamp": "2025-07-29T12:53:15.132Z",
      "note": "",
      "date": "Tue Jul 29 2025"
    },
    {
      "id": 1753797864132,
      "type": "craving",
      "category": "vaping",
      "timestamp": "2025-07-29T14:04:14.132Z",
      "note": "",
      "date": "Tue Jul 29 2025",
      "intensity": 3
    },
    {
      "id": 1753802204132,
      "type": "craving",
      "category": "alcohol",
      "timestamp": "2025-07-29T15:16:24.132Z",
      "note": "",
      "date": "Tue Jul 29 2025",
      "intensity": 2
    },
    {
      "id": 1753802964132,
      "type": "smoked",
      "category": "vaping",
      "timestamp": "2025-07-29T15:29:24.132Z",
      "note": "",
      "date": "Tue Jul 29 2025"
    },
    {
      "id": 1753809308134,
      "type": "smoked",
      "category": "alcohol",
      "timestamp": "2025-07-29T17:15:08.132Z",
      "note": "",
      "date": "Tue Jul 29 2025",
      "cost": 1
    },
    {
      "id": 1753812173132,
      "type": "smoked",
      "category": "vaping",
      "timestamp": "2025-07-29T18:02:53.132Z",
      "note": "",
      "date": "Tue Jul 29 2025"
    },
    {
      "id": 1753812223132,
      "type": "smoked",
      "category": "vaping",
      "timestamp": "2025-07-29T18:03:43.132Z",
      "note": "",
      "date": "Tue Jul 29 2025"
    },
    {
      "id": 1753813873136,
      "type": "craving",
      "category": "vaping",
      "timestamp": "2025-07-29T18:31:03.132Z",
      "note": "",
      "date": "Tue Jul 29 2025",
      "intensity": 2
    },
    {
      "id": 1753814096132,
      "type": "smoked",
      "category": "vaping",
      "timestamp": "2025-07-29T18:34:56.132Z",
      "note": "",
      "date": "Tue Jul 29 2025"
    },
    {
      "id": 1753814115132,
      "type": "smoked",
      "category": "alcohol",
      "timestamp": "2025-07-29T18:35:15.132Z",
      "note": "",
      "date": "Tue Jul 29 2025",
      "cost": 1
    },
    {
      "id": 1753817488133,
      "type": "smoked",
      "category": "alcohol",
      "timestamp": "2025-07-29T19:31:28.132Z",
      "note": "",
      "date": "Tue Jul 29 2025",
      "cost": 1
    },
    {
      "id": 1753818780132,
      "type": "smoked",
      "category": "vaping",
      "timestamp": "2025-07-29T19:53:00.132Z",
      "note": "",
      "date": "Tue Jul 29 2025"
    },
    {
      "id": 1753824306132,
      "type": "smoked",
      "category": "vaping",
      "timestamp": "2025-07-29T21:25:06.132Z",
      "note": "",
      "date": "Tue Jul 29 2025"
    },
    {
      "id": 1753824336135,
      "type": "smoked",
      "category": "alcohol",
      "timestamp": "2025-07-29T21:25:36.132Z",
      "note": "",
      "date": "Tue Jul 29 2025",
      "cost": 0.75
    },
    {
      "id": 1753824461133,
      "type": "craving",
      "category": "vaping",
      "timestamp": "2025-07-29T21:27:31.132Z",
      "note": "",
      "date": "Tue Jul 29 2025",
      "intensity": 1
    },
    {
      "id": 1753826700132,
      "type": "smoked",
      "category": "vaping",
      "timestamp": "2025-07-29T22:05:00.132Z",
      "note": "",
      "date": "Tue Jul 29 2025"
    },
    {
      "id": 1753828417137,
      "type": "craving",
      "category": "vaping",
      "timestamp": "2025-07-29T22:33:27.132Z",
      "note": "",
      "date": "Tue Jul 29 2025",
      "intensity": 3
    },
    {
      "id": 1753828731132,
      "type": "smoked",
      "category": "vaping",
      "timestamp": "2025-07-29T22:38:51.132Z",
      "note": "",
      "date": "Tue Jul 29 2025"
    },
    {
      "id": 1753863357132,
      "type": "smoked",
      "category": "vaping",
      "timestamp": "2025-07-30T08:15:57.132Z",
      "note": "",
      "date": "Wed Jul 30 2025"
    },
    {
      "id": 1753869701132,
      "type": "craving",
      "category": "vaping",
      "timestamp": "2025-07-30T10:01:31.132Z",
      "note": "",
      "date": "Wed Jul 30 2025",
      "intensity": 3
    },
    {
      "id": 1753876054135,
      "type": "craving",
      "category": "vaping",
      "timestamp": "2025-07-30T11:47:24.132Z",
      "note": "",
      "date": "Wed Jul 30 2025",
      "intensity": 2
    },
    {
      "id": 1753876214132,
      "type": "smoked",
      "category": "vaping",
      "timestamp": "2025-07-30T11:50:14.132Z",
      "note": "",
      "date": "Wed Jul 30 2025"
    },
    {
      "id": 1753876324132,
      "type": "smoked",
      "category": "vaping",
      "timestamp": "2025-07-30T11:52:04.132Z",
      "note": "",
      "date": "Wed Jul 30 2025"
    },
    {
      "id": 1753883853132,
      "type": "smoked",
      "category": "vaping",
      "timestamp": "2025-07-30T13:57:33.132Z",
      "note": "",
      "date": "Wed Jul 30 2025"
    },
    {
      "id": 1753884575132,
      "type": "smoked",
      "category": "vaping",
      "timestamp": "2025-07-30T14:09:35.132Z",
      "note": "",
      "date": "Wed Jul 30 2025"
    },
    {
      "id": 1753887190134,
      "type": "craving",
      "category": "vaping",
      "timestamp": "2025-07-30T14:53:00.132Z",
      "note": "",
      "date": "Wed Jul 30 2025",
      "intensity": 2
    },
    {
      "id": 1753890060132,
      "type": "smoked",
      "category": "vaping",
      "timestamp": "2025-07-30T15:41:00.132Z",
      "note": "",
      "date": "Wed Jul 30 2025"
    },
    {
      "id": 1753891481132,
      "type": "craving",
      "category": "alcohol",
      "timestamp": "2025-07-30T16:04:21.132Z",
      "note": "",
      "date": "Wed Jul 30 2025",
      "intensity": 1
    },
    {
      "id": 1753896192132,
      "type": "smoked",
      "category": "vaping",
      "timestamp": "2025-07-30T17:23:12.132Z",
      "note": "",
      "date": "Wed Jul 30 2025"
    },
    {
      "id": 1753897320132,
      "type": "smoked",
      "category": "vaping",
      "timestamp": "2025-07-30T17:42:00.132Z",
      "note": "",
      "date": "Wed Jul 30 2025"
    },
    {
      "id": 1753904445137,
      "type": "smoked",
      "category": "alcohol",
      "timestamp": "2025-07-30T19:40:45.132Z",
      "note": "",
      "date": "Wed Jul 30 2025",
      "cost": 1
    },
    {
      "id": 1753906392132,
      "type": "smoked",
      "category": "alcohol",
      "timestamp": "2025-07-30T20:13:12.132Z",
      "note": "",
      "date": "Wed Jul 30 2025",
      "cost": 1.25
    },
    {
      "id": 1753907827133,
      "type": "craving",
      "category": "vaping",
      "timestamp": "2025-07-30T20:36:57.132Z",
      "note": "",
      "date": "Wed Jul 30 2025",
      "intensity": 2
    },
    {
      "id": 1753908297134,
      "type": "smoked",
      "category": "alcohol",
      "timestamp": "2025-07-30T20:44:57.132Z",
      "note": "",
      "date": "Wed Jul 30 2025",
      "cost": 0.75
    },
    {
      "id": 1753909267133,
      "type": "smoked",
      "category": "alcohol",
      "timestamp": "2025-07-30T21:01:07.132Z",
      "note": "",
      "date": "Wed Jul 30 2025",
      "cost": 1
    },
    {
      "id": 1753912110135,
      "type": "smoked",
      "category": "alcohol",
      "timestamp": "2025-07-30T21:48:30.132Z",
      "note": "",
      "date": "Wed Jul 30 2025",
      "cost": 0.75
    },
    {
      "id": 1753912669132,
      "type": "smoked",
      "category": "vaping",
      "timestamp": "2025-07-30T21:57:49.132Z",
      "note": "",
      "date": "Wed Jul 30 2025"
    },
    {
      "id": 1753913644136,
      "type": "smoked",
      "category": "alcohol",
      "timestamp": "2025-07-30T22:14:04.132Z",
      "note": "",
      "date": "Wed Jul 30 2025",
      "cost": 1
    },
    {
      "id": 1753948270132,
      "type": "smoked",
      "category": "vaping",
      "timestamp": "2025-07-31T07:51:10.132Z",
      "note": "",
      "date": "Thu Jul 31 2025"
    },
    {
      "id": 1753951885134,
      "type": "craving",
      "category": "vaping",
      "timestamp": "2025-07-31T08:51:15.132Z",
      "note": "",
      "date": "Thu Jul 31 2025",
      "intensity": 1
    },
    {
      "id": 1753956115132,
      "type": "smoked",
      "category": "vaping",
      "timestamp": "2025-07-31T10:01:55.132Z",
      "note": "",
      "date": "Thu Jul 31 2025"
    },
    {
      "id": 1753959295132,
      "type": "smoked",
      "category": "vaping",
      "timestamp": "2025-07-31T10:54:55.132Z",
      "note": "",
      "date": "Thu Jul 31 2025"
    },
    {
      "id": 1753963665132,
      "type": "smoked",
      "category": "vaping",
      "timestamp": "2025-07-31T12:07:45.132Z",
      "note": "",
      "date": "Thu Jul 31 2025"
    },
    {
      "id": 1753967946132,
      "type": "smoked",
      "category": "vaping",
      "timestamp": "2025-07-31T13:19:06.132Z",
      "note": "",
      "date": "Thu Jul 31 2025"
    },
    {
      "id": 1753973943132,
      "type": "smoked",
      "category": "vaping",
      "timestamp": "2025-07-31T14:59:03.132Z",
      "note": "",
      "date": "Thu Jul 31 2025"
    },
    {
      "id": 1753974096132,
      "type": "craving",
      "category": "vaping",
      "timestamp": "2025-07-31T15:01:26.132Z",
      "note": "",
      "date": "Thu Jul 31 2025",
      "intensity": 3
    },
    {
      "id": 1753975738132,
      "type": "smoked",
      "category": "vaping",
      "timestamp": "2025-07-31T15:28:58.132Z",
      "note": "",
      "date": "Thu Jul 31 2025"
    },
    {
      "id": 1753976325135,
      "type": "craving",
      "category": "vaping",
      "timestamp": "2025-07-31T15:38:35.132Z",
      "note": "",
      "date": "Thu Jul 31 2025",
      "intensity": 1
    },
    {
      "id": 1753976699132,
      "type": "smoked",
      "category": "vaping",
      "timestamp": "2025-07-31T15:44:59.132Z",
      "note": "",
      "date": "Thu Jul 31 2025"
    },
    {
      "id": 1753977408132,
      "type": "smoked",
      "category": "vaping",
      "timestamp": "2025-07-31T15:56:48.132Z",
      "note": "",
      "date": "Thu Jul 31 2025"
    },
    {
      "id": 1753982286136,
      "type": "smoked",
      "category": "alcohol",
      "timestamp": "2025-07-31T17:18:06.132Z",
      "note": "",
      "date": "Thu Jul 31 2025",
      "cost": 1
    },
    {
      "id": 1753984070132,
      "type": "craving",
      "category": "alcohol",
      "timestamp": "2025-07-31T17:47:30.132Z",
      "note": "",
      "date": "Thu Jul 31 2025",
      "intensity": 3
    },
    {
      "id": 1753985064137,
      "type": "smoked",
      "category": "alcohol",
      "timestamp": "2025-07-31T18:04:24.132Z",
      "note": "",
      "date": "Thu Jul 31 2025",
      "cost": 1
    },
    {
      "id": 1753985517135,
      "type": "smoked",
      "category": "alcohol",
      "timestamp": "2025-07-31T18:11:57.132Z",
      "note": "",
      "date": "Thu Jul 31 2025",
      "cost": 0.75
    },
    {
      "id": 1753986566132,
      "type": "smoked",
      "category": "vaping",
      "timestamp": "2025-07-31T18:29:26.132Z",
      "note": "",
      "date": "Thu Jul 31 2025"
    },
    {
      "id": 1753987802132,
      "type": "smoked",
      "category": "alcohol",
      "timestamp": "2025-07-31T18:50:02.132Z",
      "note": "",
      "date": "Thu Jul 31 2025",
      "cost": 1
    },
    {
      "id": 1753994842134,
      "type": "smoked",
      "category": "alcohol",
      "timestamp": "2025-07-31T20:47:22.132Z",
      "note": "",
      "date": "Thu Jul 31 2025",
      "cost": 1
    },
    {
      "id": 1753999112132,
      "type": "smoked",
      "category": "vaping",
      "timestamp": "2025-07-31T21:58:32.132Z",
      "note": "",
      "date": "Thu Jul 31 2025"
    },
    {
      "id": 1754001855133,
      "type": "smoked",
      "category": "alcohol",
      "timestamp": "2025-07-31T22:44:15.132Z",
      "note": "",
      "date": "Thu Jul 31 2025",
      "cost": 1
    },
    {
      "id": 1754002225133,
      "type": "craving",
      "category": "vaping",
      "timestamp": "2025-07-31T22:50:15.132Z",
      "note": "",
      "date": "Thu Jul 31 2025",
      "intensity": 2
    },
    {
      "id": 1754037556133,
      "type": "craving",
      "category": "vaping",
      "timestamp": "2025-08-01T08:39:06.132Z",
      "note": "",
      "date": "Fri Aug 01 2025",
      "intensity": 2
    },
    {
      "id": 1754039164135,
      "type": "craving",
      "category": "vaping",
      "timestamp": "2025-08-01T09:05:54.132Z",
      "note": "",
      "date": "Fri Aug 01 2025",
      "intensity": 2
    },
    {
      "id": 1754040978134,
      "type": "craving",
      "category": "vaping",
      "timestamp": "2025-08-01T09:36:08.132Z",
      "note": "",
      "date": "Fri Aug 01 2025",
      "intensity": 2
    },
    {
      "id": 1754053900132,
      "type": "smoked",
      "category": "vaping",
      "timestamp": "2025-08-01T13:11:40.132Z",
      "note": "",
      "date": "Fri Aug 01 2025"
    },
    {
      "id": 1754056488132,
      "type": "smoked",
      "category": "vaping",
      "timestamp": "2025-08-01T13:54:48.132Z",
      "note": "",
      "date": "Fri Aug 01 2025"
    },
    {
      "id": 1754066944132,
      "type": "craving",
      "category": "vaping",
      "timestamp": "2025-08-01T16:48:54.132Z",
      "note": "",
      "date": "Fri Aug 01 2025",
      "intensity": 1
    },
    {
      "id": 1754070580132,
      "type": "smoked",
      "category": "vaping",
      "timestamp": "2025-08-01T17:49:40.132Z",
      "note": "",
      "date": "Fri Aug 01 2025"
    },
    {
      "id": 1754070754136,
      "type": "smoked",
      "category": "alcohol",
      "timestamp": "2025-08-01T17:52:34.132Z",
      "note": "",
      "date": "Fri Aug 01 2025",
      "cost": 1
    },
    {
      "id": 1754071254133,
      "type": "smoked",
      "category": "alcohol",
      "timestamp": "2025-08-01T18:00:54.132Z",
      "note": "",
      "date": "Fri Aug 01 2025",
      "cost": 0.75
    },
    {
      "id": 1754072976132,
      "type": "smoked",
      "category": "vaping",
      "timestamp": "2025-08-01T18:29:36.132Z",
      "note": "",
      "date": "Fri Aug 01 2025"
    },
    {
      "id": 1754074154132,
      "type": "craving",
      "category": "alcohol",
      "timestamp": "2025-08-01T18:48:54.132Z",
      "note": "",
      "date": "Fri Aug 01 2025",
      "intensity": 2
    },
    {
      "id": 1754074598135,
      "type": "smoked",
      "category": "alcohol",
      "timestamp": "2025-08-01T18:56:38.132Z",
      "note": "",
      "date": "Fri Aug 01 2025",
      "cost": 1.25
    },
    {
      "id": 1754075408132,
      "type": "smoked",
      "category": "vaping",
      "timestamp": "2025-08-01T19:10:08.132Z",
      "note": "",
      "date": "Fri Aug 01 2025"
    },
    {
      "id": 1754077500134,
      "type": "smoked",
      "category": "alcohol",
      "timestamp": "2025-08-01T19:45:00.132Z",
      "note": "",
      "date": "Fri Aug 01 2025",
      "cost": 0.75
    },
    {
      "id": 1754083159132,
      "type": "smoked",
      "category": "vaping",
      "timestamp": "2025-08-01T21:19:19.132Z",
      "note": "",
      "date": "Fri Aug 01 2025"
    },
    {
      "id": 1754084538132,
      "type": "smoked",
      "category": "vaping",
      "timestamp": "2025-08-01T21:42:18.132Z",
      "note": "",
      "date": "Fri Aug 01 2025"
    },
    {
      "id": 1754087050132,
      "type": "smoked",
      "category": "vaping",
      "timestamp": "2025-08-01T22:24:10.132Z",
      "note": "",
      "date": "Fri Aug 01 2025"
    },
    {
      "id": 1754087245132,
      "type": "smoked",
      "category": "vaping",
      "timestamp": "2025-08-01T22:27:25.132Z",
      "note": "",
      "date": "Fri Aug 01 2025"
    },
    {
      "id": 1754087511137,
      "type": "smoked",
      "category": "alcohol",
      "timestamp": "2025-08-01T22:31:51.132Z",
      "note": "",
      "date": "Fri Aug 01 2025",
      "cost": 1
    },
    {
      "id": 1754088350132,
      "type": "smoked",
      "category": "alcohol",
      "timestamp": "2025-08-01T22:45:50.132Z",
      "note": "",
      "date": "Fri Aug 01 2025",
      "cost": 1
    },
    {
      "id": 1754120487133,
      "type": "craving",
      "category": "vaping",
      "timestamp": "2025-08-02T07:41:17.132Z",
      "note": "",
      "date": "Sat Aug 02 2025",
      "intensity": 1
    },
    {
      "id": 1754134324132,
      "type": "smoked",
      "category": "vaping",
      "timestamp": "2025-08-02T11:32:04.132Z",
      "note": "",
      "date": "Sat Aug 02 2025"
    },
    {
      "id": 1754134965132,
      "type": "smoked",
      "category": "vaping",
      "timestamp": "2025-08-02T11:42:45.132Z",
      "note": "",
      "date": "Sat Aug 02 2025"
    },
    {
      "id": 1754137407135,
      "type": "craving",
      "category": "vaping",
      "timestamp": "2025-08-02T12:23:17.132Z",
      "note": "",
      "date": "Sat Aug 02 2025",
      "intensity": 1
    },
    {
      "id": 1754139689132,
      "type": "smoked",
      "category": "vaping",
      "timestamp": "2025-08-02T13:01:29.132Z",
      "note": "",
      "date": "Sat Aug 02 2025"
    },
    {
      "id": 1754140716132,
      "type": "craving",
      "category": "vaping",
      "timestamp": "2025-08-02T13:18:26.132Z",
      "note": "",
      "date": "Sat Aug 02 2025",
      "intensity": 1
    },
    {
      "id": 1754141157132,
      "type": "smoked",
      "category": "vaping",
      "timestamp": "2025-08-02T13:25:57.132Z",
      "note": "",
      "date": "Sat Aug 02 2025"
    },
    {
      "id": 1754147879132,
      "type": "craving",
      "category": "alcohol",
      "timestamp": "2025-08-02T15:17:39.132Z",
      "note": "",
      "date": "Sat Aug 02 2025",
      "intensity": 2
    },
    {
      "id": 1754152662132,
      "type": "smoked",
      "category": "vaping",
      "timestamp": "2025-08-02T16:37:42.132Z",
      "note": "",
      "date": "Sat Aug 02 2025"
    },
    {
      "id": 1754158146134,
      "type": "smoked",
      "category": "alcohol",
      "timestamp": "2025-08-02T18:09:06.132Z",
      "note": "",
      "date": "Sat Aug 02 2025",
      "cost": 1.25
    },
    {
      "id": 1754159205132,
      "type": "smoked",
      "category": "alcohol",
      "timestamp": "2025-08-02T18:26:45.132Z",
      "note": "",
      "date": "Sat Aug 02 2025",
      "cost": 0.75
    },
    {
      "id": 1754159720132,
      "type": "smoked",
      "category": "vaping",
      "timestamp": "2025-08-02T18:35:20.132Z",
      "note": "",
      "date": "Sat Aug 02 2025"
    },
    {
      "id": 1754160821133,
      "type": "craving",
      "category": "alcohol",
      "timestamp": "2025-08-02T18:53:21.132Z",
      "note": "",
      "date": "Sat Aug 02 2025",
      "intensity": 1
    },
    {
      "id": 1754162401133,
      "type": "smoked",
      "category": "alcohol",
      "timestamp": "2025-08-02T19:20:01.132Z",
      "note": "",
      "date": "Sat Aug 02 2025",
      "cost": 1
    },
    {
      "id": 1754163454134,
      "type": "craving",
      "category": "vaping",
      "timestamp": "2025-08-02T19:37:24.132Z",
      "note": "",
      "date": "Sat Aug 02 2025",
      "intensity": 2
    },
    {
      "id": 1754163446135,
      "type": "smoked",
      "category": "alcohol",
      "timestamp": "2025-08-02T19:37:26.132Z",
      "note": "",
      "date": "Sat Aug 02 2025",
      "cost": 1
    },
    {
      "id": 1754166388132,
      "type": "smoked",
      "category": "vaping",
      "timestamp": "2025-08-02T20:26:28.132Z",
      "note": "",
      "date": "Sat Aug 02 2025"
    },
    {
      "id": 1754169020136,
      "type": "craving",
      "category": "vaping",
      "timestamp": "2025-08-02T21:10:10.132Z",
      "note": "",
      "date": "Sat Aug 02 2025",
      "intensity": 2
    },
    {
      "id": 1754170359136,
      "type": "smoked",
      "category": "alcohol",
      "timestamp": "2025-08-02T21:32:39.132Z",
      "note": "",
      "date": "Sat Aug 02 2025",
      "cost": 1
    },
    {
      "id": 1754174224132,
      "type": "smoked",
      "category": "vaping",
      "timestamp": "2025-08-02T22:37:04.132Z",
      "note": "",
      "date": "Sat Aug 02 2025"
    },
    {
      "id": 1754206217132,
      "type": "smoked",
      "category": "vaping",
      "timestamp": "2025-08-03T07:30:17.132Z",
      "note": "",
      "date": "Sun Aug 03 2025"
    },
    {
      "id": 1754207787132,
      "type": "smoked",
      "category": "vaping",
      "timestamp": "2025-08-03T07:56:27.132Z",
      "note": "",
      "date": "Sun Aug 03 2025"
    },
    {
      "id": 1754210018132,
      "type": "smoked",
      "category": "vaping",
      "timestamp": "2025-08-03T08:33:38.132Z",
      "note": "",
      "date": "Sun Aug 03 2025"
    },
    {
      "id": 1754212884132,
      "type": "smoked",
      "category": "vaping",
      "timestamp": "2025-08-03T09:21:24.132Z",
      "note": "",
      "date": "Sun Aug 03 2025"
    },
    {
      "id": 1754213706132,
      "type": "smoked",
      "category": "vaping",
      "timestamp": "2025-08-03T09:35:06.132Z",
      "note": "",
      "date": "Sun Aug 03 2025"
    },
    {
      "id": 1754219175137,
      "type": "craving",
      "category": "vaping",
      "timestamp": "2025-08-03T11:06:05.132Z",
      "note": "",
      "date": "Sun Aug 03 2025",
      "intensity": 3
    },
    {
      "id": 1754226123133,
      "type": "craving",
      "category": "vaping",
      "timestamp": "2025-08-03T13:01:53.132Z",
      "note": "",
      "date": "Sun Aug 03 2025",
      "intensity": 3
    },
    {
      "id": 1754228185135,
      "type": "craving",
      "category": "vaping",
      "timestamp": "2025-08-03T13:36:15.132Z",
      "note": "",
      "date": "Sun Aug 03 2025",
      "intensity": 1
    },
    {
      "id": 1754229184132,
      "type": "smoked",
      "category": "vaping",
      "timestamp": "2025-08-03T13:53:04.132Z",
      "note": "",
      "date": "Sun Aug 03 2025"
    },
    {
      "id": 1754230693134,
      "type": "craving",
      "category": "vaping",
      "timestamp": "2025-08-03T14:18:03.132Z",
      "note": "",
      "date": "Sun Aug 03 2025",
      "intensity": 2
    },
    {
      "id": 1754231948132,
      "type": "smoked",
      "category": "vaping",
      "timestamp": "2025-08-03T14:39:08.132Z",
      "note": "",
      "date": "Sun Aug 03 2025"
    },
    {
      "id": 1754241208132,
      "type": "smoked",
      "category": "vaping",
      "timestamp": "2025-08-03T17:13:28.132Z",
      "note": "",
      "date": "Sun Aug 03 2025"
    },
    {
      "id": 1754242133132,
      "type": "craving",
      "category": "alcohol",
      "timestamp": "2025-08-03T17:28:33.132Z",
      "note": "",
      "date": "Sun Aug 03 2025",
      "intensity": 2
    },
    {
      "id": 1754243931134,
      "type": "smoked",
      "category": "alcohol",
      "timestamp": "2025-08-03T17:58:51.132Z",
      "note": "",
      "date": "Sun Aug 03 2025",
      "cost": 1.25
    },
    {
      "id": 1754245181132,
      "type": "smoked",
      "category": "vaping",
      "timestamp": "2025-08-03T18:19:41.132Z",
      "note": "",
      "date": "Sun Aug 03 2025"
    },
    {
      "id": 1754247260136,
      "type": "smoked",
      "category": "alcohol",
      "timestamp": "2025-08-03T18:54:20.132Z",
      "note": "",
      "date": "Sun Aug 03 2025",
      "cost": 1
    },
    {
      "id": 1754248194132,
      "type": "smoked",
      "category": "vaping",
      "timestamp": "2025-08-03T19:09:54.132Z",
      "note": "",
      "date": "Sun Aug 03 2025"
    },
    {
      "id": 1754248834132,
      "type": "smoked",
      "category": "alcohol",
      "timestamp": "2025-08-03T19:20:34.132Z",
      "note": "",
      "date": "Sun Aug 03 2025",
      "cost": 1
    },
    {
      "id": 1754250568133,
      "type": "smoked",
      "category": "alcohol",
      "timestamp": "2025-08-03T19:49:28.132Z",
      "note": "",
      "date": "Sun Aug 03 2025",
      "cost": 1
    },
    {
      "id": 1754253842136,
      "type": "craving",
      "category": "vaping",
      "timestamp": "2025-08-03T20:43:52.132Z",
      "note": "",
      "date": "Sun Aug 03 2025",
      "intensity": 3
    },
    {
      "id": 1754255473135,
      "type": "smoked",
      "category": "alcohol",
      "timestamp": "2025-08-03T21:11:13.132Z",
      "note": "",
      "date": "Sun Aug 03 2025",
      "cost": 1
    },
    {
      "id": 1754257655132,
      "type": "smoked",
      "category": "vaping",
      "timestamp": "2025-08-03T21:47:35.132Z",
      "note": "",
      "date": "Sun Aug 03 2025"
    },
    {
      "id": 1754257809132,
      "type": "craving",
      "category": "vaping",
      "timestamp": "2025-08-03T21:49:59.132Z",
      "note": "",
      "date": "Sun Aug 03 2025",
      "intensity": 2
    },
    {
      "id": 1754260366132,
      "type": "smoked",
      "category": "vaping",
      "timestamp": "2025-08-03T22:32:46.132Z",
      "note": "",
      "date": "Sun Aug 03 2025"
    },
    {
      "id": 1754295949132,
      "type": "craving",
      "category": "vaping",
      "timestamp": "2025-08-04T08:25:39.132Z",
      "note": "",
      "date": "Mon Aug 04 2025",
      "intensity": 3
    },
    {
      "id": 1754300174134,
      "type": "craving",
      "category": "vaping",
      "timestamp": "2025-08-04T09:36:04.132Z",
      "note": "",
      "date": "Mon Aug 04 2025",
      "intensity": 2
    },
    {
      "id": 1754300764132,
      "type": "smoked",
      "category": "vaping",
      "timestamp": "2025-08-04T09:46:04.132Z",
      "note": "",
      "date": "Mon Aug 04 2025"
    },
    {
      "id": 1754300835132,
      "type": "smoked",
      "category": "vaping",
      "timestamp": "2025-08-04T09:47:15.132Z",
      "note": "",
      "date": "Mon Aug 04 2025"
    },
    {
      "id": 1754301627132,
      "type": "smoked",
      "category": "vaping",
      "timestamp": "2025-08-04T10:00:27.132Z",
      "note": "",
      "date": "Mon Aug 04 2025"
    },
    {
      "id": 1754317022132,
      "type": "smoked",
      "category": "vaping",
      "timestamp": "2025-08-04T14:17:02.132Z",
      "note": "",
      "date": "Mon Aug 04 2025"
    },
    {
      "id": 1754318117132,
      "type": "smoked",
      "category": "vaping",
      "timestamp": "2025-08-04T14:35:17.132Z",
      "note": "",
      "date": "Mon Aug 04 2025"
    },
    {
      "id": 1754319553132,
      "type": "smoked",
      "category": "vaping",
      "timestamp": "2025-08-04T14:59:13.132Z",
      "note": "",
      "date": "Mon Aug 04 2025"
    },
    {
      "id": 1754319840133,
      "type": "craving",
      "category": "alcohol",
      "timestamp": "2025-08-04T15:03:40.132Z",
      "note": "",
      "date": "Mon Aug 04 2025",
      "intensity": 1
    },
    {
      "id": 1754323896132,
      "type": "smoked",
      "category": "vaping",
      "timestamp": "2025-08-04T16:11:36.132Z",
      "note": "",
      "date": "Mon Aug 04 2025"
    },
    {
      "id": 1754324040132,
      "type": "smoked",
      "category": "vaping",
      "timestamp": "2025-08-04T16:14:00.132Z",
      "note": "",
      "date": "Mon Aug 04 2025"
    },
    {
      "id": 1754326726132,
      "type": "smoked",
      "category": "vaping",
      "timestamp": "2025-08-04T16:58:46.132Z",
      "note": "",
      "date": "Mon Aug 04 2025"
    },
    {
      "id": 1754327427132,
      "type": "craving",
      "category": "alcohol",
      "timestamp": "2025-08-04T17:10:07.132Z",
      "note": "",
      "date": "Mon Aug 04 2025",
      "intensity": 3
    },
    {
      "id": 1754332172132,
      "type": "smoked",
      "category": "alcohol",
      "timestamp": "2025-08-04T18:29:32.132Z",
      "note": "",
      "date": "Mon Aug 04 2025",
      "cost": 1.25
    },
    {
      "id": 1754334223133,
      "type": "craving",
      "category": "vaping",
      "timestamp": "2025-08-04T19:03:33.132Z",
      "note": "",
      "date": "Mon Aug 04 2025",
      "intensity": 2
    },
    {
      "id": 1754338205134,
      "type": "smoked",
      "category": "alcohol",
      "timestamp": "2025-08-04T20:10:05.132Z",
      "note": "",
      "date": "Mon Aug 04 2025",
      "cost": 0.75
    },
    {
      "id": 1754344314136,
      "type": "smoked",
      "category": "alcohol",
      "timestamp": "2025-08-04T21:51:54.132Z",
      "note": "",
      "date": "Mon Aug 04 2025",
      "cost": 1
    },
    {
      "id": 1754346500133,
      "type": "smoked",
      "category": "alcohol",
      "timestamp": "2025-08-04T22:28:20.132Z",
      "note": "",
      "date": "Mon Aug 04 2025",
      "cost": 1.25
    },
    {
      "id": 1754348358135,
      "type": "smoked",
      "category": "alcohol",
      "timestamp": "2025-08-04T22:59:18.132Z",
      "note": "",
      "date": "Mon Aug 04 2025",
      "cost": 1.25
    },
    {
      "id": 1754378021132,
      "type": "smoked",
      "category": "vaping",
      "timestamp": "2025-08-05T07:13:41.132Z",
      "note": "",
      "date": "Tue Aug 05 2025"
    },
    {
      "id": 1754381653133,
      "type": "craving",
      "category": "vaping",
      "timestamp": "2025-08-05T08:14:03.132Z",
      "note": "",
      "date": "Tue Aug 05 2025",
      "intensity": 1
    },
    {
      "id": 1754384636132,
      "type": "smoked",
      "category": "vaping",
      "timestamp": "2025-08-05T09:03:56.132Z",
      "note": "",
      "date": "Tue Aug 05 2025"
    },
    {
      "id": 1754393851132,
      "type": "smoked",
      "category": "vaping",
      "timestamp": "2025-08-05T11:37:31.132Z",
      "note": "",
      "date": "Tue Aug 05 2025"
    },
    {
      "id": 1754394063132,
      "type": "smoked",
      "category": "vaping",
      "timestamp": "2025-08-05T11:41:03.132Z",
      "note": "",
      "date": "Tue Aug 05 2025"
    },
    {
      "id": 1754397386132,
      "type": "smoked",
      "category": "vaping",
      "timestamp": "2025-08-05T12:36:26.132Z",
      "note": "",
      "date": "Tue Aug 05 2025"
    },
    {
      "id": 1754399486135,
      "type": "craving",
      "category": "vaping",
      "timestamp": "2025-08-05T13:11:16.132Z",
      "note": "",
      "date": "Tue Aug 05 2025",
      "intensity": 3
    },
    {
      "id": 1754401345132,
      "type": "smoked",
      "category": "vaping",
      "timestamp": "2025-08-05T13:42:25.132Z",
      "note": "",
      "date": "Tue Aug 05 2025"
    },
    {
      "id": 1754404280132,
      "type": "craving",
      "category": "vaping",
      "timestamp": "2025-08-05T14:31:10.132Z",
      "note": "",
      "date": "Tue Aug 05 2025",
      "intensity": 3
    },
    {
      "id": 1754409539132,
      "type": "smoked",
      "category": "vaping",
      "timestamp": "2025-08-05T15:58:59.132Z",
      "note": "",
      "date": "Tue Aug 05 2025"
    },
    {
      "id": 1754411707136,
      "type": "craving",
      "category": "vaping",
      "timestamp": "2025-08-05T16:34:57.132Z",
      "note": "",
      "date": "Tue Aug 05 2025",
      "intensity": 3
    },
    {
      "id": 1754411787132,
      "type": "craving",
      "category": "alcohol",
      "timestamp": "2025-08-05T16:36:07.132Z",
      "note": "",
      "date": "Tue Aug 05 2025",
      "intensity": 3
    },
    {
      "id": 1754412731137,
      "type": "craving",
      "category": "vaping",
      "timestamp": "2025-08-05T16:52:01.132Z",
      "note": "",
      "date": "Tue Aug 05 2025",
      "intensity": 3
    },
    {
      "id": 1754413640133,
      "type": "smoked",
      "category": "alcohol",
      "timestamp": "2025-08-05T17:07:20.132Z",
      "note": "",
      "date": "Tue Aug 05 2025",
      "cost": 0.75
    },
    {
      "id": 1754415045132,
      "type": "smoked",
      "category": "alcohol",
      "timestamp": "2025-08-05T17:30:45.132Z",
      "note": "",
      "date": "Tue Aug 05 2025",
      "cost": 0.75
    },
    {
      "id": 1754416714136,
      "type": "smoked",
      "category": "alcohol",
      "timestamp": "2025-08-05T17:58:34.132Z",
      "note": "",
      "date": "Tue Aug 05 2025",
      "cost": 1
    },
    {
      "id": 1754426079135,
      "type": "smoked",
      "category": "alcohol",
      "timestamp": "2025-08-05T20:34:39.132Z",
      "note": "",
      "date": "Tue Aug 05 2025",
      "cost": 0.75
    },
    {
      "id": 1754428506134,
      "type": "smoked",
      "category": "alcohol",
      "timestamp": "2025-08-05T21:15:06.132Z",
      "note": "",
      "date": "Tue Aug 05 2025",
      "cost": 1
    },
    {
      "id": 1754428556134,
      "type": "craving",
      "category": "vaping",
      "timestamp": "2025-08-05T21:15:46.132Z",
      "note": "",
      "date": "Tue Aug 05 2025",
      "intensity": 2
    },
    {
      "id": 1754432316132,
      "type": "smoked",
      "category": "vaping",
      "timestamp": "2025-08-05T22:18:36.132Z",
      "note": "",
      "date": "Tue Aug 05 2025"
    },
    {
      "id": 1754432670132,
      "type": "smoked",
      "category": "vaping",
      "timestamp": "2025-08-05T22:24:30.132Z",
      "note": "",
      "date": "Tue Aug 05 2025"
    },
    {
      "id": 1754434267137,
      "type": "smoked",
      "category": "alcohol",
      "timestamp": "2025-08-05T22:51:07.132Z",
      "note": "",
      "date": "Tue Aug 05 2025",
      "cost": 1.25
    },
    {
      "id": 1754463628132,
      "type": "smoked",
      "category": "vaping",
      "timestamp": "2025-08-06T07:00:28.132Z",
      "note": "",
      "date": "Wed Aug 06 2025"
    },
    {
      "id": 1754466297132,
      "type": "smoked",
      "category": "vaping",
      "timestamp": "2025-08-06T07:44:57.132Z",
      "note": "",
      "date": "Wed Aug 06 2025"
    },
    {
      "id": 1754466554132,
      "type": "smoked",
      "category": "vaping",
      "timestamp": "2025-08-06T07:49:14.132Z",
      "note": "",
      "date": "Wed Aug 06 2025"
    },
    {
      "id": 1754471707132,
      "type": "smoked",
      "category": "vaping",
      "timestamp": "2025-08-06T09:15:07.132Z",
      "note": "",
      "date": "Wed Aug 06 2025"
    },
    {
      "id": 1754474920132,
      "type": "smoked",
      "category": "vaping",
      "timestamp": "2025-08-06T10:08:40.132Z",
      "note": "",
      "date": "Wed Aug 06 2025"
    },
    {
      "id": 1754481074133,
      "type": "craving",
      "category": "vaping",
      "timestamp": "2025-08-06T11:51:04.132Z",
      "note": "",
      "date": "Wed Aug 06 2025",
      "intensity": 3
    },
    {
      "id": 1754485586132,
      "type": "smoked",
      "category": "vaping",
      "timestamp": "2025-08-06T13:06:26.132Z",
      "note": "",
      "date": "Wed Aug 06 2025"
    },
    {
      "id": 1754495582132,
      "type": "craving",
      "category": "alcohol",
      "timestamp": "2025-08-06T15:52:42.132Z",
      "note": "",
      "date": "Wed Aug 06 2025",
      "intensity": 2
    },
    {
      "id": 1754502595132,
      "type": "craving",
      "category": "vaping",
      "timestamp": "2025-08-06T17:49:45.132Z",
      "note": "",
      "date": "Wed Aug 06 2025",
      "intensity": 3
    },
    {
      "id": 1754503584132,
      "type": "smoked",
      "category": "vaping",
      "timestamp": "2025-08-06T18:06:24.132Z",
      "note": "",
      "date": "Wed Aug 06 2025"
    },
    {
      "id": 1754505789134,
      "type": "smoked",
      "category": "alcohol",
      "timestamp": "2025-08-06T18:43:09.132Z",
      "note": "",
      "date": "Wed Aug 06 2025",
      "cost": 0.75
    },
    {
      "id": 1754506374132,
      "type": "smoked",
      "category": "vaping",
      "timestamp": "2025-08-06T18:52:54.132Z",
      "note": "",
      "date": "Wed Aug 06 2025"
    },
    {
      "id": 1754508948132,
      "type": "smoked",
      "category": "vaping",
      "timestamp": "2025-08-06T19:35:48.132Z",
      "note": "",
      "date": "Wed Aug 06 2025"
    },
    {
      "id": 1754509900132,
      "type": "smoked",
      "category": "alcohol",
      "timestamp": "2025-08-06T19:51:40.132Z",
      "note": "",
      "date": "Wed Aug 06 2025",
      "cost": 1
    },
    {
      "id": 1754515007132,
      "type": "smoked",
      "category": "vaping",
      "timestamp": "2025-08-06T21:16:47.132Z",
      "note": "",
      "date": "Wed Aug 06 2025"
    },
    {
      "id": 1754516070134,
      "type": "craving",
      "category": "vaping",
      "timestamp": "2025-08-06T21:34:20.132Z",
      "note": "",
      "date": "Wed Aug 06 2025",
      "intensity": 1
    },
    {
      "id": 1754516445132,
      "type": "smoked",
      "category": "vaping",
      "timestamp": "2025-08-06T21:40:45.132Z",
      "note": "",
      "date": "Wed Aug 06 2025"
    },
    {
      "id": 1754517552133,
      "type": "smoked",
      "category": "alcohol",
      "timestamp": "2025-08-06T21:59:12.132Z",
      "note": "",
      "date": "Wed Aug 06 2025",
      "cost": 1
    },
    {
      "id": 1754520635135,
      "type": "smoked",
      "category": "alcohol",
      "timestamp": "2025-08-06T22:50:35.132Z",
      "note": "",
      "date": "Wed Aug 06 2025",
      "cost": 1.25
    },
    {
      "id": 1754551434132,
      "type": "smoked",
      "category": "vaping",
      "timestamp": "2025-08-07T07:23:54.132Z",
      "note": "",
      "date": "Thu Aug 07 2025"
    },
    {
      "id": 1754555227132,
      "type": "smoked",
      "category": "vaping",
      "timestamp": "2025-08-07T08:27:07.132Z",
      "note": "",
      "date": "Thu Aug 07 2025"
    },
    {
      "id": 1754561898132,
      "type": "smoked",
      "category": "vaping",
      "timestamp": "2025-08-07T10:18:18.132Z",
      "note": "",
      "date": "Thu Aug 07 2025"
    },
    {
      "id": 1754562364132,
      "type": "craving",
      "category": "vaping",
      "timestamp": "2025-08-07T10:25:54.132Z",
      "note": "",
      "date": "Thu Aug 07 2025",
      "intensity": 1
    },
    {
      "id": 1754582550134,
      "type": "craving",
      "category": "vaping",
      "timestamp": "2025-08-07T16:02:20.132Z",
      "note": "",
      "date": "Thu Aug 07 2025",
      "intensity": 3
    },
    {
      "id": 1754584251132,
      "type": "smoked",
      "category": "vaping",
      "timestamp": "2025-08-07T16:30:51.132Z",
      "note": "",
      "date": "Thu Aug 07 2025"
    },
    {
      "id": 1754584320133,
      "type": "craving",
      "category": "vaping",
      "timestamp": "2025-08-07T16:31:50.132Z",
      "note": "",
      "date": "Thu Aug 07 2025",
      "intensity": 1
    },
    {
      "id": 1754585903132,
      "type": "smoked",
      "category": "vaping",
      "timestamp": "2025-08-07T16:58:23.132Z",
      "note": "",
      "date": "Thu Aug 07 2025"
    },
    {
      "id": 1754589415135,
      "type": "smoked",
      "category": "alcohol",
      "timestamp": "2025-08-07T17:56:55.132Z",
      "note": "",
      "date": "Thu Aug 07 2025",
      "cost": 0.75
    },
    {
      "id": 1754589826132,
      "type": "smoked",
      "category": "alcohol",
      "timestamp": "2025-08-07T18:03:46.132Z",
      "note": "",
      "date": "Thu Aug 07 2025",
      "cost": 1
    },
    {
      "id": 1754590141134,
      "type": "smoked",
      "category": "alcohol",
      "timestamp": "2025-08-07T18:09:01.132Z",
      "note": "",
      "date": "Thu Aug 07 2025",
      "cost": 0.75
    },
    {
      "id": 1754590380132,
      "type": "craving",
      "category": "alcohol",
      "timestamp": "2025-08-07T18:12:40.132Z",
      "note": "",
      "date": "Thu Aug 07 2025",
      "intensity": 3
    },
    {
      "id": 1754593360133,
      "type": "smoked",
      "category": "alcohol",
      "timestamp": "2025-08-07T19:02:40.132Z",
      "note": "",
      "date": "Thu Aug 07 2025",
      "cost": 0.75
    },
    {
      "id": 1754594618132,
      "type": "smoked",
      "category": "vaping",
      "timestamp": "2025-08-07T19:23:38.132Z",
      "note": "",
      "date": "Thu Aug 07 2025"
    },
    {
      "id": 1754595313132,
      "type": "smoked",
      "category": "vaping",
      "timestamp": "2025-08-07T19:35:13.132Z",
      "note": "",
      "date": "Thu Aug 07 2025"
    },
    {
      "id": 1754605380132,
      "type": "smoked",
      "category": "vaping",
      "timestamp": "2025-08-07T22:23:00.132Z",
      "note": "",
      "date": "Thu Aug 07 2025"
    },
    {
      "id": 1754642473132,
      "type": "smoked",
      "category": "vaping",
      "timestamp": "2025-08-08T08:41:13.132Z",
      "note": "",
      "date": "Fri Aug 08 2025"
    },
    {
      "id": 1754642867132,
      "type": "smoked",
      "category": "vaping",
      "timestamp": "2025-08-08T08:47:47.132Z",
      "note": "",
      "date": "Fri Aug 08 2025"
    },
    {
      "id": 1754645179132,
      "type": "smoked",
      "category": "vaping",
      "timestamp": "2025-08-08T09:26:19.132Z",
      "note": "",
      "date": "Fri Aug 08 2025"
    },
    {
      "id": 1754649794132,
      "type": "smoked",
      "category": "vaping",
      "timestamp": "2025-08-08T10:43:14.132Z",
      "note": "",
      "date": "Fri Aug 08 2025"
    },
    {
      "id": 1754650574132,
      "type": "smoked",
      "category": "vaping",
      "timestamp": "2025-08-08T10:56:14.132Z",
      "note": "",
      "date": "Fri Aug 08 2025"
    },
    {
      "id": 1754671237132,
      "type": "craving",
      "category": "vaping",
      "timestamp": "2025-08-08T16:40:27.132Z",
      "note": "",
      "date": "Fri Aug 08 2025",
      "intensity": 2
    },
    {
      "id": 1754673427132,
      "type": "smoked",
      "category": "vaping",
      "timestamp": "2025-08-08T17:17:07.132Z",
      "note": "",
      "date": "Fri Aug 08 2025"
    },
    {
      "id": 1754674097133,
      "type": "craving",
      "category": "vaping",
      "timestamp": "2025-08-08T17:28:07.132Z",
      "note": "",
      "date": "Fri Aug 08 2025",
      "intensity": 1
    },
    {
      "id": 1754675692132,
      "type": "smoked",
      "category": "vaping",
      "timestamp": "2025-08-08T17:54:52.132Z",
      "note": "",
      "date": "Fri Aug 08 2025"
    },
    {
      "id": 1754676925134,
      "type": "smoked",
      "category": "alcohol",
      "timestamp": "2025-08-08T18:15:25.132Z",
      "note": "",
      "date": "Fri Aug 08 2025",
      "cost": 1.25
    },
    {
      "id": 1754677776133,
      "type": "smoked",
      "category": "alcohol",
      "timestamp": "2025-08-08T18:29:36.132Z",
      "note": "",
      "date": "Fri Aug 08 2025",
      "cost": 1
    },
    {
      "id": 1754678945132,
      "type": "craving",
      "category": "alcohol",
      "timestamp": "2025-08-08T18:48:45.132Z",
      "note": "",
      "date": "Fri Aug 08 2025",
      "intensity": 2
    },
    {
      "id": 1754683767132,
      "type": "smoked",
      "category": "vaping",
      "timestamp": "2025-08-08T20:09:27.132Z",
      "note": "",
      "date": "Fri Aug 08 2025"
    },
    {
      "id": 1754686565136,
      "type": "craving",
      "category": "vaping",
      "timestamp": "2025-08-08T20:55:55.132Z",
      "note": "",
      "date": "Fri Aug 08 2025",
      "intensity": 3
    },
    {
      "id": 1754687827132,
      "type": "smoked",
      "category": "vaping",
      "timestamp": "2025-08-08T21:17:07.132Z",
      "note": "",
      "date": "Fri Aug 08 2025"
    },
    {
      "id": 1754688424135,
      "type": "craving",
      "category": "vaping",
      "timestamp": "2025-08-08T21:26:54.132Z",
      "note": "",
      "date": "Fri Aug 08 2025",
      "intensity": 1
    },
    {
      "id": 1754689004132,
      "type": "smoked",
      "category": "alcohol",
      "timestamp": "2025-08-08T21:36:44.132Z",
      "note": "",
      "date": "Fri Aug 08 2025",
      "cost": 0.75
    },
    {
      "id": 1754690126134,
      "type": "craving",
      "category": "vaping",
      "timestamp": "2025-08-08T21:55:16.132Z",
      "note": "",
      "date": "Fri Aug 08 2025",
      "intensity": 3
    },
    {
      "id": 1754691956132,
      "type": "smoked",
      "category": "vaping",
      "timestamp": "2025-08-08T22:25:56.132Z",
      "note": "",
      "date": "Fri Aug 08 2025"
    },
    {
      "id": 1754727905132,
      "type": "smoked",
      "category": "vaping",
      "timestamp": "2025-08-09T08:25:05.132Z",
      "note": "",
      "date": "Sat Aug 09 2025"
    },
    {
      "id": 1754729072132,
      "type": "smoked",
      "category": "vaping",
      "timestamp": "2025-08-09T08:44:32.132Z",
      "note": "",
      "date": "Sat Aug 09 2025"
    },
    {
      "id": 1754729284132,
      "type": "smoked",
      "category": "vaping",
      "timestamp": "2025-08-09T08:48:04.132Z",
      "note": "",
      "date": "Sat Aug 09 2025"
    },
    {
      "id": 1754732985132,
      "type": "smoked",
      "category": "vaping",
      "timestamp": "2025-08-09T09:49:45.132Z",
      "note": "",
      "date": "Sat Aug 09 2025"
    },
    {
      "id": 1754735810132,
      "type": "smoked",
      "category": "vaping",
      "timestamp": "2025-08-09T10:36:50.132Z",
      "note": "",
      "date": "Sat Aug 09 2025"
    },
    {
      "id": 1754749400132,
      "type": "smoked",
      "category": "vaping",
      "timestamp": "2025-08-09T14:23:20.132Z",
      "note": "",
      "date": "Sat Aug 09 2025"
    },
    {
      "id": 1754749420132,
      "type": "smoked",
      "category": "vaping",
      "timestamp": "2025-08-09T14:23:40.132Z",
      "note": "",
      "date": "Sat Aug 09 2025"
    },
    {
      "id": 1754749774133,
      "type": "craving",
      "category": "vaping",
      "timestamp": "2025-08-09T14:29:24.132Z",
      "note": "",
      "date": "Sat Aug 09 2025",
      "intensity": 2
    },
    {
      "id": 1754750757132,
      "type": "smoked",
      "category": "vaping",
      "timestamp": "2025-08-09T14:45:57.132Z",
      "note": "",
      "date": "Sat Aug 09 2025"
    },
    {
      "id": 1754754498132,
      "type": "smoked",
      "category": "vaping",
      "timestamp": "2025-08-09T15:48:18.132Z",
      "note": "",
      "date": "Sat Aug 09 2025"
    },
    {
      "id": 1754755534132,
      "type": "craving",
      "category": "alcohol",
      "timestamp": "2025-08-09T16:05:14.132Z",
      "note": "",
      "date": "Sat Aug 09 2025",
      "intensity": 3
    },
    {
      "id": 1754758941132,
      "type": "smoked",
      "category": "vaping",
      "timestamp": "2025-08-09T17:02:21.132Z",
      "note": "",
      "date": "Sat Aug 09 2025"
    },
    {
      "id": 1754761431132,
      "type": "craving",
      "category": "vaping",
      "timestamp": "2025-08-09T17:43:41.132Z",
      "note": "",
      "date": "Sat Aug 09 2025",
      "intensity": 2
    },
    {
      "id": 1754763800132,
      "type": "smoked",
      "category": "vaping",
      "timestamp": "2025-08-09T18:23:20.132Z",
      "note": "",
      "date": "Sat Aug 09 2025"
    },
    {
      "id": 1754767364134,
      "type": "craving",
      "category": "vaping",
      "timestamp": "2025-08-09T19:22:34.132Z",
      "note": "",
      "date": "Sat Aug 09 2025",
      "intensity": 1
    },
    {
      "id": 1754774809134,
      "type": "smoked",
      "category": "alcohol",
      "timestamp": "2025-08-09T21:26:49.132Z",
      "note": "",
      "date": "Sat Aug 09 2025",
      "cost": 1
    },
    {
      "id": 1754775274132,
      "type": "smoked",
      "category": "vaping",
      "timestamp": "2025-08-09T21:34:34.132Z",
      "note": "",
      "date": "Sat Aug 09 2025"
    },
    {
      "id": 1754775817133,
      "type": "smoked",
      "category": "alcohol",
      "timestamp": "2025-08-09T21:43:37.132Z",
      "note": "",
      "date": "Sat Aug 09 2025",
      "cost": 0.75
    },
    {
      "id": 1754776057136,
      "type": "smoked",
      "category": "alcohol",
      "timestamp": "2025-08-09T21:47:37.132Z",
      "note": "",
      "date": "Sat Aug 09 2025",
      "cost": 0.75
    },
    {
      "id": 1754776469135,
      "type": "smoked",
      "category": "alcohol",
      "timestamp": "2025-08-09T21:54:29.132Z",
      "note": "",
      "date": "Sat Aug 09 2025",
      "cost": 1
    },
    {
      "id": 1754778702132,
      "type": "smoked",
      "category": "alcohol",
      "timestamp": "2025-08-09T22:31:42.132Z",
      "note": "",
      "date": "Sat Aug 09 2025",
      "cost": 1
    },
    {
      "id": 1754809308132,
      "type": "smoked",
      "category": "vaping",
      "timestamp": "2025-08-10T07:01:48.132Z",
      "note": "",
      "date": "Sun Aug 10 2025"
    },
    {
      "id": 1754813794134,
      "type": "craving",
      "category": "vaping",
      "timestamp": "2025-08-10T08:16:24.132Z",
      "note": "",
      "date": "Sun Aug 10 2025",
      "intensity": 1
    },
    {
      "id": 1754821751135,
      "type": "craving",
      "category": "vaping",
      "timestamp": "2025-08-10T10:29:01.132Z",
      "note": "",
      "date": "Sun Aug 10 2025",
      "intensity": 3
    },
    {
      "id": 1754825327136,
      "type": "craving",
      "category": "vaping",
      "timestamp": "2025-08-10T11:28:37.132Z",
      "note": "",
      "date": "Sun Aug 10 2025",
      "intensity": 2
    },
    {
      "id": 1754829038132,
      "type": "smoked",
      "category": "vaping",
      "timestamp": "2025-08-10T12:30:38.132Z",
      "note": "",
      "date": "Sun Aug 10 2025"
    },
    {
      "id": 1754832877132,
      "type": "craving",
      "category": "vaping",
      "timestamp": "2025-08-10T13:34:27.132Z",
      "note": "",
      "date": "Sun Aug 10 2025",
      "intensity": 3
    },
    {
      "id": 1754836562132,
      "type": "smoked",
      "category": "vaping",
      "timestamp": "2025-08-10T14:36:02.132Z",
      "note": "",
      "date": "Sun Aug 10 2025"
    },
    {
      "id": 1754842840132,
      "type": "smoked",
      "category": "vaping",
      "timestamp": "2025-08-10T16:20:40.132Z",
      "note": "",
      "date": "Sun Aug 10 2025"
    },
    {
      "id": 1754845162132,
      "type": "smoked",
      "category": "vaping",
      "timestamp": "2025-08-10T16:59:22.132Z",
      "note": "",
      "date": "Sun Aug 10 2025"
    },
    {
      "id": 1754845731132,
      "type": "smoked",
      "category": "alcohol",
      "timestamp": "2025-08-10T17:08:51.132Z",
      "note": "",
      "date": "Sun Aug 10 2025",
      "cost": 0.75
    },
    {
      "id": 1754847553132,
      "type": "smoked",
      "category": "vaping",
      "timestamp": "2025-08-10T17:39:13.132Z",
      "note": "",
      "date": "Sun Aug 10 2025"
    },
    {
      "id": 1754850179135,
      "type": "smoked",
      "category": "alcohol",
      "timestamp": "2025-08-10T18:22:59.132Z",
      "note": "",
      "date": "Sun Aug 10 2025",
      "cost": 0.75
    },
    {
      "id": 1754850625136,
      "type": "smoked",
      "category": "alcohol",
      "timestamp": "2025-08-10T18:30:25.132Z",
      "note": "",
      "date": "Sun Aug 10 2025",
      "cost": 0.75
    },
    {
      "id": 1754851314132,
      "type": "craving",
      "category": "alcohol",
      "timestamp": "2025-08-10T18:41:34.132Z",
      "note": "",
      "date": "Sun Aug 10 2025",
      "intensity": 2
    },
    {
      "id": 1754854958134,
      "type": "smoked",
      "category": "alcohol",
      "timestamp": "2025-08-10T19:42:38.132Z",
      "note": "",
      "date": "Sun Aug 10 2025",
      "cost": 1
    },
    {
      "id": 1754856282132,
      "type": "smoked",
      "category": "vaping",
      "timestamp": "2025-08-10T20:04:42.132Z",
      "note": "",
      "date": "Sun Aug 10 2025"
    },
    {
      "id": 1754858619132,
      "type": "smoked",
      "category": "vaping",
      "timestamp": "2025-08-10T20:43:39.132Z",
      "note": "",
      "date": "Sun Aug 10 2025"
    },
    {
      "id": 1754860700133,
      "type": "smoked",
      "category": "alcohol",
      "timestamp": "2025-08-10T21:18:20.132Z",
      "note": "",
      "date": "Sun Aug 10 2025",
      "cost": 0.75
    },
    {
      "id": 1754866016133,
      "type": "craving",
      "category": "vaping",
      "timestamp": "2025-08-10T22:46:46.132Z",
      "note": "",
      "date": "Sun Aug 10 2025",
      "intensity": 2
    },
    {
      "id": 1754866499132,
      "type": "smoked",
      "category": "vaping",
      "timestamp": "2025-08-10T22:54:59.132Z",
      "note": "",
      "date": "Sun Aug 10 2025"
    },
    {
      "id": 1754897955132,
      "type": "smoked",
      "category": "vaping",
      "timestamp": "2025-08-11T07:39:15.132Z",
      "note": "",
      "date": "Mon Aug 11 2025"
    },
    {
      "id": 1754899381132,
      "type": "smoked",
      "category": "vaping",
      "timestamp": "2025-08-11T08:03:01.132Z",
      "note": "",
      "date": "Mon Aug 11 2025"
    },
    {
      "id": 1754902376132,
      "type": "smoked",
      "category": "vaping",
      "timestamp": "2025-08-11T08:52:56.132Z",
      "note": "",
      "date": "Mon Aug 11 2025"
    },
    {
      "id": 1754905226133,
      "type": "craving",
      "category": "vaping",
      "timestamp": "2025-08-11T09:40:16.132Z",
      "note": "",
      "date": "Mon Aug 11 2025",
      "intensity": 2
    },
    {
      "id": 1754905850132,
      "type": "smoked",
      "category": "vaping",
      "timestamp": "2025-08-11T09:50:50.132Z",
      "note": "",
      "date": "Mon Aug 11 2025"
    },
    {
      "id": 1754906121132,
      "type": "smoked",
      "category": "vaping",
      "timestamp": "2025-08-11T09:55:21.132Z",
      "note": "",
      "date": "Mon Aug 11 2025"
    },
    {
      "id": 1754908211132,
      "type": "smoked",
      "category": "vaping",
      "timestamp": "2025-08-11T10:30:11.132Z",
      "note": "",
      "date": "Mon Aug 11 2025"
    },
    {
      "id": 1754917517135,
      "type": "craving",
      "category": "vaping",
      "timestamp": "2025-08-11T13:05:07.132Z",
      "note": "",
      "date": "Mon Aug 11 2025",
      "intensity": 2
    },
    {
      "id": 1754929441132,
      "type": "smoked",
      "category": "vaping",
      "timestamp": "2025-08-11T16:24:01.132Z",
      "note": "",
      "date": "Mon Aug 11 2025"
    },
    {
      "id": 1754931384132,
      "type": "craving",
      "category": "alcohol",
      "timestamp": "2025-08-11T16:56:04.132Z",
      "note": "",
      "date": "Mon Aug 11 2025",
      "intensity": 1
    },
    {
      "id": 1754933872136,
      "type": "craving",
      "category": "vaping",
      "timestamp": "2025-08-11T17:37:42.132Z",
      "note": "",
      "date": "Mon Aug 11 2025",
      "intensity": 1
    },
    {
      "id": 1754935749135,
      "type": "smoked",
      "category": "alcohol",
      "timestamp": "2025-08-11T18:09:09.132Z",
      "note": "",
      "date": "Mon Aug 11 2025",
      "cost": 0.75
    },
    {
      "id": 1754937060133,
      "type": "craving",
      "category": "alcohol",
      "timestamp": "2025-08-11T18:30:40.132Z",
      "note": "",
      "date": "Mon Aug 11 2025",
      "intensity": 1
    },
    {
      "id": 1754940996132,
      "type": "smoked",
      "category": "vaping",
      "timestamp": "2025-08-11T19:36:36.132Z",
      "note": "",
      "date": "Mon Aug 11 2025"
    },
    {
      "id": 1754941319132,
      "type": "smoked",
      "category": "vaping",
      "timestamp": "2025-08-11T19:41:59.132Z",
      "note": "",
      "date": "Mon Aug 11 2025"
    },
    {
      "id": 1754943542134,
      "type": "smoked",
      "category": "alcohol",
      "timestamp": "2025-08-11T20:19:02.132Z",
      "note": "",
      "date": "Mon Aug 11 2025",
      "cost": 0.75
    },
    {
      "id": 1754948117132,
      "type": "craving",
      "category": "vaping",
      "timestamp": "2025-08-11T21:35:07.132Z",
      "note": "",
      "date": "Mon Aug 11 2025",
      "intensity": 2
    },
    {
      "id": 1754948631133,
      "type": "smoked",
      "category": "alcohol",
      "timestamp": "2025-08-11T21:43:51.132Z",
      "note": "",
      "date": "Mon Aug 11 2025",
      "cost": 0.75
    },
    {
      "id": 1754949772132,
      "type": "smoked",
      "category": "vaping",
      "timestamp": "2025-08-11T22:02:52.132Z",
      "note": "",
      "date": "Mon Aug 11 2025"
    },
    {
      "id": 1754950227134,
      "type": "craving",
      "category": "vaping",
      "timestamp": "2025-08-11T22:10:17.132Z",
      "note": "",
      "date": "Mon Aug 11 2025",
      "intensity": 3
    },
    {
      "id": 1754950448132,
      "type": "smoked",
      "category": "alcohol",
      "timestamp": "2025-08-11T22:14:08.132Z",
      "note": "",
      "date": "Mon Aug 11 2025",
      "cost": 1
    },
    {
      "id": 1754952370132,
      "type": "smoked",
      "category": "vaping",
      "timestamp": "2025-08-11T22:46:10.132Z",
      "note": "",
      "date": "Mon Aug 11 2025"
    },
    {
      "id": 1754987071132,
      "type": "smoked",
      "category": "vaping",
      "timestamp": "2025-08-12T08:24:31.132Z",
      "note": "",
      "date": "Tue Aug 12 2025"
    },
    {
      "id": 1754987783132,
      "type": "smoked",
      "category": "vaping",
      "timestamp": "2025-08-12T08:36:23.132Z",
      "note": "",
      "date": "Tue Aug 12 2025"
    },
    {
      "id": 1754988033132,
      "type": "smoked",
      "category": "vaping",
      "timestamp": "2025-08-12T08:40:33.132Z",
      "note": "",
      "date": "Tue Aug 12 2025"
    },
    {
      "id": 1754999737132,
      "type": "craving",
      "category": "vaping",
      "timestamp": "2025-08-12T11:55:27.132Z",
      "note": "",
      "date": "Tue Aug 12 2025",
      "intensity": 1
    },
    {
      "id": 1755001715132,
      "type": "smoked",
      "category": "vaping",
      "timestamp": "2025-08-12T12:28:35.132Z",
      "note": "",
      "date": "Tue Aug 12 2025"
    },
    {
      "id": 1755010193132,
      "type": "smoked",
      "category": "vaping",
      "timestamp": "2025-08-12T14:49:53.132Z",
      "note": "",
      "date": "Tue Aug 12 2025"
    },
    {
      "id": 1755011405134,
      "type": "craving",
      "category": "vaping",
      "timestamp": "2025-08-12T15:09:55.132Z",
      "note": "",
      "date": "Tue Aug 12 2025",
      "intensity": 1
    },
    {
      "id": 1755014263132,
      "type": "smoked",
      "category": "vaping",
      "timestamp": "2025-08-12T15:57:43.132Z",
      "note": "",
      "date": "Tue Aug 12 2025"
    },
    {
      "id": 1755015042132,
      "type": "craving",
      "category": "alcohol",
      "timestamp": "2025-08-12T16:10:22.132Z",
      "note": "",
      "date": "Tue Aug 12 2025",
      "intensity": 1
    },
    {
      "id": 1755018423135,
      "type": "smoked",
      "category": "alcohol",
      "timestamp": "2025-08-12T17:07:03.132Z",
      "note": "",
      "date": "Tue Aug 12 2025",
      "cost": 1
    },
    {
      "id": 1755020072132,
      "type": "smoked",
      "category": "vaping",
      "timestamp": "2025-08-12T17:34:32.132Z",
      "note": "",
      "date": "Tue Aug 12 2025"
    },
    {
      "id": 1755022209133,
      "type": "smoked",
      "category": "alcohol",
      "timestamp": "2025-08-12T18:10:09.132Z",
      "note": "",
      "date": "Tue Aug 12 2025",
      "cost": 1
    },
    {
      "id": 1755022745133,
      "type": "craving",
      "category": "vaping",
      "timestamp": "2025-08-12T18:18:55.132Z",
      "note": "",
      "date": "Tue Aug 12 2025",
      "intensity": 3
    },
    {
      "id": 1755022806132,
      "type": "smoked",
      "category": "alcohol",
      "timestamp": "2025-08-12T18:20:06.132Z",
      "note": "",
      "date": "Tue Aug 12 2025",
      "cost": 1
    },
    {
      "id": 1755023138132,
      "type": "smoked",
      "category": "vaping",
      "timestamp": "2025-08-12T18:25:38.132Z",
      "note": "",
      "date": "Tue Aug 12 2025"
    },
    {
      "id": 1755029010134,
      "type": "smoked",
      "category": "alcohol",
      "timestamp": "2025-08-12T20:03:30.132Z",
      "note": "",
      "date": "Tue Aug 12 2025",
      "cost": 0.75
    },
    {
      "id": 1755029628132,
      "type": "smoked",
      "category": "vaping",
      "timestamp": "2025-08-12T20:13:48.132Z",
      "note": "",
      "date": "Tue Aug 12 2025"
    },
    {
      "id": 1755031458132,
      "type": "smoked",
      "category": "vaping",
      "timestamp": "2025-08-12T20:44:18.132Z",
      "note": "",
      "date": "Tue Aug 12 2025"
    },
    {
      "id": 1755035023132,
      "type": "smoked",
      "category": "vaping",
      "timestamp": "2025-08-12T21:43:43.132Z",
      "note": "",
      "date": "Tue Aug 12 2025"
    },
    {
      "id": 1755038868132,
      "type": "smoked",
      "category": "vaping",
      "timestamp": "2025-08-12T22:47:48.132Z",
      "note": "",
      "date": "Tue Aug 12 2025"
    },
    {
      "id": 1755093419135,
      "type": "craving",
      "category": "vaping",
      "timestamp": "2025-08-13T13:56:49.132Z",
      "note": "",
      "date": "Wed Aug 13 2025",
      "intensity": 3
    },
    {
      "id": 1755097734132,
      "type": "smoked",
      "category": "vaping",
      "timestamp": "2025-08-13T15:08:54.132Z",
      "note": "",
      "date": "Wed Aug 13 2025"
    },
    {
      "id": 1755097765134,
      "type": "craving",
      "category": "vaping",
      "timestamp": "2025-08-13T15:09:15.132Z",
      "note": "",
      "date": "Wed Aug 13 2025",
      "intensity": 3
    },
    {
      "id": 1755098249132,
      "type": "smoked",
      "category": "vaping",
      "timestamp": "2025-08-13T15:17:29.132Z",
      "note": "",
      "date": "Wed Aug 13 2025"
    },
    {
      "id": 1755099143132,
      "type": "smoked",
      "category": "vaping",
      "timestamp": "2025-08-13T15:32:23.132Z",
      "note": "",
      "date": "Wed Aug 13 2025"
    },
    {
      "id": 1755101222132,
      "type": "craving",
      "category": "vaping",
      "timestamp": "2025-08-13T16:06:52.132Z",
      "note": "",
      "date": "Wed Aug 13 2025",
      "intensity": 3
    },
    {
      "id": 1755102989132,
      "type": "smoked",
      "category": "vaping",
      "timestamp": "2025-08-13T16:36:29.132Z",
      "note": "",
      "date": "Wed Aug 13 2025"
    },
    {
      "id": 1755103549132,
      "type": "smoked",
      "category": "vaping",
      "timestamp": "2025-08-13T16:45:49.132Z",
      "note": "",
      "date": "Wed Aug 13 2025"
    },
    {
      "id": 1755103689132,
      "type": "smoked",
      "category": "vaping",
      "timestamp": "2025-08-13T16:48:09.132Z",
      "note": "",
      "date": "Wed Aug 13 2025"
    },
    {
      "id": 1755109345132,
      "type": "craving",
      "category": "alcohol",
      "timestamp": "2025-08-13T18:22:05.132Z",
      "note": "",
      "date": "Wed Aug 13 2025",
      "intensity": 1
    },
    {
      "id": 1755109827132,
      "type": "smoked",
      "category": "vaping",
      "timestamp": "2025-08-13T18:30:27.132Z",
      "note": "",
      "date": "Wed Aug 13 2025"
    },
    {
      "id": 1755112929132,
      "type": "smoked",
      "category": "vaping",
      "timestamp": "2025-08-13T19:22:09.132Z",
      "note": "",
      "date": "Wed Aug 13 2025"
    },
    {
      "id": 1755112965133,
      "type": "craving",
      "category": "vaping",
      "timestamp": "2025-08-13T19:22:35.132Z",
      "note": "",
      "date": "Wed Aug 13 2025",
      "intensity": 3
    },
    {
      "id": 1755113839132,
      "type": "smoked",
      "category": "alcohol",
      "timestamp": "2025-08-13T19:37:19.132Z",
      "note": "",
      "date": "Wed Aug 13 2025",
      "cost": 1
    },
    {
      "id": 1755115493132,
      "type": "smoked",
      "category": "vaping",
      "timestamp": "2025-08-13T20:04:53.132Z",
      "note": "",
      "date": "Wed Aug 13 2025"
    },
    {
      "id": 1755121152134,
      "type": "smoked",
      "category": "alcohol",
      "timestamp": "2025-08-13T21:39:12.132Z",
      "note": "",
      "date": "Wed Aug 13 2025",
      "cost": 1.25
    },
    {
      "id": 1755123944133,
      "type": "smoked",
      "category": "alcohol",
      "timestamp": "2025-08-13T22:25:44.132Z",
      "note": "",
      "date": "Wed Aug 13 2025",
      "cost": 0.75
    },
    {
      "id": 1755166088133,
      "type": "craving",
      "category": "vaping",
      "timestamp": "2025-08-14T10:07:58.132Z",
      "note": "",
      "date": "Thu Aug 14 2025",
      "intensity": 3
    },
    {
      "id": 1755166249132,
      "type": "smoked",
      "category": "vaping",
      "timestamp": "2025-08-14T10:10:49.132Z",
      "note": "",
      "date": "Thu Aug 14 2025"
    },
    {
      "id": 1755172590135,
      "type": "craving",
      "category": "vaping",
      "timestamp": "2025-08-14T11:56:20.132Z",
      "note": "",
      "date": "Thu Aug 14 2025",
      "intensity": 3
    },
    {
      "id": 1755173035132,
      "type": "smoked",
      "category": "vaping",
      "timestamp": "2025-08-14T12:03:55.132Z",
      "note": "",
      "date": "Thu Aug 14 2025"
    },
    {
      "id": 1755180329132,
      "type": "smoked",
      "category": "vaping",
      "timestamp": "2025-08-14T14:05:29.132Z",
      "note": "",
      "date": "Thu Aug 14 2025"
    },
    {
      "id": 1755184944132,
      "type": "smoked",
      "category": "vaping",
      "timestamp": "2025-08-14T15:22:24.132Z",
      "note": "",
      "date": "Thu Aug 14 2025"
    },
    {
      "id": 1755185945132,
      "type": "craving",
      "category": "vaping",
      "timestamp": "2025-08-14T15:38:55.132Z",
      "note": "",
      "date": "Thu Aug 14 2025",
      "intensity": 1
    },
    {
      "id": 1755191374137,
      "type": "craving",
      "category": "vaping",
      "timestamp": "2025-08-14T17:09:24.132Z",
      "note": "",
      "date": "Thu Aug 14 2025",
      "intensity": 2
    },
    {
      "id": 1755191856132,
      "type": "smoked",
      "category": "vaping",
      "timestamp": "2025-08-14T17:17:36.132Z",
      "note": "",
      "date": "Thu Aug 14 2025"
    },
    {
      "id": 1755192188132,
      "type": "craving",
      "category": "alcohol",
      "timestamp": "2025-08-14T17:22:48.132Z",
      "note": "",
      "date": "Thu Aug 14 2025",
      "intensity": 2
    },
    {
      "id": 1755195726133,
      "type": "smoked",
      "category": "alcohol",
      "timestamp": "2025-08-14T18:22:06.132Z",
      "note": "",
      "date": "Thu Aug 14 2025",
      "cost": 1
    },
    {
      "id": 1755198277136,
      "type": "smoked",
      "category": "alcohol",
      "timestamp": "2025-08-14T19:04:37.132Z",
      "note": "",
      "date": "Thu Aug 14 2025",
      "cost": 1.25
    },
    {
      "id": 1755198809132,
      "type": "smoked",
      "category": "vaping",
      "timestamp": "2025-08-14T19:13:29.132Z",
      "note": "",
      "date": "Thu Aug 14 2025"
    },
    {
      "id": 1755200379136,
      "type": "craving",
      "category": "vaping",
      "timestamp": "2025-08-14T19:39:29.132Z",
      "note": "",
      "date": "Thu Aug 14 2025",
      "intensity": 1
    },
    {
      "id": 1755204241132,
      "type": "smoked",
      "category": "vaping",
      "timestamp": "2025-08-14T20:44:01.132Z",
      "note": "",
      "date": "Thu Aug 14 2025"
    },
    {
      "id": 1755204279132,
      "type": "smoked",
      "category": "vaping",
      "timestamp": "2025-08-14T20:44:39.132Z",
      "note": "",
      "date": "Thu Aug 14 2025"
    },
    {
      "id": 1755204941132,
      "type": "smoked",
      "category": "alcohol",
      "timestamp": "2025-08-14T20:55:41.132Z",
      "note": "",
      "date": "Thu Aug 14 2025",
      "cost": 0.75
    },
    {
      "id": 1755205346134,
      "type": "smoked",
      "category": "alcohol",
      "timestamp": "2025-08-14T21:02:26.132Z",
      "note": "",
      "date": "Thu Aug 14 2025",
      "cost": 1
    },
    {
      "id": 1755206426132,
      "type": "smoked",
      "category": "vaping",
      "timestamp": "2025-08-14T21:20:26.132Z",
      "note": "",
      "date": "Thu Aug 14 2025"
    },
    {
      "id": 1755207139132,
      "type": "smoked",
      "category": "vaping",
      "timestamp": "2025-08-14T21:32:19.132Z",
      "note": "",
      "date": "Thu Aug 14 2025"
    },
    {
      "id": 1755207700134,
      "type": "craving",
      "category": "vaping",
      "timestamp": "2025-08-14T21:41:30.132Z",
      "note": "",
      "date": "Thu Aug 14 2025",
      "intensity": 2
    },
    {
      "id": 1755208863135,
      "type": "smoked",
      "category": "alcohol",
      "timestamp": "2025-08-14T22:01:03.132Z",
      "note": "",
      "date": "Thu Aug 14 2025",
      "cost": 1
    },
    {
      "id": 1755209817132,
      "type": "smoked",
      "category": "vaping",
      "timestamp": "2025-08-14T22:16:57.132Z",
      "note": "",
      "date": "Thu Aug 14 2025"
    },
    {
      "id": 1755242359132,
      "type": "smoked",
      "category": "vaping",
      "timestamp": "2025-08-15T07:19:19.132Z",
      "note": "",
      "date": "Fri Aug 15 2025"
    },
    {
      "id": 1755243242132,
      "type": "smoked",
      "category": "vaping",
      "timestamp": "2025-08-15T07:34:02.132Z",
      "note": "",
      "date": "Fri Aug 15 2025"
    },
    {
      "id": 1755246289132,
      "type": "smoked",
      "category": "vaping",
      "timestamp": "2025-08-15T08:24:49.132Z",
      "note": "",
      "date": "Fri Aug 15 2025"
    },
    {
      "id": 1755247118135,
      "type": "craving",
      "category": "vaping",
      "timestamp": "2025-08-15T08:38:28.132Z",
      "note": "",
      "date": "Fri Aug 15 2025",
      "intensity": 1
    },
    {
      "id": 1755251072132,
      "type": "smoked",
      "category": "vaping",
      "timestamp": "2025-08-15T09:44:32.132Z",
      "note": "",
      "date": "Fri Aug 15 2025"
    },
    {
      "id": 1755252924132,
      "type": "smoked",
      "category": "vaping",
      "timestamp": "2025-08-15T10:15:24.132Z",
      "note": "",
      "date": "Fri Aug 15 2025"
    },
    {
      "id": 1755259686132,
      "type": "smoked",
      "category": "vaping",
      "timestamp": "2025-08-15T12:08:06.132Z",
      "note": "",
      "date": "Fri Aug 15 2025"
    },
    {
      "id": 1755270371136,
      "type": "craving",
      "category": "vaping",
      "timestamp": "2025-08-15T15:06:01.132Z",
      "note": "",
      "date": "Fri Aug 15 2025",
      "intensity": 3
    },
    {
      "id": 1755277814132,
      "type": "craving",
      "category": "alcohol",
      "timestamp": "2025-08-15T17:09:54.132Z",
      "note": "",
      "date": "Fri Aug 15 2025",
      "intensity": 1
    },
    {
      "id": 1755282528132,
      "type": "craving",
      "category": "vaping",
      "timestamp": "2025-08-15T18:28:38.132Z",
      "note": "",
      "date": "Fri Aug 15 2025",
      "intensity": 1
    },
    {
      "id": 1755284440135,
      "type": "smoked",
      "category": "alcohol",
      "timestamp": "2025-08-15T19:00:40.132Z",
      "note": "",
      "date": "Fri Aug 15 2025",
      "cost": 0.75
    },
    {
      "id": 1755288430134,
      "type": "smoked",
      "category": "alcohol",
      "timestamp": "2025-08-15T20:07:10.132Z",
      "note": "",
      "date": "Fri Aug 15 2025",
      "cost": 1.25
    },
    {
      "id": 1755289489132,
      "type": "smoked",
      "category": "alcohol",
      "timestamp": "2025-08-15T20:24:49.132Z",
      "note": "",
      "date": "Fri Aug 15 2025",
      "cost": 0.75
    },
    {
      "id": 1755289928132,
      "type": "smoked",
      "category": "vaping",
      "timestamp": "2025-08-15T20:32:08.132Z",
      "note": "",
      "date": "Fri Aug 15 2025"
    },
    {
      "id": 1755291776133,
      "type": "smoked",
      "category": "alcohol",
      "timestamp": "2025-08-15T21:02:56.132Z",
      "note": "",
      "date": "Fri Aug 15 2025",
      "cost": 1
    },
    {
      "id": 1755292330136,
      "type": "smoked",
      "category": "alcohol",
      "timestamp": "2025-08-15T21:12:10.132Z",
      "note": "",
      "date": "Fri Aug 15 2025",
      "cost": 0.75
    },
    {
      "id": 1755292598132,
      "type": "smoked",
      "category": "vaping",
      "timestamp": "2025-08-15T21:16:38.132Z",
      "note": "",
      "date": "Fri Aug 15 2025"
    },
    {
      "id": 1755293482132,
      "type": "smoked",
      "category": "vaping",
      "timestamp": "2025-08-15T21:31:22.132Z",
      "note": "",
      "date": "Fri Aug 15 2025"
    },
    {
      "id": 1755294629133,
      "type": "craving",
      "category": "vaping",
      "timestamp": "2025-08-15T21:50:19.132Z",
      "note": "",
      "date": "Fri Aug 15 2025",
      "intensity": 2
    },
    {
      "id": 1755298557134,
      "type": "craving",
      "category": "vaping",
      "timestamp": "2025-08-15T22:55:47.132Z",
      "note": "",
      "date": "Fri Aug 15 2025",
      "intensity": 2
    },
    {
      "id": 1755327802134,
      "type": "craving",
      "category": "vaping",
      "timestamp": "2025-08-16T07:03:12.132Z",
      "note": "",
      "date": "Sat Aug 16 2025",
      "intensity": 3
    },
    {
      "id": 1755331245132,
      "type": "smoked",
      "category": "vaping",
      "timestamp": "2025-08-16T08:00:45.132Z",
      "note": "",
      "date": "Sat Aug 16 2025"
    },
    {
      "id": 1755331485132,
      "type": "craving",
      "category": "vaping",
      "timestamp": "2025-08-16T08:04:35.132Z",
      "note": "",
      "date": "Sat Aug 16 2025",
      "intensity": 1
    },
    {
      "id": 1755342573132,
      "type": "smoked",
      "category": "vaping",
      "timestamp": "2025-08-16T11:09:33.132Z",
      "note": "",
      "date": "Sat Aug 16 2025"
    },
    {
      "id": 1755343380133,
      "type": "craving",
      "category": "vaping",
      "timestamp": "2025-08-16T11:22:50.132Z",
      "note": "",
      "date": "Sat Aug 16 2025",
      "intensity": 3
    },
    {
      "id": 1755345089132,
      "type": "smoked",
      "category": "vaping",
      "timestamp": "2025-08-16T11:51:29.132Z",
      "note": "",
      "date": "Sat Aug 16 2025"
    },
    {
      "id": 1755347926137,
      "type": "craving",
      "category": "vaping",
      "timestamp": "2025-08-16T12:38:36.132Z",
      "note": "",
      "date": "Sat Aug 16 2025",
      "intensity": 2
    },
    {
      "id": 1755349801135,
      "type": "craving",
      "category": "vaping",
      "timestamp": "2025-08-16T13:09:51.132Z",
      "note": "",
      "date": "Sat Aug 16 2025",
      "intensity": 1
    },
    {
      "id": 1755353309132,
      "type": "smoked",
      "category": "vaping",
      "timestamp": "2025-08-16T14:08:29.132Z",
      "note": "",
      "date": "Sat Aug 16 2025"
    },
    {
      "id": 1755354000136,
      "type": "craving",
      "category": "vaping",
      "timestamp": "2025-08-16T14:19:50.132Z",
      "note": "",
      "date": "Sat Aug 16 2025",
      "intensity": 2
    },
    {
      "id": 1755357501132,
      "type": "craving",
      "category": "alcohol",
      "timestamp": "2025-08-16T15:18:01.132Z",
      "note": "",
      "date": "Sat Aug 16 2025",
      "intensity": 2
    },
    {
      "id": 1755357717132,
      "type": "smoked",
      "category": "vaping",
      "timestamp": "2025-08-16T15:21:57.132Z",
      "note": "",
      "date": "Sat Aug 16 2025"
    },
    {
      "id": 1755366924134,
      "type": "smoked",
      "category": "alcohol",
      "timestamp": "2025-08-16T17:55:24.132Z",
      "note": "",
      "date": "Sat Aug 16 2025",
      "cost": 0.75
    },
    {
      "id": 1755367165132,
      "type": "smoked",
      "category": "vaping",
      "timestamp": "2025-08-16T17:59:25.132Z",
      "note": "",
      "date": "Sat Aug 16 2025"
    },
    {
      "id": 1755367753132,
      "type": "smoked",
      "category": "alcohol",
      "timestamp": "2025-08-16T18:09:13.132Z",
      "note": "",
      "date": "Sat Aug 16 2025",
      "cost": 1
    },
    {
      "id": 1755370295132,
      "type": "smoked",
      "category": "vaping",
      "timestamp": "2025-08-16T18:51:35.132Z",
      "note": "",
      "date": "Sat Aug 16 2025"
    },
    {
      "id": 1755373930132,
      "type": "smoked",
      "category": "vaping",
      "timestamp": "2025-08-16T19:52:10.132Z",
      "note": "",
      "date": "Sat Aug 16 2025"
    },
    {
      "id": 1755374008132,
      "type": "smoked",
      "category": "vaping",
      "timestamp": "2025-08-16T19:53:28.132Z",
      "note": "",
      "date": "Sat Aug 16 2025"
    },
    {
      "id": 1755375117136,
      "type": "smoked",
      "category": "alcohol",
      "timestamp": "2025-08-16T20:11:57.132Z",
      "note": "",
      "date": "Sat Aug 16 2025",
      "cost": 1
    },
    {
      "id": 1755377251132,
      "type": "smoked",
      "category": "vaping",
      "timestamp": "2025-08-16T20:47:31.132Z",
      "note": "",
      "date": "Sat Aug 16 2025"
    },
    {
      "id": 1755378482137,
      "type": "smoked",
      "category": "alcohol",
      "timestamp": "2025-08-16T21:08:02.132Z",
      "note": "",
      "date": "Sat Aug 16 2025",
      "cost": 0.75
    },
    {
      "id": 1755379997135,
      "type": "smoked",
      "category": "alcohol",
      "timestamp": "2025-08-16T21:33:17.132Z",
      "note": "",
      "date": "Sat Aug 16 2025",
      "cost": 1
    },
    {
      "id": 1755382436132,
      "type": "smoked",
      "category": "vaping",
      "timestamp": "2025-08-16T22:13:56.132Z",
      "note": "",
      "date": "Sat Aug 16 2025"
    },
    {
      "id": 1755382907133,
      "type": "smoked",
      "category": "alcohol",
      "timestamp": "2025-08-16T22:21:47.132Z",
      "note": "",
      "date": "Sat Aug 16 2025",
      "cost": 1
    },
    {
      "id": 1755426360132,
      "type": "smoked",
      "category": "vaping",
      "timestamp": "2025-08-17T10:26:00.132Z",
      "note": "",
      "date": "Sun Aug 17 2025"
    },
    {
      "id": 1755426598132,
      "type": "craving",
      "category": "vaping",
      "timestamp": "2025-08-17T10:29:48.132Z",
      "note": "",
      "date": "Sun Aug 17 2025",
      "intensity": 2
    },
    {
      "id": 1755427037132,
      "type": "smoked",
      "category": "vaping",
      "timestamp": "2025-08-17T10:37:17.132Z",
      "note": "",
      "date": "Sun Aug 17 2025"
    },
    {
      "id": 1755427225132,
      "type": "smoked",
      "category": "vaping",
      "timestamp": "2025-08-17T10:40:25.132Z",
      "note": "",
      "date": "Sun Aug 17 2025"
    },
    {
      "id": 1755430074136,
      "type": "craving",
      "category": "vaping",
      "timestamp": "2025-08-17T11:27:44.132Z",
      "note": "",
      "date": "Sun Aug 17 2025",
      "intensity": 3
    },
    {
      "id": 1755439465132,
      "type": "smoked",
      "category": "vaping",
      "timestamp": "2025-08-17T14:04:25.132Z",
      "note": "",
      "date": "Sun Aug 17 2025"
    },
    {
      "id": 1755444088133,
      "type": "craving",
      "category": "alcohol",
      "timestamp": "2025-08-17T15:21:08.132Z",
      "note": "",
      "date": "Sun Aug 17 2025",
      "intensity": 2
    },
    {
      "id": 1755445518137,
      "type": "craving",
      "category": "vaping",
      "timestamp": "2025-08-17T15:45:08.132Z",
      "note": "",
      "date": "Sun Aug 17 2025",
      "intensity": 3
    },
    {
      "id": 1755446825132,
      "type": "smoked",
      "category": "vaping",
      "timestamp": "2025-08-17T16:07:05.132Z",
      "note": "",
      "date": "Sun Aug 17 2025"
    },
    {
      "id": 1755450827132,
      "type": "craving",
      "category": "alcohol",
      "timestamp": "2025-08-17T17:13:27.132Z",
      "note": "",
      "date": "Sun Aug 17 2025",
      "intensity": 1
    },
    {
      "id": 1755452862132,
      "type": "smoked",
      "category": "vaping",
      "timestamp": "2025-08-17T17:47:42.132Z",
      "note": "",
      "date": "Sun Aug 17 2025"
    },
    {
      "id": 1755454474134,
      "type": "craving",
      "category": "vaping",
      "timestamp": "2025-08-17T18:14:24.132Z",
      "note": "",
      "date": "Sun Aug 17 2025",
      "intensity": 3
    },
    {
      "id": 1755455554132,
      "type": "smoked",
      "category": "vaping",
      "timestamp": "2025-08-17T18:32:34.132Z",
      "note": "",
      "date": "Sun Aug 17 2025"
    },
    {
      "id": 1755456790136,
      "type": "smoked",
      "category": "alcohol",
      "timestamp": "2025-08-17T18:53:10.132Z",
      "note": "",
      "date": "Sun Aug 17 2025",
      "cost": 1
    },
    {
      "id": 1755457639134,
      "type": "smoked",
      "category": "alcohol",
      "timestamp": "2025-08-17T19:07:19.132Z",
      "note": "",
      "date": "Sun Aug 17 2025",
      "cost": 1
    },
    {
      "id": 1755459974135,
      "type": "smoked",
      "category": "alcohol",
      "timestamp": "2025-08-17T19:46:14.132Z",
      "note": "",
      "date": "Sun Aug 17 2025",
      "cost": 1
    },
    {
      "id": 1755460758132,
      "type": "smoked",
      "category": "vaping",
      "timestamp": "2025-08-17T19:59:18.132Z",
      "note": "",
      "date": "Sun Aug 17 2025"
    },
    {
      "id": 1755461329133,
      "type": "craving",
      "category": "vaping",
      "timestamp": "2025-08-17T20:08:39.132Z",
      "note": "",
      "date": "Sun Aug 17 2025",
      "intensity": 1
    },
    {
      "id": 1755462316133,
      "type": "smoked",
      "category": "alcohol",
      "timestamp": "2025-08-17T20:25:16.132Z",
      "note": "",
      "date": "Sun Aug 17 2025",
      "cost": 0.75
    },
    {
      "id": 1755464564135,
      "type": "craving",
      "category": "vaping",
      "timestamp": "2025-08-17T21:02:34.132Z",
      "note": "",
      "date": "Sun Aug 17 2025",
      "intensity": 2
    },
    {
      "id": 1755467409132,
      "type": "smoked",
      "category": "alcohol",
      "timestamp": "2025-08-17T21:50:09.132Z",
      "note": "",
      "date": "Sun Aug 17 2025",
      "cost": 1.25
    },
    {
      "id": 1755503039132,
      "type": "smoked",
      "category": "vaping",
      "timestamp": "2025-08-18T07:43:59.132Z",
      "note": "",
      "date": "Mon Aug 18 2025"
    },
    {
      "id": 1755508973132,
      "type": "craving",
      "category": "vaping",
      "timestamp": "2025-08-18T09:22:43.132Z",
      "note": "",
      "date": "Mon Aug 18 2025",
      "intensity": 2
    },
    {
      "id": 1755511119132,
      "type": "smoked",
      "category": "vaping",
      "timestamp": "2025-08-18T09:58:39.132Z",
      "note": "",
      "date": "Mon Aug 18 2025"
    },
    {
      "id": 1755513944132,
      "type": "smoked",
      "category": "vaping",
      "timestamp": "2025-08-18T10:45:44.132Z",
      "note": "",
      "date": "Mon Aug 18 2025"
    },
    {
      "id": 1755523176134,
      "type": "craving",
      "category": "vaping",
      "timestamp": "2025-08-18T13:19:26.132Z",
      "note": "",
      "date": "Mon Aug 18 2025",
      "intensity": 1
    },
    {
      "id": 1755526838133,
      "type": "craving",
      "category": "vaping",
      "timestamp": "2025-08-18T14:20:28.132Z",
      "note": "",
      "date": "Mon Aug 18 2025",
      "intensity": 2
    },
    {
      "id": 1755528471132,
      "type": "smoked",
      "category": "vaping",
      "timestamp": "2025-08-18T14:47:51.132Z",
      "note": "",
      "date": "Mon Aug 18 2025"
    },
    {
      "id": 1755529007132,
      "type": "smoked",
      "category": "vaping",
      "timestamp": "2025-08-18T14:56:47.132Z",
      "note": "",
      "date": "Mon Aug 18 2025"
    },
    {
      "id": 1755534813132,
      "type": "craving",
      "category": "alcohol",
      "timestamp": "2025-08-18T16:33:13.132Z",
      "note": "",
      "date": "Mon Aug 18 2025",
      "intensity": 3
    },
    {
      "id": 1755536152132,
      "type": "smoked",
      "category": "vaping",
      "timestamp": "2025-08-18T16:55:52.132Z",
      "note": "",
      "date": "Mon Aug 18 2025"
    },
    {
      "id": 1755539184132,
      "type": "smoked",
      "category": "vaping",
      "timestamp": "2025-08-18T17:46:24.132Z",
      "note": "",
      "date": "Mon Aug 18 2025"
    },
    {
      "id": 1755540849132,
      "type": "smoked",
      "category": "vaping",
      "timestamp": "2025-08-18T18:14:09.132Z",
      "note": "",
      "date": "Mon Aug 18 2025"
    },
    {
      "id": 1755546316132,
      "type": "smoked",
      "category": "alcohol",
      "timestamp": "2025-08-18T19:45:16.132Z",
      "note": "",
      "date": "Mon Aug 18 2025",
      "cost": 1
    },
    {
      "id": 1755549111135,
      "type": "smoked",
      "category": "alcohol",
      "timestamp": "2025-08-18T20:31:51.132Z",
      "note": "",
      "date": "Mon Aug 18 2025",
      "cost": 1.25
    },
    {
      "id": 1755550339132,
      "type": "smoked",
      "category": "vaping",
      "timestamp": "2025-08-18T20:52:19.132Z",
      "note": "",
      "date": "Mon Aug 18 2025"
    },
    {
      "id": 1755553288133,
      "type": "smoked",
      "category": "alcohol",
      "timestamp": "2025-08-18T21:41:28.132Z",
      "note": "",
      "date": "Mon Aug 18 2025",
      "cost": 1
    },
    {
      "id": 1755555627134,
      "type": "smoked",
      "category": "alcohol",
      "timestamp": "2025-08-18T22:20:27.132Z",
      "note": "",
      "date": "Mon Aug 18 2025",
      "cost": 0.75
    },
    {
      "id": 1755588425132,
      "type": "smoked",
      "category": "vaping",
      "timestamp": "2025-08-19T07:27:05.132Z",
      "note": "",
      "date": "Tue Aug 19 2025"
    },
    {
      "id": 1755595435132,
      "type": "smoked",
      "category": "vaping",
      "timestamp": "2025-08-19T09:23:55.132Z",
      "note": "",
      "date": "Tue Aug 19 2025"
    },
    {
      "id": 1755598832132,
      "type": "smoked",
      "category": "vaping",
      "timestamp": "2025-08-19T10:20:32.132Z",
      "note": "",
      "date": "Tue Aug 19 2025"
    },
    {
      "id": 1755605216132,
      "type": "craving",
      "category": "vaping",
      "timestamp": "2025-08-19T12:06:46.132Z",
      "note": "",
      "date": "Tue Aug 19 2025",
      "intensity": 1
    },
    {
      "id": 1755605260132,
      "type": "smoked",
      "category": "vaping",
      "timestamp": "2025-08-19T12:07:40.132Z",
      "note": "",
      "date": "Tue Aug 19 2025"
    },
    {
      "id": 1755607311132,
      "type": "smoked",
      "category": "vaping",
      "timestamp": "2025-08-19T12:41:51.132Z",
      "note": "",
      "date": "Tue Aug 19 2025"
    },
    {
      "id": 1755612461133,
      "type": "craving",
      "category": "vaping",
      "timestamp": "2025-08-19T14:07:31.132Z",
      "note": "",
      "date": "Tue Aug 19 2025",
      "intensity": 2
    },
    {
      "id": 1755613381132,
      "type": "smoked",
      "category": "vaping",
      "timestamp": "2025-08-19T14:23:01.132Z",
      "note": "",
      "date": "Tue Aug 19 2025"
    },
    {
      "id": 1755613630134,
      "type": "craving",
      "category": "vaping",
      "timestamp": "2025-08-19T14:27:00.132Z",
      "note": "",
      "date": "Tue Aug 19 2025",
      "intensity": 2
    },
    {
      "id": 1755615882132,
      "type": "smoked",
      "category": "vaping",
      "timestamp": "2025-08-19T15:04:42.132Z",
      "note": "",
      "date": "Tue Aug 19 2025"
    },
    {
      "id": 1755618786132,
      "type": "smoked",
      "category": "vaping",
      "timestamp": "2025-08-19T15:53:06.132Z",
      "note": "",
      "date": "Tue Aug 19 2025"
    },
    {
      "id": 1755619402133,
      "type": "craving",
      "category": "alcohol",
      "timestamp": "2025-08-19T16:03:02.132Z",
      "note": "",
      "date": "Tue Aug 19 2025",
      "intensity": 2
    },
    {
      "id": 1755625505132,
      "type": "craving",
      "category": "alcohol",
      "timestamp": "2025-08-19T17:44:45.132Z",
      "note": "",
      "date": "Tue Aug 19 2025",
      "intensity": 2
    },
    {
      "id": 1755625896132,
      "type": "smoked",
      "category": "vaping",
      "timestamp": "2025-08-19T17:51:36.132Z",
      "note": "",
      "date": "Tue Aug 19 2025"
    },
    {
      "id": 1755629077136,
      "type": "smoked",
      "category": "alcohol",
      "timestamp": "2025-08-19T18:44:37.132Z",
      "note": "",
      "date": "Tue Aug 19 2025",
      "cost": 1
    },
    {
      "id": 1755631768132,
      "type": "smoked",
      "category": "vaping",
      "timestamp": "2025-08-19T19:29:28.132Z",
      "note": "",
      "date": "Tue Aug 19 2025"
    },
    {
      "id": 1755633709134,
      "type": "smoked",
      "category": "alcohol",
      "timestamp": "2025-08-19T20:01:49.132Z",
      "note": "",
      "date": "Tue Aug 19 2025",
      "cost": 1.25
    },
    {
      "id": 1755634648132,
      "type": "smoked",
      "category": "alcohol",
      "timestamp": "2025-08-19T20:17:28.132Z",
      "note": "",
      "date": "Tue Aug 19 2025",
      "cost": 1.25
    },
    {
      "id": 1755636867135,
      "type": "craving",
      "category": "vaping",
      "timestamp": "2025-08-19T20:54:17.132Z",
      "note": "",
      "date": "Tue Aug 19 2025",
      "intensity": 1
    },
    {
      "id": 1755638821133,
      "type": "smoked",
      "category": "alcohol",
      "timestamp": "2025-08-19T21:27:01.132Z",
      "note": "",
      "date": "Tue Aug 19 2025",
      "cost": 0.75
    },
    {
      "id": 1755641238135,
      "type": "smoked",
      "category": "alcohol",
      "timestamp": "2025-08-19T22:07:18.132Z",
      "note": "",
      "date": "Tue Aug 19 2025",
      "cost": 1.25
    },
    {
      "id": 1755643421137,
      "type": "smoked",
      "category": "alcohol",
      "timestamp": "2025-08-19T22:43:41.132Z",
      "note": "",
      "date": "Tue Aug 19 2025",
      "cost": 1
    },
    {
      "id": 1755682431132,
      "type": "craving",
      "category": "vaping",
      "timestamp": "2025-08-20T09:33:41.132Z",
      "note": "",
      "date": "Wed Aug 20 2025",
      "intensity": 3
    },
    {
      "id": 1755688602132,
      "type": "smoked",
      "category": "vaping",
      "timestamp": "2025-08-20T11:16:42.132Z",
      "note": "",
      "date": "Wed Aug 20 2025"
    },
    {
      "id": 1755690809132,
      "type": "smoked",
      "category": "vaping",
      "timestamp": "2025-08-20T11:53:29.132Z",
      "note": "",
      "date": "Wed Aug 20 2025"
    },
    {
      "id": 1755693822135,
      "type": "craving",
      "category": "vaping",
      "timestamp": "2025-08-20T12:43:32.132Z",
      "note": "",
      "date": "Wed Aug 20 2025",
      "intensity": 3
    },
    {
      "id": 1755697378132,
      "type": "smoked",
      "category": "vaping",
      "timestamp": "2025-08-20T13:42:58.132Z",
      "note": "",
      "date": "Wed Aug 20 2025"
    },
    {
      "id": 1755711237135,
      "type": "smoked",
      "category": "alcohol",
      "timestamp": "2025-08-20T17:33:57.132Z",
      "note": "",
      "date": "Wed Aug 20 2025",
      "cost": 0.75
    },
    {
      "id": 1755713965132,
      "type": "craving",
      "category": "alcohol",
      "timestamp": "2025-08-20T18:19:05.132Z",
      "note": "",
      "date": "Wed Aug 20 2025",
      "intensity": 2
    },
    {
      "id": 1755715740137,
      "type": "smoked",
      "category": "alcohol",
      "timestamp": "2025-08-20T18:49:00.132Z",
      "note": "",
      "date": "Wed Aug 20 2025",
      "cost": 1.25
    },
    {
      "id": 1755717571133,
      "type": "smoked",
      "category": "alcohol",
      "timestamp": "2025-08-20T19:19:31.132Z",
      "note": "",
      "date": "Wed Aug 20 2025",
      "cost": 0.75
    },
    {
      "id": 1755719133132,
      "type": "smoked",
      "category": "alcohol",
      "timestamp": "2025-08-20T19:45:33.132Z",
      "note": "",
      "date": "Wed Aug 20 2025",
      "cost": 1.25
    },
    {
      "id": 1755719272132,
      "type": "smoked",
      "category": "vaping",
      "timestamp": "2025-08-20T19:47:52.132Z",
      "note": "",
      "date": "Wed Aug 20 2025"
    },
    {
      "id": 1755720799132,
      "type": "smoked",
      "category": "vaping",
      "timestamp": "2025-08-20T20:13:19.132Z",
      "note": "",
      "date": "Wed Aug 20 2025"
    },
    {
      "id": 1755722434132,
      "type": "smoked",
      "category": "vaping",
      "timestamp": "2025-08-20T20:40:34.132Z",
      "note": "",
      "date": "Wed Aug 20 2025"
    },
    {
      "id": 1755723191134,
      "type": "smoked",
      "category": "alcohol",
      "timestamp": "2025-08-20T20:53:11.132Z",
      "note": "",
      "date": "Wed Aug 20 2025",
      "cost": 1
    },
    {
      "id": 1755724074132,
      "type": "smoked",
      "category": "vaping",
      "timestamp": "2025-08-20T21:07:54.132Z",
      "note": "",
      "date": "Wed Aug 20 2025"
    },
    {
      "id": 1755725220136,
      "type": "smoked",
      "category": "alcohol",
      "timestamp": "2025-08-20T21:27:00.132Z",
      "note": "",
      "date": "Wed Aug 20 2025",
      "cost": 1
    },
    {
      "id": 1755726093133,
      "type": "craving",
      "category": "vaping",
      "timestamp": "2025-08-20T21:41:23.132Z",
      "note": "",
      "date": "Wed Aug 20 2025",
      "intensity": 2
    },
    {
      "id": 1755728932132,
      "type": "smoked",
      "category": "vaping",
      "timestamp": "2025-08-20T22:28:52.132Z",
      "note": "",
      "date": "Wed Aug 20 2025"
    },
    {
      "id": 1755729851134,
      "type": "craving",
      "category": "vaping",
      "timestamp": "2025-08-20T22:44:01.132Z",
      "note": "",
      "date": "Wed Aug 20 2025",
      "intensity": 1
    },
    {
      "id": 1755730140132,
      "type": "smoked",
      "category": "vaping",
      "timestamp": "2025-08-20T22:49:00.132Z",
      "note": "",
      "date": "Wed Aug 20 2025"
    },
    {
      "id": 1755760685132,
      "type": "smoked",
      "category": "vaping",
      "timestamp": "2025-08-21T07:18:05.132Z",
      "note": "",
      "date": "Thu Aug 21 2025"
    },
    {
      "id": 1755766259137,
      "type": "craving",
      "category": "vaping",
      "timestamp": "2025-08-21T08:50:49.132Z",
      "note": "",
      "date": "Thu Aug 21 2025",
      "intensity": 2
    },
    {
      "id": 1755767045134,
      "type": "craving",
      "category": "vaping",
      "timestamp": "2025-08-21T09:03:55.132Z",
      "note": "",
      "date": "Thu Aug 21 2025",
      "intensity": 3
    },
    {
      "id": 1755771505132,
      "type": "smoked",
      "category": "vaping",
      "timestamp": "2025-08-21T10:18:25.132Z",
      "note": "",
      "date": "Thu Aug 21 2025"
    },
    {
      "id": 1755771755135,
      "type": "craving",
      "category": "vaping",
      "timestamp": "2025-08-21T10:22:25.132Z",
      "note": "",
      "date": "Thu Aug 21 2025",
      "intensity": 3
    },
    {
      "id": 1755780485132,
      "type": "smoked",
      "category": "vaping",
      "timestamp": "2025-08-21T12:48:05.132Z",
      "note": "",
      "date": "Thu Aug 21 2025"
    },
    {
      "id": 1755791154132,
      "type": "smoked",
      "category": "vaping",
      "timestamp": "2025-08-21T15:45:54.132Z",
      "note": "",
      "date": "Thu Aug 21 2025"
    },
    {
      "id": 1755797725132,
      "type": "craving",
      "category": "alcohol",
      "timestamp": "2025-08-21T17:35:05.132Z",
      "note": "",
      "date": "Thu Aug 21 2025",
      "intensity": 1
    },
    {
      "id": 1755799531132,
      "type": "smoked",
      "category": "alcohol",
      "timestamp": "2025-08-21T18:05:31.132Z",
      "note": "",
      "date": "Thu Aug 21 2025",
      "cost": 0.75
    },
    {
      "id": 1755800936133,
      "type": "smoked",
      "category": "alcohol",
      "timestamp": "2025-08-21T18:28:56.132Z",
      "note": "",
      "date": "Thu Aug 21 2025",
      "cost": 1
    },
    {
      "id": 1755802315132,
      "type": "craving",
      "category": "vaping",
      "timestamp": "2025-08-21T18:51:45.132Z",
      "note": "",
      "date": "Thu Aug 21 2025",
      "intensity": 1
    },
    {
      "id": 1755802782132,
      "type": "smoked",
      "category": "vaping",
      "timestamp": "2025-08-21T18:59:42.132Z",
      "note": "",
      "date": "Thu Aug 21 2025"
    },
    {
      "id": 1755803393136,
      "type": "craving",
      "category": "vaping",
      "timestamp": "2025-08-21T19:09:43.132Z",
      "note": "",
      "date": "Thu Aug 21 2025",
      "intensity": 2
    },
    {
      "id": 1755807588133,
      "type": "craving",
      "category": "vaping",
      "timestamp": "2025-08-21T20:19:38.132Z",
      "note": "",
      "date": "Thu Aug 21 2025",
      "intensity": 1
    },
    {
      "id": 1755807976132,
      "type": "smoked",
      "category": "vaping",
      "timestamp": "2025-08-21T20:26:16.132Z",
      "note": "",
      "date": "Thu Aug 21 2025"
    },
    {
      "id": 1755808914132,
      "type": "smoked",
      "category": "vaping",
      "timestamp": "2025-08-21T20:41:54.132Z",
      "note": "",
      "date": "Thu Aug 21 2025"
    },
    {
      "id": 1755810068132,
      "type": "smoked",
      "category": "vaping",
      "timestamp": "2025-08-21T21:01:08.132Z",
      "note": "",
      "date": "Thu Aug 21 2025"
    },
    {
      "id": 1755811980132,
      "type": "smoked",
      "category": "vaping",
      "timestamp": "2025-08-21T21:33:00.132Z",
      "note": "",
      "date": "Thu Aug 21 2025"
    },
    {
      "id": 1755813140132,
      "type": "smoked",
      "category": "vaping",
      "timestamp": "2025-08-21T21:52:20.132Z",
      "note": "",
      "date": "Thu Aug 21 2025"
    },
    {
      "id": 1755814682132,
      "type": "smoked",
      "category": "vaping",
      "timestamp": "2025-08-21T22:18:02.132Z",
      "note": "",
      "date": "Thu Aug 21 2025"
    },
    {
      "id": 1755815175134,
      "type": "smoked",
      "category": "alcohol",
      "timestamp": "2025-08-21T22:26:15.132Z",
      "note": "",
      "date": "Thu Aug 21 2025",
      "cost": 1
    },
    {
      "id": 1755816832132,
      "type": "smoked",
      "category": "vaping",
      "timestamp": "2025-08-21T22:53:52.132Z",
      "note": "",
      "date": "Thu Aug 21 2025"
    },
    {
      "id": 1755849229132,
      "type": "smoked",
      "category": "vaping",
      "timestamp": "2025-08-22T07:53:49.132Z",
      "note": "",
      "date": "Fri Aug 22 2025"
    },
    {
      "id": 1755850809132,
      "type": "smoked",
      "category": "vaping",
      "timestamp": "2025-08-22T08:20:09.132Z",
      "note": "",
      "date": "Fri Aug 22 2025"
    },
    {
      "id": 1755855530132,
      "type": "craving",
      "category": "vaping",
      "timestamp": "2025-08-22T09:38:40.132Z",
      "note": "",
      "date": "Fri Aug 22 2025",
      "intensity": 2
    },
    {
      "id": 1755863089132,
      "type": "smoked",
      "category": "vaping",
      "timestamp": "2025-08-22T11:44:49.132Z",
      "note": "",
      "date": "Fri Aug 22 2025"
    },
    {
      "id": 1755868221132,
      "type": "smoked",
      "category": "vaping",
      "timestamp": "2025-08-22T13:10:21.132Z",
      "note": "",
      "date": "Fri Aug 22 2025"
    },
    {
      "id": 1755870264132,
      "type": "smoked",
      "category": "vaping",
      "timestamp": "2025-08-22T13:44:24.132Z",
      "note": "",
      "date": "Fri Aug 22 2025"
    },
    {
      "id": 1755873445132,
      "type": "smoked",
      "category": "vaping",
      "timestamp": "2025-08-22T14:37:25.132Z",
      "note": "",
      "date": "Fri Aug 22 2025"
    },
    {
      "id": 1755879350132,
      "type": "smoked",
      "category": "vaping",
      "timestamp": "2025-08-22T16:15:50.132Z",
      "note": "",
      "date": "Fri Aug 22 2025"
    },
    {
      "id": 1755879844132,
      "type": "smoked",
      "category": "vaping",
      "timestamp": "2025-08-22T16:24:04.132Z",
      "note": "",
      "date": "Fri Aug 22 2025"
    },
    {
      "id": 1755881938132,
      "type": "smoked",
      "category": "vaping",
      "timestamp": "2025-08-22T16:58:58.132Z",
      "note": "",
      "date": "Fri Aug 22 2025"
    },
    {
      "id": 1755882922132,
      "type": "craving",
      "category": "alcohol",
      "timestamp": "2025-08-22T17:15:02.132Z",
      "note": "",
      "date": "Fri Aug 22 2025",
      "intensity": 1
    },
    {
      "id": 1755884076132,
      "type": "smoked",
      "category": "vaping",
      "timestamp": "2025-08-22T17:34:36.132Z",
      "note": "",
      "date": "Fri Aug 22 2025"
    },
    {
      "id": 1755885173136,
      "type": "smoked",
      "category": "alcohol",
      "timestamp": "2025-08-22T17:52:53.132Z",
      "note": "",
      "date": "Fri Aug 22 2025",
      "cost": 1
    },
    {
      "id": 1755888931134,
      "type": "smoked",
      "category": "alcohol",
      "timestamp": "2025-08-22T18:55:31.132Z",
      "note": "",
      "date": "Fri Aug 22 2025",
      "cost": 1
    },
    {
      "id": 1755889822133,
      "type": "craving",
      "category": "vaping",
      "timestamp": "2025-08-22T19:10:12.132Z",
      "note": "",
      "date": "Fri Aug 22 2025",
      "intensity": 2
    },
    {
      "id": 1755892690134,
      "type": "craving",
      "category": "vaping",
      "timestamp": "2025-08-22T19:58:00.132Z",
      "note": "",
      "date": "Fri Aug 22 2025",
      "intensity": 3
    },
    {
      "id": 1755896848133,
      "type": "smoked",
      "category": "alcohol",
      "timestamp": "2025-08-22T21:07:28.132Z",
      "note": "",
      "date": "Fri Aug 22 2025",
      "cost": 1
    },
    {
      "id": 1755900645132,
      "type": "smoked",
      "category": "vaping",
      "timestamp": "2025-08-22T22:10:45.132Z",
      "note": "",
      "date": "Fri Aug 22 2025"
    },
    {
      "id": 1755900668132,
      "type": "smoked",
      "category": "alcohol",
      "timestamp": "2025-08-22T22:11:08.132Z",
      "note": "",
      "date": "Fri Aug 22 2025",
      "cost": 1.25
    },
    {
      "id": 1755902471137,
      "type": "smoked",
      "category": "alcohol",
      "timestamp": "2025-08-22T22:41:11.132Z",
      "note": "",
      "date": "Fri Aug 22 2025",
      "cost": 0.75
    },
    {
      "id": 1755902516135,
      "type": "smoked",
      "category": "alcohol",
      "timestamp": "2025-08-22T22:41:56.132Z",
      "note": "",
      "date": "Fri Aug 22 2025",
      "cost": 1.25
    },
    {
      "id": 1755903083132,
      "type": "smoked",
      "category": "vaping",
      "timestamp": "2025-08-22T22:51:23.132Z",
      "note": "",
      "date": "Fri Aug 22 2025"
    },
    {
      "id": 1755934306132,
      "type": "smoked",
      "category": "vaping",
      "timestamp": "2025-08-23T07:31:46.132Z",
      "note": "",
      "date": "Sat Aug 23 2025"
    },
    {
      "id": 1755938425135,
      "type": "craving",
      "category": "vaping",
      "timestamp": "2025-08-23T08:40:15.132Z",
      "note": "",
      "date": "Sat Aug 23 2025",
      "intensity": 2
    },
    {
      "id": 1755940453132,
      "type": "smoked",
      "category": "vaping",
      "timestamp": "2025-08-23T09:14:13.132Z",
      "note": "",
      "date": "Sat Aug 23 2025"
    },
    {
      "id": 1755953210132,
      "type": "smoked",
      "category": "vaping",
      "timestamp": "2025-08-23T12:46:50.132Z",
      "note": "",
      "date": "Sat Aug 23 2025"
    },
    {
      "id": 1755958129132,
      "type": "smoked",
      "category": "vaping",
      "timestamp": "2025-08-23T14:08:49.132Z",
      "note": "",
      "date": "Sat Aug 23 2025"
    },
    {
      "id": 1755964296136,
      "type": "craving",
      "category": "vaping",
      "timestamp": "2025-08-23T15:51:26.132Z",
      "note": "",
      "date": "Sat Aug 23 2025",
      "intensity": 2
    },
    {
      "id": 1755966361132,
      "type": "craving",
      "category": "alcohol",
      "timestamp": "2025-08-23T16:25:41.132Z",
      "note": "",
      "date": "Sat Aug 23 2025",
      "intensity": 2
    },
    {
      "id": 1755969547132,
      "type": "craving",
      "category": "vaping",
      "timestamp": "2025-08-23T17:18:57.132Z",
      "note": "",
      "date": "Sat Aug 23 2025",
      "intensity": 2
    },
    {
      "id": 1755970884132,
      "type": "smoked",
      "category": "vaping",
      "timestamp": "2025-08-23T17:41:24.132Z",
      "note": "",
      "date": "Sat Aug 23 2025"
    },
    {
      "id": 1755971185134,
      "type": "smoked",
      "category": "alcohol",
      "timestamp": "2025-08-23T17:46:25.132Z",
      "note": "",
      "date": "Sat Aug 23 2025",
      "cost": 1.25
    },
    {
      "id": 1755973068132,
      "type": "smoked",
      "category": "alcohol",
      "timestamp": "2025-08-23T18:17:48.132Z",
      "note": "",
      "date": "Sat Aug 23 2025",
      "cost": 1.25
    },
    {
      "id": 1755977095133,
      "type": "smoked",
      "category": "alcohol",
      "timestamp": "2025-08-23T19:24:55.132Z",
      "note": "",
      "date": "Sat Aug 23 2025",
      "cost": 1
    },
    {
      "id": 1755977209132,
      "type": "smoked",
      "category": "vaping",
      "timestamp": "2025-08-23T19:26:49.132Z",
      "note": "",
      "date": "Sat Aug 23 2025"
    },
    {
      "id": 1755977278132,
      "type": "smoked",
      "category": "vaping",
      "timestamp": "2025-08-23T19:27:58.132Z",
      "note": "",
      "date": "Sat Aug 23 2025"
    },
    {
      "id": 1755979767134,
      "type": "craving",
      "category": "vaping",
      "timestamp": "2025-08-23T20:09:17.132Z",
      "note": "",
      "date": "Sat Aug 23 2025",
      "intensity": 2
    },
    {
      "id": 1755980224132,
      "type": "smoked",
      "category": "vaping",
      "timestamp": "2025-08-23T20:17:04.132Z",
      "note": "",
      "date": "Sat Aug 23 2025"
    },
    {
      "id": 1755981200133,
      "type": "craving",
      "category": "vaping",
      "timestamp": "2025-08-23T20:33:10.132Z",
      "note": "",
      "date": "Sat Aug 23 2025",
      "intensity": 1
    },
    {
      "id": 1755982072136,
      "type": "smoked",
      "category": "alcohol",
      "timestamp": "2025-08-23T20:47:52.132Z",
      "note": "",
      "date": "Sat Aug 23 2025",
      "cost": 1
    },
    {
      "id": 1755985467135,
      "type": "smoked",
      "category": "alcohol",
      "timestamp": "2025-08-23T21:44:27.132Z",
      "note": "",
      "date": "Sat Aug 23 2025",
      "cost": 1
    },
    {
      "id": 1756019187132,
      "type": "smoked",
      "category": "vaping",
      "timestamp": "2025-08-24T07:06:27.132Z",
      "note": "",
      "date": "Sun Aug 24 2025"
    },
    {
      "id": 1756021316132,
      "type": "smoked",
      "category": "vaping",
      "timestamp": "2025-08-24T07:41:56.132Z",
      "note": "",
      "date": "Sun Aug 24 2025"
    },
    {
      "id": 1756024507132,
      "type": "smoked",
      "category": "vaping",
      "timestamp": "2025-08-24T08:35:07.132Z",
      "note": "",
      "date": "Sun Aug 24 2025"
    },
    {
      "id": 1756025695132,
      "type": "smoked",
      "category": "vaping",
      "timestamp": "2025-08-24T08:54:55.132Z",
      "note": "",
      "date": "Sun Aug 24 2025"
    },
    {
      "id": 1756026021132,
      "type": "smoked",
      "category": "vaping",
      "timestamp": "2025-08-24T09:00:21.132Z",
      "note": "",
      "date": "Sun Aug 24 2025"
    },
    {
      "id": 1756029819132,
      "type": "smoked",
      "category": "vaping",
      "timestamp": "2025-08-24T10:03:39.132Z",
      "note": "",
      "date": "Sun Aug 24 2025"
    },
    {
      "id": 1756046122132,
      "type": "craving",
      "category": "vaping",
      "timestamp": "2025-08-24T14:35:12.132Z",
      "note": "",
      "date": "Sun Aug 24 2025",
      "intensity": 2
    },
    {
      "id": 1756049221133,
      "type": "craving",
      "category": "vaping",
      "timestamp": "2025-08-24T15:26:51.132Z",
      "note": "",
      "date": "Sun Aug 24 2025",
      "intensity": 1
    },
    {
      "id": 1756050832132,
      "type": "smoked",
      "category": "vaping",
      "timestamp": "2025-08-24T15:53:52.132Z",
      "note": "",
      "date": "Sun Aug 24 2025"
    },
    {
      "id": 1756052028135,
      "type": "craving",
      "category": "vaping",
      "timestamp": "2025-08-24T16:13:38.132Z",
      "note": "",
      "date": "Sun Aug 24 2025",
      "intensity": 1
    },
    {
      "id": 1756052609132,
      "type": "smoked",
      "category": "vaping",
      "timestamp": "2025-08-24T16:23:29.132Z",
      "note": "",
      "date": "Sun Aug 24 2025"
    },
    {
      "id": 1756054963132,
      "type": "smoked",
      "category": "alcohol",
      "timestamp": "2025-08-24T17:02:43.132Z",
      "note": "",
      "date": "Sun Aug 24 2025",
      "cost": 1
    },
    {
      "id": 1756060336132,
      "type": "craving",
      "category": "alcohol",
      "timestamp": "2025-08-24T18:31:56.132Z",
      "note": "",
      "date": "Sun Aug 24 2025",
      "intensity": 2
    },
    {
      "id": 1756063181134,
      "type": "smoked",
      "category": "alcohol",
      "timestamp": "2025-08-24T19:19:41.132Z",
      "note": "",
      "date": "Sun Aug 24 2025",
      "cost": 1.25
    },
    {
      "id": 1756063296136,
      "type": "craving",
      "category": "vaping",
      "timestamp": "2025-08-24T19:21:26.132Z",
      "note": "",
      "date": "Sun Aug 24 2025",
      "intensity": 3
    },
    {
      "id": 1756063562132,
      "type": "smoked",
      "category": "vaping",
      "timestamp": "2025-08-24T19:26:02.132Z",
      "note": "",
      "date": "Sun Aug 24 2025"
    },
    {
      "id": 1756064439134,
      "type": "craving",
      "category": "vaping",
      "timestamp": "2025-08-24T19:40:29.132Z",
      "note": "",
      "date": "Sun Aug 24 2025",
      "intensity": 3
    },
    {
      "id": 1756064459132,
      "type": "smoked",
      "category": "vaping",
      "timestamp": "2025-08-24T19:40:59.132Z",
      "note": "",
      "date": "Sun Aug 24 2025"
    },
    {
      "id": 1756072189137,
      "type": "craving",
      "category": "vaping",
      "timestamp": "2025-08-24T21:49:39.132Z",
      "note": "",
      "date": "Sun Aug 24 2025",
      "intensity": 3
    },
    {
      "id": 1756075511133,
      "type": "smoked",
      "category": "alcohol",
      "timestamp": "2025-08-24T22:45:11.132Z",
      "note": "",
      "date": "Sun Aug 24 2025",
      "cost": 1
    },
    {
      "id": 1756108906132,
      "type": "smoked",
      "category": "vaping",
      "timestamp": "2025-08-25T08:01:46.132Z",
      "note": "",
      "date": "Mon Aug 25 2025"
    },
    {
      "id": 1756117015132,
      "type": "smoked",
      "category": "vaping",
      "timestamp": "2025-08-25T10:16:55.132Z",
      "note": "",
      "date": "Mon Aug 25 2025"
    },
    {
      "id": 1756118976135,
      "type": "craving",
      "category": "vaping",
      "timestamp": "2025-08-25T10:49:26.132Z",
      "note": "",
      "date": "Mon Aug 25 2025",
      "intensity": 1
    },
    {
      "id": 1756119688132,
      "type": "smoked",
      "category": "vaping",
      "timestamp": "2025-08-25T11:01:28.132Z",
      "note": "",
      "date": "Mon Aug 25 2025"
    },
    {
      "id": 1756120092133,
      "type": "craving",
      "category": "vaping",
      "timestamp": "2025-08-25T11:08:02.132Z",
      "note": "",
      "date": "Mon Aug 25 2025",
      "intensity": 2
    },
    {
      "id": 1756130991132,
      "type": "smoked",
      "category": "vaping",
      "timestamp": "2025-08-25T14:09:51.132Z",
      "note": "",
      "date": "Mon Aug 25 2025"
    },
    {
      "id": 1756132373132,
      "type": "smoked",
      "category": "vaping",
      "timestamp": "2025-08-25T14:32:53.132Z",
      "note": "",
      "date": "Mon Aug 25 2025"
    },
    {
      "id": 1756132590132,
      "type": "craving",
      "category": "vaping",
      "timestamp": "2025-08-25T14:36:20.132Z",
      "note": "",
      "date": "Mon Aug 25 2025",
      "intensity": 1
    },
    {
      "id": 1756138394133,
      "type": "craving",
      "category": "alcohol",
      "timestamp": "2025-08-25T16:12:54.132Z",
      "note": "",
      "date": "Mon Aug 25 2025",
      "intensity": 2
    },
    {
      "id": 1756141256132,
      "type": "smoked",
      "category": "vaping",
      "timestamp": "2025-08-25T17:00:56.132Z",
      "note": "",
      "date": "Mon Aug 25 2025"
    },
    {
      "id": 1756141953132,
      "type": "craving",
      "category": "alcohol",
      "timestamp": "2025-08-25T17:12:13.132Z",
      "note": "",
      "date": "Mon Aug 25 2025",
      "intensity": 2
    },
    {
      "id": 1756142188137,
      "type": "smoked",
      "category": "alcohol",
      "timestamp": "2025-08-25T17:16:28.132Z",
      "note": "",
      "date": "Mon Aug 25 2025",
      "cost": 1
    },
    {
      "id": 1756143253133,
      "type": "smoked",
      "category": "alcohol",
      "timestamp": "2025-08-25T17:34:13.132Z",
      "note": "",
      "date": "Mon Aug 25 2025",
      "cost": 1
    },
    {
      "id": 1756144084132,
      "type": "smoked",
      "category": "vaping",
      "timestamp": "2025-08-25T17:48:04.132Z",
      "note": "",
      "date": "Mon Aug 25 2025"
    },
    {
      "id": 1756144247135,
      "type": "smoked",
      "category": "alcohol",
      "timestamp": "2025-08-25T17:50:47.132Z",
      "note": "",
      "date": "Mon Aug 25 2025",
      "cost": 0.75
    },
    {
      "id": 1756147542132,
      "type": "smoked",
      "category": "alcohol",
      "timestamp": "2025-08-25T18:45:42.132Z",
      "note": "",
      "date": "Mon Aug 25 2025",
      "cost": 1.25
    },
    {
      "id": 1756155686132,
      "type": "smoked",
      "category": "vaping",
      "timestamp": "2025-08-25T21:01:26.132Z",
      "note": "",
      "date": "Mon Aug 25 2025"
    },
    {
      "id": 1756157065134,
      "type": "craving",
      "category": "vaping",
      "timestamp": "2025-08-25T21:24:15.132Z",
      "note": "",
      "date": "Mon Aug 25 2025",
      "intensity": 1
    },
    {
      "id": 1756158108132,
      "type": "smoked",
      "category": "vaping",
      "timestamp": "2025-08-25T21:41:48.132Z",
      "note": "",
      "date": "Mon Aug 25 2025"
    },
    {
      "id": 1756160085134,
      "type": "smoked",
      "category": "alcohol",
      "timestamp": "2025-08-25T22:14:45.132Z",
      "note": "",
      "date": "Mon Aug 25 2025",
      "cost": 1
    },
    {
      "id": 1756160412132,
      "type": "smoked",
      "category": "vaping",
      "timestamp": "2025-08-25T22:20:12.132Z",
      "note": "",
      "date": "Mon Aug 25 2025"
    },
    {
      "id": 1756161754132,
      "type": "smoked",
      "category": "vaping",
      "timestamp": "2025-08-25T22:42:34.132Z",
      "note": "",
      "date": "Mon Aug 25 2025"
    },
    {
      "id": 1756162063136,
      "type": "smoked",
      "category": "alcohol",
      "timestamp": "2025-08-25T22:47:43.132Z",
      "note": "",
      "date": "Mon Aug 25 2025",
      "cost": 1.25
    },
    {
      "id": 1756191757132,
      "type": "smoked",
      "category": "vaping",
      "timestamp": "2025-08-26T07:02:37.132Z",
      "note": "",
      "date": "Tue Aug 26 2025"
    },
    {
      "id": 1756192450132,
      "type": "smoked",
      "category": "vaping",
      "timestamp": "2025-08-26T07:14:10.132Z",
      "note": "",
      "date": "Tue Aug 26 2025"
    },
    {
      "id": 1756204459133,
      "type": "craving",
      "category": "vaping",
      "timestamp": "2025-08-26T10:34:09.132Z",
      "note": "",
      "date": "Tue Aug 26 2025",
      "intensity": 2
    },
    {
      "id": 1756216916135,
      "type": "craving",
      "category": "vaping",
      "timestamp": "2025-08-26T14:01:46.132Z",
      "note": "",
      "date": "Tue Aug 26 2025",
      "intensity": 1
    },
    {
      "id": 1756219963132,
      "type": "smoked",
      "category": "vaping",
      "timestamp": "2025-08-26T14:52:43.132Z",
      "note": "",
      "date": "Tue Aug 26 2025"
    },
    {
      "id": 1756220906132,
      "type": "smoked",
      "category": "vaping",
      "timestamp": "2025-08-26T15:08:26.132Z",
      "note": "",
      "date": "Tue Aug 26 2025"
    },
    {
      "id": 1756227455132,
      "type": "smoked",
      "category": "vaping",
      "timestamp": "2025-08-26T16:57:35.132Z",
      "note": "",
      "date": "Tue Aug 26 2025"
    },
    {
      "id": 1756229857132,
      "type": "craving",
      "category": "alcohol",
      "timestamp": "2025-08-26T17:37:17.132Z",
      "note": "",
      "date": "Tue Aug 26 2025",
      "intensity": 3
    },
    {
      "id": 1756234532132,
      "type": "smoked",
      "category": "vaping",
      "timestamp": "2025-08-26T18:55:32.132Z",
      "note": "",
      "date": "Tue Aug 26 2025"
    },
    {
      "id": 1756239762133,
      "type": "smoked",
      "category": "alcohol",
      "timestamp": "2025-08-26T20:22:42.132Z",
      "note": "",
      "date": "Tue Aug 26 2025",
      "cost": 1
    },
    {
      "id": 1756242131134,
      "type": "smoked",
      "category": "alcohol",
      "timestamp": "2025-08-26T21:02:11.132Z",
      "note": "",
      "date": "Tue Aug 26 2025",
      "cost": 1.25
    },
    {
      "id": 1756242897132,
      "type": "smoked",
      "category": "vaping",
      "timestamp": "2025-08-26T21:14:57.132Z",
      "note": "",
      "date": "Tue Aug 26 2025"
    },
    {
      "id": 1756245412132,
      "type": "smoked",
      "category": "alcohol",
      "timestamp": "2025-08-26T21:56:52.132Z",
      "note": "",
      "date": "Tue Aug 26 2025",
      "cost": 1.25
    },
    {
      "id": 1756245801132,
      "type": "smoked",
      "category": "vaping",
      "timestamp": "2025-08-26T22:03:21.132Z",
      "note": "",
      "date": "Tue Aug 26 2025"
    },
    {
      "id": 1756247207132,
      "type": "craving",
      "category": "vaping",
      "timestamp": "2025-08-26T22:26:37.132Z",
      "note": "",
      "date": "Tue Aug 26 2025",
      "intensity": 3
    },
    {
      "id": 1756248793134,
      "type": "craving",
      "category": "vaping",
      "timestamp": "2025-08-26T22:53:03.132Z",
      "note": "",
      "date": "Tue Aug 26 2025",
      "intensity": 2
    },
    {
      "id": 1756279345132,
      "type": "smoked",
      "category": "vaping",
      "timestamp": "2025-08-27T07:22:25.132Z",
      "note": "",
      "date": "Wed Aug 27 2025"
    },
    {
      "id": 1756284019132,
      "type": "smoked",
      "category": "vaping",
      "timestamp": "2025-08-27T08:40:19.132Z",
      "note": "",
      "date": "Wed Aug 27 2025"
    },
    {
      "id": 1756289286133,
      "type": "craving",
      "category": "vaping",
      "timestamp": "2025-08-27T10:07:56.132Z",
      "note": "",
      "date": "Wed Aug 27 2025",
      "intensity": 2
    },
    {
      "id": 1756289516132,
      "type": "smoked",
      "category": "vaping",
      "timestamp": "2025-08-27T10:11:56.132Z",
      "note": "",
      "date": "Wed Aug 27 2025"
    },
    {
      "id": 1756291144132,
      "type": "smoked",
      "category": "vaping",
      "timestamp": "2025-08-27T10:39:04.132Z",
      "note": "",
      "date": "Wed Aug 27 2025"
    },
    {
      "id": 1756291616132,
      "type": "smoked",
      "category": "vaping",
      "timestamp": "2025-08-27T10:46:56.132Z",
      "note": "",
      "date": "Wed Aug 27 2025"
    },
    {
      "id": 1756294884132,
      "type": "smoked",
      "category": "vaping",
      "timestamp": "2025-08-27T11:41:24.132Z",
      "note": "",
      "date": "Wed Aug 27 2025"
    },
    {
      "id": 1756307220132,
      "type": "smoked",
      "category": "vaping",
      "timestamp": "2025-08-27T15:07:00.132Z",
      "note": "",
      "date": "Wed Aug 27 2025"
    },
    {
      "id": 1756308700132,
      "type": "smoked",
      "category": "vaping",
      "timestamp": "2025-08-27T15:31:40.132Z",
      "note": "",
      "date": "Wed Aug 27 2025"
    },
    {
      "id": 1756309513135,
      "type": "craving",
      "category": "vaping",
      "timestamp": "2025-08-27T15:45:03.132Z",
      "note": "",
      "date": "Wed Aug 27 2025",
      "intensity": 2
    },
    {
      "id": 1756309564132,
      "type": "craving",
      "category": "vaping",
      "timestamp": "2025-08-27T15:45:54.132Z",
      "note": "",
      "date": "Wed Aug 27 2025",
      "intensity": 2
    },
    {
      "id": 1756312025133,
      "type": "craving",
      "category": "alcohol",
      "timestamp": "2025-08-27T16:26:45.132Z",
      "note": "",
      "date": "Wed Aug 27 2025",
      "intensity": 2
    },
    {
      "id": 1756317506132,
      "type": "smoked",
      "category": "alcohol",
      "timestamp": "2025-08-27T17:58:26.132Z",
      "note": "",
      "date": "Wed Aug 27 2025",
      "cost": 1.25
    },
    {
      "id": 1756318419134,
      "type": "smoked",
      "category": "alcohol",
      "timestamp": "2025-08-27T18:13:39.132Z",
      "note": "",
      "date": "Wed Aug 27 2025",
      "cost": 1
    },
    {
      "id": 1756320199132,
      "type": "craving",
      "category": "alcohol",
      "timestamp": "2025-08-27T18:42:59.132Z",
      "note": "",
      "date": "Wed Aug 27 2025",
      "intensity": 3
    },
    {
      "id": 1756322873132,
      "type": "smoked",
      "category": "vaping",
      "timestamp": "2025-08-27T19:27:53.132Z",
      "note": "",
      "date": "Wed Aug 27 2025"
    },
    {
      "id": 1756325870134,
      "type": "craving",
      "category": "vaping",
      "timestamp": "2025-08-27T20:17:40.132Z",
      "note": "",
      "date": "Wed Aug 27 2025",
      "intensity": 2
    },
    {
      "id": 1756326457132,
      "type": "smoked",
      "category": "vaping",
      "timestamp": "2025-08-27T20:27:37.132Z",
      "note": "",
      "date": "Wed Aug 27 2025"
    },
    {
      "id": 1756327498135,
      "type": "smoked",
      "category": "alcohol",
      "timestamp": "2025-08-27T20:44:58.132Z",
      "note": "",
      "date": "Wed Aug 27 2025",
      "cost": 0.75
    },
    {
      "id": 1756332057132,
      "type": "smoked",
      "category": "vaping",
      "timestamp": "2025-08-27T22:00:57.132Z",
      "note": "",
      "date": "Wed Aug 27 2025"
    },
    {
      "id": 1756333146133,
      "type": "smoked",
      "category": "alcohol",
      "timestamp": "2025-08-27T22:19:06.132Z",
      "note": "",
      "date": "Wed Aug 27 2025",
      "cost": 1
    },
    {
      "id": 1756333970132,
      "type": "smoked",
      "category": "vaping",
      "timestamp": "2025-08-27T22:32:50.132Z",
      "note": "",
      "date": "Wed Aug 27 2025"
    },
    {
      "id": 1756369011132,
      "type": "smoked",
      "category": "vaping",
      "timestamp": "2025-08-28T08:16:51.132Z",
      "note": "",
      "date": "Thu Aug 28 2025"
    },
    {
      "id": 1756378998132,
      "type": "smoked",
      "category": "vaping",
      "timestamp": "2025-08-28T11:03:18.132Z",
      "note": "",
      "date": "Thu Aug 28 2025"
    },
    {
      "id": 1756383044134,
      "type": "craving",
      "category": "vaping",
      "timestamp": "2025-08-28T12:10:34.132Z",
      "note": "",
      "date": "Thu Aug 28 2025",
      "intensity": 2
    },
    {
      "id": 1756383845132,
      "type": "smoked",
      "category": "vaping",
      "timestamp": "2025-08-28T12:24:05.132Z",
      "note": "",
      "date": "Thu Aug 28 2025"
    },
    {
      "id": 1756385201132,
      "type": "smoked",
      "category": "vaping",
      "timestamp": "2025-08-28T12:46:41.132Z",
      "note": "",
      "date": "Thu Aug 28 2025"
    },
    {
      "id": 1756387722132,
      "type": "smoked",
      "category": "vaping",
      "timestamp": "2025-08-28T13:28:42.132Z",
      "note": "",
      "date": "Thu Aug 28 2025"
    },
    {
      "id": 1756389310133,
      "type": "craving",
      "category": "vaping",
      "timestamp": "2025-08-28T13:55:00.132Z",
      "note": "",
      "date": "Thu Aug 28 2025",
      "intensity": 3
    },
    {
      "id": 1756395355132,
      "type": "smoked",
      "category": "vaping",
      "timestamp": "2025-08-28T15:35:55.132Z",
      "note": "",
      "date": "Thu Aug 28 2025"
    },
    {
      "id": 1756398018136,
      "type": "craving",
      "category": "vaping",
      "timestamp": "2025-08-28T16:20:08.132Z",
      "note": "",
      "date": "Thu Aug 28 2025",
      "intensity": 2
    },
    {
      "id": 1756399655132,
      "type": "craving",
      "category": "alcohol",
      "timestamp": "2025-08-28T16:47:15.132Z",
      "note": "",
      "date": "Thu Aug 28 2025",
      "intensity": 2
    },
    {
      "id": 1756401986132,
      "type": "craving",
      "category": "vaping",
      "timestamp": "2025-08-28T17:26:16.132Z",
      "note": "",
      "date": "Thu Aug 28 2025",
      "intensity": 1
    },
    {
      "id": 1756404263132,
      "type": "smoked",
      "category": "vaping",
      "timestamp": "2025-08-28T18:04:23.132Z",
      "note": "",
      "date": "Thu Aug 28 2025"
    },
    {
      "id": 1756404606134,
      "type": "smoked",
      "category": "alcohol",
      "timestamp": "2025-08-28T18:10:06.132Z",
      "note": "",
      "date": "Thu Aug 28 2025",
      "cost": 1.25
    },
    {
      "id": 1756404646133,
      "type": "smoked",
      "category": "alcohol",
      "timestamp": "2025-08-28T18:10:46.132Z",
      "note": "",
      "date": "Thu Aug 28 2025",
      "cost": 1
    },
    {
      "id": 1756408232135,
      "type": "craving",
      "category": "vaping",
      "timestamp": "2025-08-28T19:10:22.132Z",
      "note": "",
      "date": "Thu Aug 28 2025",
      "intensity": 2
    },
    {
      "id": 1756409169135,
      "type": "smoked",
      "category": "alcohol",
      "timestamp": "2025-08-28T19:26:09.132Z",
      "note": "",
      "date": "Thu Aug 28 2025",
      "cost": 1.25
    },
    {
      "id": 1756411052132,
      "type": "smoked",
      "category": "vaping",
      "timestamp": "2025-08-28T19:57:32.132Z",
      "note": "",
      "date": "Thu Aug 28 2025"
    },
    {
      "id": 1756416175132,
      "type": "smoked",
      "category": "vaping",
      "timestamp": "2025-08-28T21:22:55.132Z",
      "note": "",
      "date": "Thu Aug 28 2025"
    },
    {
      "id": 1756419270132,
      "type": "smoked",
      "category": "vaping",
      "timestamp": "2025-08-28T22:14:30.132Z",
      "note": "",
      "date": "Thu Aug 28 2025"
    },
    {
      "id": 1756420307132,
      "type": "smoked",
      "category": "alcohol",
      "timestamp": "2025-08-28T22:31:47.132Z",
      "note": "",
      "date": "Thu Aug 28 2025",
      "cost": 1
    },
    {
      "id": 1756458435132,
      "type": "smoked",
      "category": "vaping",
      "timestamp": "2025-08-29T09:07:15.132Z",
      "note": "",
      "date": "Fri Aug 29 2025"
    },
    {
      "id": 1756462335132,
      "type": "smoked",
      "category": "vaping",
      "timestamp": "2025-08-29T10:12:15.132Z",
      "note": "",
      "date": "Fri Aug 29 2025"
    },
    {
      "id": 1756464792132,
      "type": "craving",
      "category": "vaping",
      "timestamp": "2025-08-29T10:53:02.132Z",
      "note": "",
      "date": "Fri Aug 29 2025",
      "intensity": 3
    },
    {
      "id": 1756465653132,
      "type": "smoked",
      "category": "vaping",
      "timestamp": "2025-08-29T11:07:33.132Z",
      "note": "",
      "date": "Fri Aug 29 2025"
    },
    {
      "id": 1756467296132,
      "type": "smoked",
      "category": "vaping",
      "timestamp": "2025-08-29T11:34:56.132Z",
      "note": "",
      "date": "Fri Aug 29 2025"
    },
    {
      "id": 1756467996132,
      "type": "smoked",
      "category": "vaping",
      "timestamp": "2025-08-29T11:46:36.132Z",
      "note": "",
      "date": "Fri Aug 29 2025"
    },
    {
      "id": 1756472622132,
      "type": "smoked",
      "category": "vaping",
      "timestamp": "2025-08-29T13:03:42.132Z",
      "note": "",
      "date": "Fri Aug 29 2025"
    },
    {
      "id": 1756476822132,
      "type": "smoked",
      "category": "vaping",
      "timestamp": "2025-08-29T14:13:42.132Z",
      "note": "",
      "date": "Fri Aug 29 2025"
    },
    {
      "id": 1756477012135,
      "type": "craving",
      "category": "vaping",
      "timestamp": "2025-08-29T14:16:42.132Z",
      "note": "",
      "date": "Fri Aug 29 2025",
      "intensity": 2
    },
    {
      "id": 1756480709132,
      "type": "smoked",
      "category": "vaping",
      "timestamp": "2025-08-29T15:18:29.132Z",
      "note": "",
      "date": "Fri Aug 29 2025"
    },
    {
      "id": 1756482315132,
      "type": "smoked",
      "category": "vaping",
      "timestamp": "2025-08-29T15:45:15.132Z",
      "note": "",
      "date": "Fri Aug 29 2025"
    },
    {
      "id": 1756487605132,
      "type": "smoked",
      "category": "alcohol",
      "timestamp": "2025-08-29T17:13:25.132Z",
      "note": "",
      "date": "Fri Aug 29 2025",
      "cost": 1
    },
    {
      "id": 1756488304132,
      "type": "craving",
      "category": "alcohol",
      "timestamp": "2025-08-29T17:24:44.132Z",
      "note": "",
      "date": "Fri Aug 29 2025",
      "intensity": 2
    },
    {
      "id": 1756494816134,
      "type": "craving",
      "category": "vaping",
      "timestamp": "2025-08-29T19:13:26.132Z",
      "note": "",
      "date": "Fri Aug 29 2025",
      "intensity": 3
    },
    {
      "id": 1756495604132,
      "type": "smoked",
      "category": "vaping",
      "timestamp": "2025-08-29T19:26:44.132Z",
      "note": "",
      "date": "Fri Aug 29 2025"
    },
    {
      "id": 1756496737133,
      "type": "craving",
      "category": "vaping",
      "timestamp": "2025-08-29T19:45:27.132Z",
      "note": "",
      "date": "Fri Aug 29 2025",
      "intensity": 3
    },
    {
      "id": 1756498653132,
      "type": "smoked",
      "category": "vaping",
      "timestamp": "2025-08-29T20:17:33.132Z",
      "note": "",
      "date": "Fri Aug 29 2025"
    },
    {
      "id": 1756501145133,
      "type": "smoked",
      "category": "alcohol",
      "timestamp": "2025-08-29T20:59:05.132Z",
      "note": "",
      "date": "Fri Aug 29 2025",
      "cost": 0.75
    },
    {
      "id": 1756502206132,
      "type": "smoked",
      "category": "vaping",
      "timestamp": "2025-08-29T21:16:46.132Z",
      "note": "",
      "date": "Fri Aug 29 2025"
    },
    {
      "id": 1756506239134,
      "type": "smoked",
      "category": "alcohol",
      "timestamp": "2025-08-29T22:23:59.132Z",
      "note": "",
      "date": "Fri Aug 29 2025",
      "cost": 1
    },
    {
      "id": 1756545491132,
      "type": "smoked",
      "category": "vaping",
      "timestamp": "2025-08-30T09:18:11.132Z",
      "note": "",
      "date": "Sat Aug 30 2025"
    },
    {
      "id": 1756550762132,
      "type": "smoked",
      "category": "vaping",
      "timestamp": "2025-08-30T10:46:02.132Z",
      "note": "",
      "date": "Sat Aug 30 2025"
    },
    {
      "id": 1756553955132,
      "type": "smoked",
      "category": "vaping",
      "timestamp": "2025-08-30T11:39:15.132Z",
      "note": "",
      "date": "Sat Aug 30 2025"
    },
    {
      "id": 1756564599134,
      "type": "craving",
      "category": "vaping",
      "timestamp": "2025-08-30T14:36:29.132Z",
      "note": "",
      "date": "Sat Aug 30 2025",
      "intensity": 2
    },
    {
      "id": 1756567573132,
      "type": "smoked",
      "category": "vaping",
      "timestamp": "2025-08-30T15:26:13.132Z",
      "note": "",
      "date": "Sat Aug 30 2025"
    },
    {
      "id": 1756570260132,
      "type": "smoked",
      "category": "vaping",
      "timestamp": "2025-08-30T16:11:00.132Z",
      "note": "",
      "date": "Sat Aug 30 2025"
    },
    {
      "id": 1756572888132,
      "type": "craving",
      "category": "alcohol",
      "timestamp": "2025-08-30T16:54:28.132Z",
      "note": "",
      "date": "Sat Aug 30 2025",
      "intensity": 3
    },
    {
      "id": 1756578042132,
      "type": "smoked",
      "category": "alcohol",
      "timestamp": "2025-08-30T18:20:42.132Z",
      "note": "",
      "date": "Sat Aug 30 2025",
      "cost": 0.75
    },
    {
      "id": 1756582489135,
      "type": "smoked",
      "category": "alcohol",
      "timestamp": "2025-08-30T19:34:49.132Z",
      "note": "",
      "date": "Sat Aug 30 2025",
      "cost": 1
    },
    {
      "id": 1756582940136,
      "type": "smoked",
      "category": "alcohol",
      "timestamp": "2025-08-30T19:42:20.132Z",
      "note": "",
      "date": "Sat Aug 30 2025",
      "cost": 1
    },
    {
      "id": 1756583428132,
      "type": "smoked",
      "category": "vaping",
      "timestamp": "2025-08-30T19:50:28.132Z",
      "note": "",
      "date": "Sat Aug 30 2025"
    },
    {
      "id": 1756584900133,
      "type": "smoked",
      "category": "alcohol",
      "timestamp": "2025-08-30T20:15:00.132Z",
      "note": "",
      "date": "Sat Aug 30 2025",
      "cost": 1.25
    },
    {
      "id": 1756585345132,
      "type": "craving",
      "category": "vaping",
      "timestamp": "2025-08-30T20:22:15.132Z",
      "note": "",
      "date": "Sat Aug 30 2025",
      "intensity": 1
    },
    {
      "id": 1756585858133,
      "type": "craving",
      "category": "vaping",
      "timestamp": "2025-08-30T20:30:48.132Z",
      "note": "",
      "date": "Sat Aug 30 2025",
      "intensity": 2
    },
    {
      "id": 1756585939134,
      "type": "smoked",
      "category": "alcohol",
      "timestamp": "2025-08-30T20:32:19.132Z",
      "note": "",
      "date": "Sat Aug 30 2025",
      "cost": 0.75
    },
    {
      "id": 1756587802137,
      "type": "smoked",
      "category": "alcohol",
      "timestamp": "2025-08-30T21:03:22.132Z",
      "note": "",
      "date": "Sat Aug 30 2025",
      "cost": 1
    },
    {
      "id": 1756587848132,
      "type": "smoked",
      "category": "vaping",
      "timestamp": "2025-08-30T21:04:08.132Z",
      "note": "",
      "date": "Sat Aug 30 2025"
    },
    {
      "id": 1756589179132,
      "type": "smoked",
      "category": "vaping",
      "timestamp": "2025-08-30T21:26:19.132Z",
      "note": "",
      "date": "Sat Aug 30 2025"
    },
    {
      "id": 1756590551132,
      "type": "smoked",
      "category": "vaping",
      "timestamp": "2025-08-30T21:49:11.132Z",
      "note": "",
      "date": "Sat Aug 30 2025"
    },
    {
      "id": 1756624622135,
      "type": "craving",
      "category": "vaping",
      "timestamp": "2025-08-31T07:16:52.132Z",
      "note": "",
      "date": "Sun Aug 31 2025",
      "intensity": 2
    },
    {
      "id": 1756627656132,
      "type": "smoked",
      "category": "vaping",
      "timestamp": "2025-08-31T08:07:36.132Z",
      "note": "",
      "date": "Sun Aug 31 2025"
    },
    {
      "id": 1756628727132,
      "type": "smoked",
      "category": "vaping",
      "timestamp": "2025-08-31T08:25:27.132Z",
      "note": "",
      "date": "Sun Aug 31 2025"
    },
    {
      "id": 1756633649133,
      "type": "craving",
      "category": "vaping",
      "timestamp": "2025-08-31T09:47:19.132Z",
      "note": "",
      "date": "Sun Aug 31 2025",
      "intensity": 2
    },
    {
      "id": 1756637889132,
      "type": "smoked",
      "category": "vaping",
      "timestamp": "2025-08-31T10:58:09.132Z",
      "note": "",
      "date": "Sun Aug 31 2025"
    },
    {
      "id": 1756640589132,
      "type": "smoked",
      "category": "vaping",
      "timestamp": "2025-08-31T11:43:09.132Z",
      "note": "",
      "date": "Sun Aug 31 2025"
    },
    {
      "id": 1756641617132,
      "type": "smoked",
      "category": "vaping",
      "timestamp": "2025-08-31T12:00:17.132Z",
      "note": "",
      "date": "Sun Aug 31 2025"
    },
    {
      "id": 1756646904132,
      "type": "craving",
      "category": "vaping",
      "timestamp": "2025-08-31T13:28:14.132Z",
      "note": "",
      "date": "Sun Aug 31 2025",
      "intensity": 3
    },
    {
      "id": 1756652653132,
      "type": "smoked",
      "category": "vaping",
      "timestamp": "2025-08-31T15:04:13.132Z",
      "note": "",
      "date": "Sun Aug 31 2025"
    },
    {
      "id": 1756661949132,
      "type": "craving",
      "category": "alcohol",
      "timestamp": "2025-08-31T17:38:49.132Z",
      "note": "",
      "date": "Sun Aug 31 2025",
      "intensity": 2
    },
    {
      "id": 1756663293134,
      "type": "smoked",
      "category": "alcohol",
      "timestamp": "2025-08-31T18:01:33.132Z",
      "note": "",
      "date": "Sun Aug 31 2025",
      "cost": 1.25
    },
    {
      "id": 1756663330135,
      "type": "smoked",
      "category": "alcohol",
      "timestamp": "2025-08-31T18:02:10.132Z",
      "note": "",
      "date": "Sun Aug 31 2025",
      "cost": 1.25
    },
    {
      "id": 1756664534132,
      "type": "smoked",
      "category": "vaping",
      "timestamp": "2025-08-31T18:22:14.132Z",
      "note": "",
      "date": "Sun Aug 31 2025"
    },
    {
      "id": 1756669846132,
      "type": "smoked",
      "category": "vaping",
      "timestamp": "2025-08-31T19:50:46.132Z",
      "note": "",
      "date": "Sun Aug 31 2025"
    },
    {
      "id": 1756670220134,
      "type": "craving",
      "category": "vaping",
      "timestamp": "2025-08-31T19:56:50.132Z",
      "note": "",
      "date": "Sun Aug 31 2025",
      "intensity": 2
    },
    {
      "id": 1756672801132,
      "type": "smoked",
      "category": "vaping",
      "timestamp": "2025-08-31T20:40:01.132Z",
      "note": "",
      "date": "Sun Aug 31 2025"
    },
    {
      "id": 1756678659132,
      "type": "smoked",
      "category": "alcohol",
      "timestamp": "2025-08-31T22:17:39.132Z",
      "note": "",
      "date": "Sun Aug 31 2025",
      "cost": 1.25
    },
    {
      "id": 1756679303136,
      "type": "smoked",
      "category": "alcohol",
      "timestamp": "2025-08-31T22:28:23.132Z",
      "note": "",
      "date": "Sun Aug 31 2025",
      "cost": 1.25
    },
    {
      "id": 1756679655133,
      "type": "smoked",
      "category": "alcohol",
      "timestamp": "2025-08-31T22:34:15.132Z",
      "note": "",
      "date": "Sun Aug 31 2025",
      "cost": 1.25
    },
    {
      "id": 1756713418132,
      "type": "smoked",
      "category": "vaping",
      "timestamp": "2025-09-01T07:56:58.132Z",
      "note": "",
      "date": "Mon Sep 01 2025"
    },
    {
      "id": 1756718402132,
      "type": "smoked",
      "category": "vaping",
      "timestamp": "2025-09-01T09:20:02.132Z",
      "note": "",
      "date": "Mon Sep 01 2025"
    },
    {
      "id": 1756720057132,
      "type": "smoked",
      "category": "vaping",
      "timestamp": "2025-09-01T09:47:37.132Z",
      "note": "",
      "date": "Mon Sep 01 2025"
    },
    {
      "id": 1756723135137,
      "type": "craving",
      "category": "vaping",
      "timestamp": "2025-09-01T10:38:45.132Z",
      "note": "",
      "date": "Mon Sep 01 2025",
      "intensity": 2
    },
    {
      "id": 1756723771136,
      "type": "craving",
      "category": "vaping",
      "timestamp": "2025-09-01T10:49:21.132Z",
      "note": "",
      "date": "Mon Sep 01 2025",
      "intensity": 1
    },
    {
      "id": 1756726805132,
      "type": "smoked",
      "category": "vaping",
      "timestamp": "2025-09-01T11:40:05.132Z",
      "note": "",
      "date": "Mon Sep 01 2025"
    },
    {
      "id": 1756733713134,
      "type": "craving",
      "category": "vaping",
      "timestamp": "2025-09-01T13:35:03.132Z",
      "note": "",
      "date": "Mon Sep 01 2025",
      "intensity": 2
    },
    {
      "id": 1756735048132,
      "type": "smoked",
      "category": "vaping",
      "timestamp": "2025-09-01T13:57:28.132Z",
      "note": "",
      "date": "Mon Sep 01 2025"
    },
    {
      "id": 1756737520132,
      "type": "smoked",
      "category": "vaping",
      "timestamp": "2025-09-01T14:38:40.132Z",
      "note": "",
      "date": "Mon Sep 01 2025"
    },
    {
      "id": 1756739061135,
      "type": "craving",
      "category": "vaping",
      "timestamp": "2025-09-01T15:04:11.132Z",
      "note": "",
      "date": "Mon Sep 01 2025",
      "intensity": 2
    },
    {
      "id": 1756740731132,
      "type": "craving",
      "category": "alcohol",
      "timestamp": "2025-09-01T15:31:51.132Z",
      "note": "",
      "date": "Mon Sep 01 2025",
      "intensity": 2
    },
    {
      "id": 1756743396132,
      "type": "smoked",
      "category": "vaping",
      "timestamp": "2025-09-01T16:16:36.132Z",
      "note": "",
      "date": "Mon Sep 01 2025"
    },
    {
      "id": 1756745941132,
      "type": "craving",
      "category": "vaping",
      "timestamp": "2025-09-01T16:58:51.132Z",
      "note": "",
      "date": "Mon Sep 01 2025",
      "intensity": 1
    },
    {
      "id": 1756747105133,
      "type": "craving",
      "category": "alcohol",
      "timestamp": "2025-09-01T17:18:05.132Z",
      "note": "",
      "date": "Mon Sep 01 2025",
      "intensity": 1
    },
    {
      "id": 1756749204135,
      "type": "smoked",
      "category": "alcohol",
      "timestamp": "2025-09-01T17:53:24.132Z",
      "note": "",
      "date": "Mon Sep 01 2025",
      "cost": 1
    },
    {
      "id": 1756753313133,
      "type": "craving",
      "category": "vaping",
      "timestamp": "2025-09-01T19:01:43.132Z",
      "note": "",
      "date": "Mon Sep 01 2025",
      "intensity": 3
    },
    {
      "id": 1756753972132,
      "type": "smoked",
      "category": "alcohol",
      "timestamp": "2025-09-01T19:12:52.132Z",
      "note": "",
      "date": "Mon Sep 01 2025",
      "cost": 1
    },
    {
      "id": 1756755392134,
      "type": "smoked",
      "category": "alcohol",
      "timestamp": "2025-09-01T19:36:32.132Z",
      "note": "",
      "date": "Mon Sep 01 2025",
      "cost": 0.75
    },
    {
      "id": 1756755672132,
      "type": "smoked",
      "category": "vaping",
      "timestamp": "2025-09-01T19:41:12.132Z",
      "note": "",
      "date": "Mon Sep 01 2025"
    },
    {
      "id": 1756756788133,
      "type": "smoked",
      "category": "alcohol",
      "timestamp": "2025-09-01T19:59:48.132Z",
      "note": "",
      "date": "Mon Sep 01 2025",
      "cost": 0.75
    },
    {
      "id": 1756760763132,
      "type": "smoked",
      "category": "vaping",
      "timestamp": "2025-09-01T21:06:03.132Z",
      "note": "",
      "date": "Mon Sep 01 2025"
    },
    {
      "id": 1756765653132,
      "type": "smoked",
      "category": "vaping",
      "timestamp": "2025-09-01T22:27:33.132Z",
      "note": "",
      "date": "Mon Sep 01 2025"
    },
    {
      "id": 1756799396133,
      "type": "craving",
      "category": "vaping",
      "timestamp": "2025-09-02T07:49:46.132Z",
      "note": "",
      "date": "Tue Sep 02 2025",
      "intensity": 1
    },
    {
      "id": 1756801206132,
      "type": "smoked",
      "category": "vaping",
      "timestamp": "2025-09-02T08:20:06.132Z",
      "note": "",
      "date": "Tue Sep 02 2025"
    },
    {
      "id": 1756801628132,
      "type": "craving",
      "category": "vaping",
      "timestamp": "2025-09-02T08:26:58.132Z",
      "note": "",
      "date": "Tue Sep 02 2025",
      "intensity": 2
    },
    {
      "id": 1756803540132,
      "type": "smoked",
      "category": "vaping",
      "timestamp": "2025-09-02T08:59:00.132Z",
      "note": "",
      "date": "Tue Sep 02 2025"
    },
    {
      "id": 1756804809132,
      "type": "smoked",
      "category": "vaping",
      "timestamp": "2025-09-02T09:20:09.132Z",
      "note": "",
      "date": "Tue Sep 02 2025"
    },
    {
      "id": 1756806814132,
      "type": "smoked",
      "category": "vaping",
      "timestamp": "2025-09-02T09:53:34.132Z",
      "note": "",
      "date": "Tue Sep 02 2025"
    },
    {
      "id": 1756809208134,
      "type": "craving",
      "category": "vaping",
      "timestamp": "2025-09-02T10:33:18.132Z",
      "note": "",
      "date": "Tue Sep 02 2025",
      "intensity": 2
    },
    {
      "id": 1756815234132,
      "type": "smoked",
      "category": "vaping",
      "timestamp": "2025-09-02T12:13:54.132Z",
      "note": "",
      "date": "Tue Sep 02 2025"
    },
    {
      "id": 1756816256132,
      "type": "smoked",
      "category": "vaping",
      "timestamp": "2025-09-02T12:30:56.132Z",
      "note": "",
      "date": "Tue Sep 02 2025"
    },
    {
      "id": 1756828360132,
      "type": "craving",
      "category": "alcohol",
      "timestamp": "2025-09-02T15:52:20.132Z",
      "note": "",
      "date": "Tue Sep 02 2025",
      "intensity": 2
    },
    {
      "id": 1756828805135,
      "type": "craving",
      "category": "vaping",
      "timestamp": "2025-09-02T15:59:55.132Z",
      "note": "",
      "date": "Tue Sep 02 2025",
      "intensity": 2
    },
    {
      "id": 1756829713132,
      "type": "smoked",
      "category": "vaping",
      "timestamp": "2025-09-02T16:15:13.132Z",
      "note": "",
      "date": "Tue Sep 02 2025"
    },
    {
      "id": 1756838985132,
      "type": "smoked",
      "category": "alcohol",
      "timestamp": "2025-09-02T18:49:45.132Z",
      "note": "",
      "date": "Tue Sep 02 2025",
      "cost": 0.75
    },
    {
      "id": 1756842040137,
      "type": "smoked",
      "category": "alcohol",
      "timestamp": "2025-09-02T19:40:40.132Z",
      "note": "",
      "date": "Tue Sep 02 2025",
      "cost": 1
    },
    {
      "id": 1756842779134,
      "type": "smoked",
      "category": "alcohol",
      "timestamp": "2025-09-02T19:52:59.132Z",
      "note": "",
      "date": "Tue Sep 02 2025",
      "cost": 1
    },
    {
      "id": 1756844173135,
      "type": "smoked",
      "category": "alcohol",
      "timestamp": "2025-09-02T20:16:13.132Z",
      "note": "",
      "date": "Tue Sep 02 2025",
      "cost": 0.75
    },
    {
      "id": 1756845171132,
      "type": "smoked",
      "category": "vaping",
      "timestamp": "2025-09-02T20:32:51.132Z",
      "note": "",
      "date": "Tue Sep 02 2025"
    },
    {
      "id": 1756845889132,
      "type": "smoked",
      "category": "vaping",
      "timestamp": "2025-09-02T20:44:49.132Z",
      "note": "",
      "date": "Tue Sep 02 2025"
    },
    {
      "id": 1756848317132,
      "type": "smoked",
      "category": "vaping",
      "timestamp": "2025-09-02T21:25:17.132Z",
      "note": "",
      "date": "Tue Sep 02 2025"
    },
    {
      "id": 1756851743132,
      "type": "smoked",
      "category": "vaping",
      "timestamp": "2025-09-02T22:22:23.132Z",
      "note": "",
      "date": "Tue Sep 02 2025"
    },
    {
      "id": 1756853243133,
      "type": "smoked",
      "category": "alcohol",
      "timestamp": "2025-09-02T22:47:23.132Z",
      "note": "",
      "date": "Tue Sep 02 2025",
      "cost": 1
    },
    {
      "id": 1756853535136,
      "type": "smoked",
      "category": "alcohol",
      "timestamp": "2025-09-02T22:52:15.132Z",
      "note": "",
      "date": "Tue Sep 02 2025",
      "cost": 0.75
    },
    {
      "id": 1756887287132,
      "type": "smoked",
      "category": "vaping",
      "timestamp": "2025-09-03T08:14:47.132Z",
      "note": "",
      "date": "Wed Sep 03 2025"
    },
    {
      "id": 1756890743132,
      "type": "smoked",
      "category": "vaping",
      "timestamp": "2025-09-03T09:12:23.132Z",
      "note": "",
      "date": "Wed Sep 03 2025"
    },
    {
      "id": 1756895129133,
      "type": "craving",
      "category": "vaping",
      "timestamp": "2025-09-03T10:25:19.132Z",
      "note": "",
      "date": "Wed Sep 03 2025",
      "intensity": 2
    },
    {
      "id": 1756900988132,
      "type": "craving",
      "category": "vaping",
      "timestamp": "2025-09-03T12:02:58.132Z",
      "note": "",
      "date": "Wed Sep 03 2025",
      "intensity": 2
    },
    {
      "id": 1756903062132,
      "type": "smoked",
      "category": "vaping",
      "timestamp": "2025-09-03T12:37:42.132Z",
      "note": "",
      "date": "Wed Sep 03 2025"
    },
    {
      "id": 1756905351136,
      "type": "craving",
      "category": "vaping",
      "timestamp": "2025-09-03T13:15:41.132Z",
      "note": "",
      "date": "Wed Sep 03 2025",
      "intensity": 3
    },
    {
      "id": 1756912047132,
      "type": "smoked",
      "category": "vaping",
      "timestamp": "2025-09-03T15:07:27.132Z",
      "note": "",
      "date": "Wed Sep 03 2025"
    },
    {
      "id": 1756919204132,
      "type": "smoked",
      "category": "vaping",
      "timestamp": "2025-09-03T17:06:44.132Z",
      "note": "",
      "date": "Wed Sep 03 2025"
    },
    {
      "id": 1756920889132,
      "type": "craving",
      "category": "alcohol",
      "timestamp": "2025-09-03T17:34:29.132Z",
      "note": "",
      "date": "Wed Sep 03 2025",
      "intensity": 2
    },
    {
      "id": 1756922579132,
      "type": "smoked",
      "category": "vaping",
      "timestamp": "2025-09-03T18:02:59.132Z",
      "note": "",
      "date": "Wed Sep 03 2025"
    },
    {
      "id": 1756925435135,
      "type": "craving",
      "category": "vaping",
      "timestamp": "2025-09-03T18:50:25.132Z",
      "note": "",
      "date": "Wed Sep 03 2025",
      "intensity": 1
    },
    {
      "id": 1756925714132,
      "type": "smoked",
      "category": "vaping",
      "timestamp": "2025-09-03T18:55:14.132Z",
      "note": "",
      "date": "Wed Sep 03 2025"
    },
    {
      "id": 1756925726132,
      "type": "smoked",
      "category": "vaping",
      "timestamp": "2025-09-03T18:55:26.132Z",
      "note": "",
      "date": "Wed Sep 03 2025"
    },
    {
      "id": 1756926015132,
      "type": "smoked",
      "category": "vaping",
      "timestamp": "2025-09-03T19:00:15.132Z",
      "note": "",
      "date": "Wed Sep 03 2025"
    },
    {
      "id": 1756933720132,
      "type": "smoked",
      "category": "alcohol",
      "timestamp": "2025-09-03T21:08:40.132Z",
      "note": "",
      "date": "Wed Sep 03 2025",
      "cost": 1
    },
    {
      "id": 1756934108134,
      "type": "craving",
      "category": "vaping",
      "timestamp": "2025-09-03T21:14:58.132Z",
      "note": "",
      "date": "Wed Sep 03 2025",
      "intensity": 3
    },
    {
      "id": 1756934640134,
      "type": "smoked",
      "category": "alcohol",
      "timestamp": "2025-09-03T21:24:00.132Z",
      "note": "",
      "date": "Wed Sep 03 2025",
      "cost": 1.25
    },
    {
      "id": 1756935992132,
      "type": "smoked",
      "category": "vaping",
      "timestamp": "2025-09-03T21:46:32.132Z",
      "note": "",
      "date": "Wed Sep 03 2025"
    },
    {
      "id": 1756936155132,
      "type": "smoked",
      "category": "vaping",
      "timestamp": "2025-09-03T21:49:15.132Z",
      "note": "",
      "date": "Wed Sep 03 2025"
    },
    {
      "id": 1756936847133,
      "type": "smoked",
      "category": "alcohol",
      "timestamp": "2025-09-03T22:00:47.132Z",
      "note": "",
      "date": "Wed Sep 03 2025",
      "cost": 1.25
    },
    {
      "id": 1756938271132,
      "type": "smoked",
      "category": "vaping",
      "timestamp": "2025-09-03T22:24:31.132Z",
      "note": "",
      "date": "Wed Sep 03 2025"
    },
    {
      "id": 1756969228132,
      "type": "smoked",
      "category": "vaping",
      "timestamp": "2025-09-04T07:00:28.132Z",
      "note": "",
      "date": "Thu Sep 04 2025"
    },
    {
      "id": 1756974409132,
      "type": "craving",
      "category": "vaping",
      "timestamp": "2025-09-04T08:26:39.132Z",
      "note": "",
      "date": "Thu Sep 04 2025",
      "intensity": 1
    },
    {
      "id": 1756974685132,
      "type": "smoked",
      "category": "vaping",
      "timestamp": "2025-09-04T08:31:25.132Z",
      "note": "",
      "date": "Thu Sep 04 2025"
    },
    {
      "id": 1756986005132,
      "type": "smoked",
      "category": "vaping",
      "timestamp": "2025-09-04T11:40:05.132Z",
      "note": "",
      "date": "Thu Sep 04 2025"
    },
    {
      "id": 1756987577132,
      "type": "smoked",
      "category": "vaping",
      "timestamp": "2025-09-04T12:06:17.132Z",
      "note": "",
      "date": "Thu Sep 04 2025"
    },
    {
      "id": 1756993135132,
      "type": "smoked",
      "category": "vaping",
      "timestamp": "2025-09-04T13:38:55.132Z",
      "note": "",
      "date": "Thu Sep 04 2025"
    },
    {
      "id": 1756993512132,
      "type": "smoked",
      "category": "vaping",
      "timestamp": "2025-09-04T13:45:12.132Z",
      "note": "",
      "date": "Thu Sep 04 2025"
    },
    {
      "id": 1756997155132,
      "type": "smoked",
      "category": "vaping",
      "timestamp": "2025-09-04T14:45:55.132Z",
      "note": "",
      "date": "Thu Sep 04 2025"
    },
    {
      "id": 1756999850133,
      "type": "craving",
      "category": "alcohol",
      "timestamp": "2025-09-04T15:30:30.132Z",
      "note": "",
      "date": "Thu Sep 04 2025",
      "intensity": 2
    },
    {
      "id": 1757005853133,
      "type": "craving",
      "category": "vaping",
      "timestamp": "2025-09-04T17:10:43.132Z",
      "note": "",
      "date": "Thu Sep 04 2025",
      "intensity": 1
    },
    {
      "id": 1757007934132,
      "type": "smoked",
      "category": "vaping",
      "timestamp": "2025-09-04T17:45:34.132Z",
      "note": "",
      "date": "Thu Sep 04 2025"
    },
    {
      "id": 1757008488134,
      "type": "craving",
      "category": "vaping",
      "timestamp": "2025-09-04T17:54:38.132Z",
      "note": "",
      "date": "Thu Sep 04 2025",
      "intensity": 2
    },
    {
      "id": 1757011353133,
      "type": "smoked",
      "category": "alcohol",
      "timestamp": "2025-09-04T18:42:33.132Z",
      "note": "",
      "date": "Thu Sep 04 2025",
      "cost": 0.75
    },
    {
      "id": 1757011371132,
      "type": "smoked",
      "category": "vaping",
      "timestamp": "2025-09-04T18:42:51.132Z",
      "note": "",
      "date": "Thu Sep 04 2025"
    },
    {
      "id": 1757012179132,
      "type": "craving",
      "category": "alcohol",
      "timestamp": "2025-09-04T18:55:59.132Z",
      "note": "",
      "date": "Thu Sep 04 2025",
      "intensity": 2
    },
    {
      "id": 1757013826132,
      "type": "smoked",
      "category": "alcohol",
      "timestamp": "2025-09-04T19:23:46.132Z",
      "note": "",
      "date": "Thu Sep 04 2025",
      "cost": 1.25
    },
    {
      "id": 1757017729135,
      "type": "craving",
      "category": "vaping",
      "timestamp": "2025-09-04T20:28:39.132Z",
      "note": "",
      "date": "Thu Sep 04 2025",
      "intensity": 2
    },
    {
      "id": 1757017885134,
      "type": "smoked",
      "category": "alcohol",
      "timestamp": "2025-09-04T20:31:25.132Z",
      "note": "",
      "date": "Thu Sep 04 2025",
      "cost": 0.75
    },
    {
      "id": 1757022703132,
      "type": "smoked",
      "category": "vaping",
      "timestamp": "2025-09-04T21:51:43.132Z",
      "note": "",
      "date": "Thu Sep 04 2025"
    },
    {
      "id": 1757025363136,
      "type": "craving",
      "category": "vaping",
      "timestamp": "2025-09-04T22:35:53.132Z",
      "note": "",
      "date": "Thu Sep 04 2025",
      "intensity": 3
    },
    {
      "id": 1757059154134,
      "type": "craving",
      "category": "vaping",
      "timestamp": "2025-09-05T07:59:04.132Z",
      "note": "",
      "date": "Fri Sep 05 2025",
      "intensity": 2
    },
    {
      "id": 1757060217132,
      "type": "smoked",
      "category": "vaping",
      "timestamp": "2025-09-05T08:16:57.132Z",
      "note": "",
      "date": "Fri Sep 05 2025"
    },
    {
      "id": 1757067568132,
      "type": "smoked",
      "category": "vaping",
      "timestamp": "2025-09-05T10:19:28.132Z",
      "note": "",
      "date": "Fri Sep 05 2025"
    },
    {
      "id": 1757077086132,
      "type": "craving",
      "category": "vaping",
      "timestamp": "2025-09-05T12:57:56.132Z",
      "note": "",
      "date": "Fri Sep 05 2025",
      "intensity": 2
    },
    {
      "id": 1757083181132,
      "type": "smoked",
      "category": "vaping",
      "timestamp": "2025-09-05T14:39:41.132Z",
      "note": "",
      "date": "Fri Sep 05 2025"
    },
    {
      "id": 1757084985132,
      "type": "smoked",
      "category": "vaping",
      "timestamp": "2025-09-05T15:09:45.132Z",
      "note": "",
      "date": "Fri Sep 05 2025"
    },
    {
      "id": 1757088428132,
      "type": "craving",
      "category": "alcohol",
      "timestamp": "2025-09-05T16:06:48.132Z",
      "note": "",
      "date": "Fri Sep 05 2025",
      "intensity": 1
    },
    {
      "id": 1757092263132,
      "type": "smoked",
      "category": "vaping",
      "timestamp": "2025-09-05T17:11:03.132Z",
      "note": "",
      "date": "Fri Sep 05 2025"
    },
    {
      "id": 1757095634132,
      "type": "smoked",
      "category": "alcohol",
      "timestamp": "2025-09-05T18:07:14.132Z",
      "note": "",
      "date": "Fri Sep 05 2025",
      "cost": 1
    },
    {
      "id": 1757096633133,
      "type": "craving",
      "category": "vaping",
      "timestamp": "2025-09-05T18:23:43.132Z",
      "note": "",
      "date": "Fri Sep 05 2025",
      "intensity": 1
    },
    {
      "id": 1757098478132,
      "type": "smoked",
      "category": "vaping",
      "timestamp": "2025-09-05T18:54:38.132Z",
      "note": "",
      "date": "Fri Sep 05 2025"
    },
    {
      "id": 1757098551133,
      "type": "smoked",
      "category": "alcohol",
      "timestamp": "2025-09-05T18:55:51.132Z",
      "note": "",
      "date": "Fri Sep 05 2025",
      "cost": 1.25
    },
    {
      "id": 1757100412132,
      "type": "smoked",
      "category": "vaping",
      "timestamp": "2025-09-05T19:26:52.132Z",
      "note": "",
      "date": "Fri Sep 05 2025"
    },
    {
      "id": 1757104942132,
      "type": "smoked",
      "category": "vaping",
      "timestamp": "2025-09-05T20:42:22.132Z",
      "note": "",
      "date": "Fri Sep 05 2025"
    },
    {
      "id": 1757109805134,
      "type": "smoked",
      "category": "alcohol",
      "timestamp": "2025-09-05T22:03:25.132Z",
      "note": "",
      "date": "Fri Sep 05 2025",
      "cost": 0.75
    },
    {
      "id": 1757151781132,
      "type": "smoked",
      "category": "vaping",
      "timestamp": "2025-09-06T09:43:01.132Z",
      "note": "",
      "date": "Sat Sep 06 2025"
    },
    {
      "id": 1757160122132,
      "type": "smoked",
      "category": "vaping",
      "timestamp": "2025-09-06T12:02:02.132Z",
      "note": "",
      "date": "Sat Sep 06 2025"
    },
    {
      "id": 1757161473132,
      "type": "smoked",
      "category": "vaping",
      "timestamp": "2025-09-06T12:24:33.132Z",
      "note": "",
      "date": "Sat Sep 06 2025"
    },
    {
      "id": 1757169402132,
      "type": "craving",
      "category": "vaping",
      "timestamp": "2025-09-06T14:36:32.132Z",
      "note": "",
      "date": "Sat Sep 06 2025",
      "intensity": 2
    },
    {
      "id": 1757174918134,
      "type": "craving",
      "category": "vaping",
      "timestamp": "2025-09-06T16:08:28.132Z",
      "note": "",
      "date": "Sat Sep 06 2025",
      "intensity": 2
    },
    {
      "id": 1757176586133,
      "type": "craving",
      "category": "alcohol",
      "timestamp": "2025-09-06T16:36:06.132Z",
      "note": "",
      "date": "Sat Sep 06 2025",
      "intensity": 2
    },
    {
      "id": 1757176802133,
      "type": "craving",
      "category": "vaping",
      "timestamp": "2025-09-06T16:39:52.132Z",
      "note": "",
      "date": "Sat Sep 06 2025",
      "intensity": 3
    },
    {
      "id": 1757179574132,
      "type": "craving",
      "category": "alcohol",
      "timestamp": "2025-09-06T17:25:54.132Z",
      "note": "",
      "date": "Sat Sep 06 2025",
      "intensity": 2
    },
    {
      "id": 1757181228132,
      "type": "smoked",
      "category": "vaping",
      "timestamp": "2025-09-06T17:53:48.132Z",
      "note": "",
      "date": "Sat Sep 06 2025"
    },
    {
      "id": 1757184379136,
      "type": "smoked",
      "category": "alcohol",
      "timestamp": "2025-09-06T18:46:19.132Z",
      "note": "",
      "date": "Sat Sep 06 2025",
      "cost": 0.75
    },
    {
      "id": 1757186613134,
      "type": "smoked",
      "category": "alcohol",
      "timestamp": "2025-09-06T19:23:33.132Z",
      "note": "",
      "date": "Sat Sep 06 2025",
      "cost": 0.75
    },
    {
      "id": 1757186622132,
      "type": "smoked",
      "category": "vaping",
      "timestamp": "2025-09-06T19:23:42.132Z",
      "note": "",
      "date": "Sat Sep 06 2025"
    },
    {
      "id": 1757187133137,
      "type": "smoked",
      "category": "alcohol",
      "timestamp": "2025-09-06T19:32:13.132Z",
      "note": "",
      "date": "Sat Sep 06 2025",
      "cost": 1.25
    },
    {
      "id": 1757187791132,
      "type": "smoked",
      "category": "vaping",
      "timestamp": "2025-09-06T19:43:11.132Z",
      "note": "",
      "date": "Sat Sep 06 2025"
    },
    {
      "id": 1757187818132,
      "type": "smoked",
      "category": "vaping",
      "timestamp": "2025-09-06T19:43:38.132Z",
      "note": "",
      "date": "Sat Sep 06 2025"
    },
    {
      "id": 1757188722133,
      "type": "smoked",
      "category": "alcohol",
      "timestamp": "2025-09-06T19:58:42.132Z",
      "note": "",
      "date": "Sat Sep 06 2025",
      "cost": 1
    },
    {
      "id": 1757189546135,
      "type": "smoked",
      "category": "alcohol",
      "timestamp": "2025-09-06T20:12:26.132Z",
      "note": "",
      "date": "Sat Sep 06 2025",
      "cost": 0.75
    },
    {
      "id": 1757196177132,
      "type": "smoked",
      "category": "alcohol",
      "timestamp": "2025-09-06T22:02:57.132Z",
      "note": "",
      "date": "Sat Sep 06 2025",
      "cost": 0.75
    },
    {
      "id": 1757198256132,
      "type": "smoked",
      "category": "vaping",
      "timestamp": "2025-09-06T22:37:36.132Z",
      "note": "",
      "date": "Sat Sep 06 2025"
    },
    {
      "id": 1757230378132,
      "type": "smoked",
      "category": "vaping",
      "timestamp": "2025-09-07T07:32:58.132Z",
      "note": "",
      "date": "Sun Sep 07 2025"
    },
    {
      "id": 1757235334132,
      "type": "craving",
      "category": "vaping",
      "timestamp": "2025-09-07T08:55:24.132Z",
      "note": "",
      "date": "Sun Sep 07 2025",
      "intensity": 3
    },
    {
      "id": 1757238672132,
      "type": "smoked",
      "category": "vaping",
      "timestamp": "2025-09-07T09:51:12.132Z",
      "note": "",
      "date": "Sun Sep 07 2025"
    },
    {
      "id": 1757240957132,
      "type": "smoked",
      "category": "vaping",
      "timestamp": "2025-09-07T10:29:17.132Z",
      "note": "",
      "date": "Sun Sep 07 2025"
    },
    {
      "id": 1757241998132,
      "type": "smoked",
      "category": "vaping",
      "timestamp": "2025-09-07T10:46:38.132Z",
      "note": "",
      "date": "Sun Sep 07 2025"
    },
    {
      "id": 1757247179132,
      "type": "smoked",
      "category": "vaping",
      "timestamp": "2025-09-07T12:12:59.132Z",
      "note": "",
      "date": "Sun Sep 07 2025"
    },
    {
      "id": 1757247532132,
      "type": "smoked",
      "category": "vaping",
      "timestamp": "2025-09-07T12:18:52.132Z",
      "note": "",
      "date": "Sun Sep 07 2025"
    },
    {
      "id": 1757247587132,
      "type": "smoked",
      "category": "vaping",
      "timestamp": "2025-09-07T12:19:47.132Z",
      "note": "",
      "date": "Sun Sep 07 2025"
    },
    {
      "id": 1757249157132,
      "type": "smoked",
      "category": "vaping",
      "timestamp": "2025-09-07T12:45:57.132Z",
      "note": "",
      "date": "Sun Sep 07 2025"
    },
    {
      "id": 1757257731132,
      "type": "smoked",
      "category": "vaping",
      "timestamp": "2025-09-07T15:08:51.132Z",
      "note": "",
      "date": "Sun Sep 07 2025"
    },
    {
      "id": 1757264130132,
      "type": "craving",
      "category": "alcohol",
      "timestamp": "2025-09-07T16:55:10.132Z",
      "note": "",
      "date": "Sun Sep 07 2025",
      "intensity": 2
    },
    {
      "id": 1757265647135,
      "type": "craving",
      "category": "vaping",
      "timestamp": "2025-09-07T17:20:37.132Z",
      "note": "",
      "date": "Sun Sep 07 2025",
      "intensity": 2
    },
    {
      "id": 1757266092134,
      "type": "smoked",
      "category": "alcohol",
      "timestamp": "2025-09-07T17:28:12.132Z",
      "note": "",
      "date": "Sun Sep 07 2025",
      "cost": 1
    },
    {
      "id": 1757266905136,
      "type": "craving",
      "category": "vaping",
      "timestamp": "2025-09-07T17:41:35.132Z",
      "note": "",
      "date": "Sun Sep 07 2025",
      "intensity": 3
    },
    {
      "id": 1757267708137,
      "type": "smoked",
      "category": "alcohol",
      "timestamp": "2025-09-07T17:55:08.132Z",
      "note": "",
      "date": "Sun Sep 07 2025",
      "cost": 1.25
    },
    {
      "id": 1757269366133,
      "type": "smoked",
      "category": "alcohol",
      "timestamp": "2025-09-07T18:22:46.132Z",
      "note": "",
      "date": "Sun Sep 07 2025",
      "cost": 1
    },
    {
      "id": 1757274371135,
      "type": "smoked",
      "category": "alcohol",
      "timestamp": "2025-09-07T19:46:11.132Z",
      "note": "",
      "date": "Sun Sep 07 2025",
      "cost": 1
    },
    {
      "id": 1757274556136,
      "type": "smoked",
      "category": "alcohol",
      "timestamp": "2025-09-07T19:49:16.132Z",
      "note": "",
      "date": "Sun Sep 07 2025",
      "cost": 1
    },
    {
      "id": 1757275453132,
      "type": "smoked",
      "category": "alcohol",
      "timestamp": "2025-09-07T20:04:13.132Z",
      "note": "",
      "date": "Sun Sep 07 2025",
      "cost": 1.25
    },
    {
      "id": 1757277671133,
      "type": "craving",
      "category": "vaping",
      "timestamp": "2025-09-07T20:41:01.132Z",
      "note": "",
      "date": "Sun Sep 07 2025",
      "intensity": 1
    },
    {
      "id": 1757279167134,
      "type": "craving",
      "category": "vaping",
      "timestamp": "2025-09-07T21:05:57.132Z",
      "note": "",
      "date": "Sun Sep 07 2025",
      "intensity": 2
    },
    {
      "id": 1757282390132,
      "type": "smoked",
      "category": "vaping",
      "timestamp": "2025-09-07T21:59:50.132Z",
      "note": "",
      "date": "Sun Sep 07 2025"
    },
    {
      "id": 1757320245132,
      "type": "smoked",
      "category": "vaping",
      "timestamp": "2025-09-08T08:30:45.132Z",
      "note": "",
      "date": "Mon Sep 08 2025"
    },
    {
      "id": 1757321865137,
      "type": "craving",
      "category": "vaping",
      "timestamp": "2025-09-08T08:57:35.132Z",
      "note": "",
      "date": "Mon Sep 08 2025",
      "intensity": 1
    },
    {
      "id": 1757323359132,
      "type": "smoked",
      "category": "vaping",
      "timestamp": "2025-09-08T09:22:39.132Z",
      "note": "",
      "date": "Mon Sep 08 2025"
    },
    {
      "id": 1757323513132,
      "type": "smoked",
      "category": "vaping",
      "timestamp": "2025-09-08T09:25:13.132Z",
      "note": "",
      "date": "Mon Sep 08 2025"
    },
    {
      "id": 1757324828132,
      "type": "smoked",
      "category": "vaping",
      "timestamp": "2025-09-08T09:47:08.132Z",
      "note": "",
      "date": "Mon Sep 08 2025"
    },
    {
      "id": 1757330242132,
      "type": "smoked",
      "category": "vaping",
      "timestamp": "2025-09-08T11:17:22.132Z",
      "note": "",
      "date": "Mon Sep 08 2025"
    },
    {
      "id": 1757348611132,
      "type": "smoked",
      "category": "vaping",
      "timestamp": "2025-09-08T16:23:31.132Z",
      "note": "",
      "date": "Mon Sep 08 2025"
    },
    {
      "id": 1757349822132,
      "type": "craving",
      "category": "alcohol",
      "timestamp": "2025-09-08T16:43:22.132Z",
      "note": "",
      "date": "Mon Sep 08 2025",
      "intensity": 2
    },
    {
      "id": 1757350787134,
      "type": "craving",
      "category": "vaping",
      "timestamp": "2025-09-08T16:59:37.132Z",
      "note": "",
      "date": "Mon Sep 08 2025",
      "intensity": 1
    },
    {
      "id": 1757350878133,
      "type": "craving",
      "category": "vaping",
      "timestamp": "2025-09-08T17:01:08.132Z",
      "note": "",
      "date": "Mon Sep 08 2025",
      "intensity": 2
    },
    {
      "id": 1757352973134,
      "type": "smoked",
      "category": "alcohol",
      "timestamp": "2025-09-08T17:36:13.132Z",
      "note": "",
      "date": "Mon Sep 08 2025",
      "cost": 1
    },
    {
      "id": 1757354579133,
      "type": "craving",
      "category": "alcohol",
      "timestamp": "2025-09-08T18:02:39.132Z",
      "note": "",
      "date": "Mon Sep 08 2025",
      "intensity": 2
    },
    {
      "id": 1757355577132,
      "type": "smoked",
      "category": "vaping",
      "timestamp": "2025-09-08T18:19:37.132Z",
      "note": "",
      "date": "Mon Sep 08 2025"
    },
    {
      "id": 1757357498133,
      "type": "smoked",
      "category": "alcohol",
      "timestamp": "2025-09-08T18:51:38.132Z",
      "note": "",
      "date": "Mon Sep 08 2025",
      "cost": 1
    },
    {
      "id": 1757358674135,
      "type": "craving",
      "category": "vaping",
      "timestamp": "2025-09-08T19:11:04.132Z",
      "note": "",
      "date": "Mon Sep 08 2025",
      "intensity": 2
    },
    {
      "id": 1757361266132,
      "type": "smoked",
      "category": "alcohol",
      "timestamp": "2025-09-08T19:54:26.132Z",
      "note": "",
      "date": "Mon Sep 08 2025",
      "cost": 0.75
    },
    {
      "id": 1757363175132,
      "type": "craving",
      "category": "vaping",
      "timestamp": "2025-09-08T20:26:05.132Z",
      "note": "",
      "date": "Mon Sep 08 2025",
      "intensity": 1
    },
    {
      "id": 1757364566135,
      "type": "smoked",
      "category": "alcohol",
      "timestamp": "2025-09-08T20:49:26.132Z",
      "note": "",
      "date": "Mon Sep 08 2025",
      "cost": 0.75
    },
    {
      "id": 1757364964132,
      "type": "smoked",
      "category": "vaping",
      "timestamp": "2025-09-08T20:56:04.132Z",
      "note": "",
      "date": "Mon Sep 08 2025"
    },
    {
      "id": 1757366767132,
      "type": "smoked",
      "category": "vaping",
      "timestamp": "2025-09-08T21:26:07.132Z",
      "note": "",
      "date": "Mon Sep 08 2025"
    },
    {
      "id": 1757368706137,
      "type": "smoked",
      "category": "alcohol",
      "timestamp": "2025-09-08T21:58:26.132Z",
      "note": "",
      "date": "Mon Sep 08 2025",
      "cost": 0.75
    },
    {
      "id": 1757369628136,
      "type": "craving",
      "category": "vaping",
      "timestamp": "2025-09-08T22:13:38.132Z",
      "note": "",
      "date": "Mon Sep 08 2025",
      "intensity": 2
    },
    {
      "id": 1757371444136,
      "type": "smoked",
      "category": "alcohol",
      "timestamp": "2025-09-08T22:44:04.132Z",
      "note": "",
      "date": "Mon Sep 08 2025",
      "cost": 1
    },
    {
      "id": 1757401468132,
      "type": "smoked",
      "category": "vaping",
      "timestamp": "2025-09-09T07:04:28.132Z",
      "note": "",
      "date": "Tue Sep 09 2025"
    },
    {
      "id": 1757411097132,
      "type": "smoked",
      "category": "vaping",
      "timestamp": "2025-09-09T09:44:57.132Z",
      "note": "",
      "date": "Tue Sep 09 2025"
    },
    {
      "id": 1757411927132,
      "type": "craving",
      "category": "vaping",
      "timestamp": "2025-09-09T09:58:37.132Z",
      "note": "",
      "date": "Tue Sep 09 2025",
      "intensity": 2
    },
    {
      "id": 1757417094132,
      "type": "smoked",
      "category": "vaping",
      "timestamp": "2025-09-09T11:24:54.132Z",
      "note": "",
      "date": "Tue Sep 09 2025"
    },
    {
      "id": 1757424116132,
      "type": "smoked",
      "category": "vaping",
      "timestamp": "2025-09-09T13:21:56.132Z",
      "note": "",
      "date": "Tue Sep 09 2025"
    },
    {
      "id": 1757425829135,
      "type": "craving",
      "category": "vaping",
      "timestamp": "2025-09-09T13:50:19.132Z",
      "note": "",
      "date": "Tue Sep 09 2025",
      "intensity": 2
    },
    {
      "id": 1757425980132,
      "type": "smoked",
      "category": "vaping",
      "timestamp": "2025-09-09T13:53:00.132Z",
      "note": "",
      "date": "Tue Sep 09 2025"
    },
    {
      "id": 1757426604132,
      "type": "smoked",
      "category": "vaping",
      "timestamp": "2025-09-09T14:03:24.132Z",
      "note": "",
      "date": "Tue Sep 09 2025"
    },
    {
      "id": 1757427893132,
      "type": "smoked",
      "category": "vaping",
      "timestamp": "2025-09-09T14:24:53.132Z",
      "note": "",
      "date": "Tue Sep 09 2025"
    },
    {
      "id": 1757431289132,
      "type": "smoked",
      "category": "vaping",
      "timestamp": "2025-09-09T15:21:29.132Z",
      "note": "",
      "date": "Tue Sep 09 2025"
    },
    {
      "id": 1757432593132,
      "type": "craving",
      "category": "alcohol",
      "timestamp": "2025-09-09T15:42:53.132Z",
      "note": "",
      "date": "Tue Sep 09 2025",
      "intensity": 3
    },
    {
      "id": 1757434409132,
      "type": "smoked",
      "category": "vaping",
      "timestamp": "2025-09-09T16:13:29.132Z",
      "note": "",
      "date": "Tue Sep 09 2025"
    },
    {
      "id": 1757438901133,
      "type": "smoked",
      "category": "alcohol",
      "timestamp": "2025-09-09T17:28:21.132Z",
      "note": "",
      "date": "Tue Sep 09 2025",
      "cost": 0.75
    },
    {
      "id": 1757441972133,
      "type": "craving",
      "category": "alcohol",
      "timestamp": "2025-09-09T18:19:12.132Z",
      "note": "",
      "date": "Tue Sep 09 2025",
      "intensity": 1
    },
    {
      "id": 1757442880132,
      "type": "smoked",
      "category": "alcohol",
      "timestamp": "2025-09-09T18:34:40.132Z",
      "note": "",
      "date": "Tue Sep 09 2025",
      "cost": 1
    },
    {
      "id": 1757451910135,
      "type": "smoked",
      "category": "alcohol",
      "timestamp": "2025-09-09T21:05:10.132Z",
      "note": "",
      "date": "Tue Sep 09 2025",
      "cost": 1.25
    },
    {
      "id": 1757454553136,
      "type": "smoked",
      "category": "alcohol",
      "timestamp": "2025-09-09T21:49:13.132Z",
      "note": "",
      "date": "Tue Sep 09 2025",
      "cost": 0.75
    },
    {
      "id": 1757454733133,
      "type": "craving",
      "category": "vaping",
      "timestamp": "2025-09-09T21:52:03.132Z",
      "note": "",
      "date": "Tue Sep 09 2025",
      "intensity": 3
    },
    {
      "id": 1757456319134,
      "type": "smoked",
      "category": "alcohol",
      "timestamp": "2025-09-09T22:18:39.132Z",
      "note": "",
      "date": "Tue Sep 09 2025",
      "cost": 1
    },
    {
      "id": 1757456638134,
      "type": "craving",
      "category": "vaping",
      "timestamp": "2025-09-09T22:23:48.132Z",
      "note": "",
      "date": "Tue Sep 09 2025",
      "intensity": 1
    },
    {
      "id": 1757491858132,
      "type": "smoked",
      "category": "vaping",
      "timestamp": "2025-09-10T08:10:58.132Z",
      "note": "",
      "date": "Wed Sep 10 2025"
    },
    {
      "id": 1757492825132,
      "type": "smoked",
      "category": "vaping",
      "timestamp": "2025-09-10T08:27:05.132Z",
      "note": "",
      "date": "Wed Sep 10 2025"
    },
    {
      "id": 1757498985133,
      "type": "craving",
      "category": "vaping",
      "timestamp": "2025-09-10T10:09:35.132Z",
      "note": "",
      "date": "Wed Sep 10 2025",
      "intensity": 2
    },
    {
      "id": 1757501504132,
      "type": "smoked",
      "category": "vaping",
      "timestamp": "2025-09-10T10:51:44.132Z",
      "note": "",
      "date": "Wed Sep 10 2025"
    },
    {
      "id": 1757506576132,
      "type": "smoked",
      "category": "vaping",
      "timestamp": "2025-09-10T12:16:16.132Z",
      "note": "",
      "date": "Wed Sep 10 2025"
    },
    {
      "id": 1757506588132,
      "type": "smoked",
      "category": "vaping",
      "timestamp": "2025-09-10T12:16:28.132Z",
      "note": "",
      "date": "Wed Sep 10 2025"
    },
    {
      "id": 1757513255132,
      "type": "smoked",
      "category": "vaping",
      "timestamp": "2025-09-10T14:07:35.132Z",
      "note": "",
      "date": "Wed Sep 10 2025"
    },
    {
      "id": 1757514772132,
      "type": "smoked",
      "category": "vaping",
      "timestamp": "2025-09-10T14:32:52.132Z",
      "note": "",
      "date": "Wed Sep 10 2025"
    },
    {
      "id": 1757517366132,
      "type": "smoked",
      "category": "vaping",
      "timestamp": "2025-09-10T15:16:06.132Z",
      "note": "",
      "date": "Wed Sep 10 2025"
    },
    {
      "id": 1757517465132,
      "type": "craving",
      "category": "vaping",
      "timestamp": "2025-09-10T15:17:35.132Z",
      "note": "",
      "date": "Wed Sep 10 2025",
      "intensity": 3
    },
    {
      "id": 1757523482132,
      "type": "craving",
      "category": "alcohol",
      "timestamp": "2025-09-10T16:57:42.132Z",
      "note": "",
      "date": "Wed Sep 10 2025",
      "intensity": 1
    },
    {
      "id": 1757524661132,
      "type": "smoked",
      "category": "alcohol",
      "timestamp": "2025-09-10T17:17:41.132Z",
      "note": "",
      "date": "Wed Sep 10 2025",
      "cost": 1.25
    },
    {
      "id": 1757525550134,
      "type": "smoked",
      "category": "alcohol",
      "timestamp": "2025-09-10T17:32:30.132Z",
      "note": "",
      "date": "Wed Sep 10 2025",
      "cost": 1
    },
    {
      "id": 1757526399135,
      "type": "smoked",
      "category": "alcohol",
      "timestamp": "2025-09-10T17:46:39.132Z",
      "note": "",
      "date": "Wed Sep 10 2025",
      "cost": 1
    },
    {
      "id": 1757529212133,
      "type": "smoked",
      "category": "alcohol",
      "timestamp": "2025-09-10T18:33:32.132Z",
      "note": "",
      "date": "Wed Sep 10 2025",
      "cost": 0.75
    },
    {
      "id": 1757529624132,
      "type": "smoked",
      "category": "vaping",
      "timestamp": "2025-09-10T18:40:24.132Z",
      "note": "",
      "date": "Wed Sep 10 2025"
    },
    {
      "id": 1757532545132,
      "type": "smoked",
      "category": "vaping",
      "timestamp": "2025-09-10T19:29:05.132Z",
      "note": "",
      "date": "Wed Sep 10 2025"
    },
    {
      "id": 1757541211134,
      "type": "craving",
      "category": "vaping",
      "timestamp": "2025-09-10T21:53:21.132Z",
      "note": "",
      "date": "Wed Sep 10 2025",
      "intensity": 2
    },
    {
      "id": 1757542607136,
      "type": "smoked",
      "category": "alcohol",
      "timestamp": "2025-09-10T22:16:47.132Z",
      "note": "",
      "date": "Wed Sep 10 2025",
      "cost": 1
    },
    {
      "id": 1757575076133,
      "type": "craving",
      "category": "vaping",
      "timestamp": "2025-09-11T07:17:46.132Z",
      "note": "",
      "date": "Thu Sep 11 2025",
      "intensity": 2
    },
    {
      "id": 1757580152132,
      "type": "smoked",
      "category": "vaping",
      "timestamp": "2025-09-11T08:42:32.132Z",
      "note": "",
      "date": "Thu Sep 11 2025"
    },
    {
      "id": 1757582145132,
      "type": "smoked",
      "category": "vaping",
      "timestamp": "2025-09-11T09:15:45.132Z",
      "note": "",
      "date": "Thu Sep 11 2025"
    },
    {
      "id": 1757582964132,
      "type": "smoked",
      "category": "vaping",
      "timestamp": "2025-09-11T09:29:24.132Z",
      "note": "",
      "date": "Thu Sep 11 2025"
    },
    {
      "id": 1757601574132,
      "type": "smoked",
      "category": "vaping",
      "timestamp": "2025-09-11T14:39:34.132Z",
      "note": "",
      "date": "Thu Sep 11 2025"
    },
    {
      "id": 1757603686132,
      "type": "craving",
      "category": "vaping",
      "timestamp": "2025-09-11T15:14:36.132Z",
      "note": "",
      "date": "Thu Sep 11 2025",
      "intensity": 2
    },
    {
      "id": 1757606665132,
      "type": "smoked",
      "category": "vaping",
      "timestamp": "2025-09-11T16:04:25.132Z",
      "note": "",
      "date": "Thu Sep 11 2025"
    },
    {
      "id": 1757607385132,
      "type": "smoked",
      "category": "vaping",
      "timestamp": "2025-09-11T16:16:25.132Z",
      "note": "",
      "date": "Thu Sep 11 2025"
    },
    {
      "id": 1757607883132,
      "type": "smoked",
      "category": "vaping",
      "timestamp": "2025-09-11T16:24:43.132Z",
      "note": "",
      "date": "Thu Sep 11 2025"
    },
    {
      "id": 1757610670134,
      "type": "smoked",
      "category": "alcohol",
      "timestamp": "2025-09-11T17:11:10.132Z",
      "note": "",
      "date": "Thu Sep 11 2025",
      "cost": 1
    },
    {
      "id": 1757612496134,
      "type": "craving",
      "category": "vaping",
      "timestamp": "2025-09-11T17:41:26.132Z",
      "note": "",
      "date": "Thu Sep 11 2025",
      "intensity": 3
    },
    {
      "id": 1757616555132,
      "type": "craving",
      "category": "alcohol",
      "timestamp": "2025-09-11T18:48:55.132Z",
      "note": "",
      "date": "Thu Sep 11 2025",
      "intensity": 3
    },
    {
      "id": 1757617231132,
      "type": "smoked",
      "category": "vaping",
      "timestamp": "2025-09-11T19:00:31.132Z",
      "note": "",
      "date": "Thu Sep 11 2025"
    },
    {
      "id": 1757618516132,
      "type": "smoked",
      "category": "alcohol",
      "timestamp": "2025-09-11T19:21:56.132Z",
      "note": "",
      "date": "Thu Sep 11 2025",
      "cost": 1.25
    },
    {
      "id": 1757620265132,
      "type": "smoked",
      "category": "vaping",
      "timestamp": "2025-09-11T19:51:05.132Z",
      "note": "",
      "date": "Thu Sep 11 2025"
    },
    {
      "id": 1757620422132,
      "type": "smoked",
      "category": "vaping",
      "timestamp": "2025-09-11T19:53:42.132Z",
      "note": "",
      "date": "Thu Sep 11 2025"
    },
    {
      "id": 1757620693132,
      "type": "smoked",
      "category": "vaping",
      "timestamp": "2025-09-11T19:58:13.132Z",
      "note": "",
      "date": "Thu Sep 11 2025"
    },
    {
      "id": 1757624380132,
      "type": "smoked",
      "category": "vaping",
      "timestamp": "2025-09-11T20:59:40.132Z",
      "note": "",
      "date": "Thu Sep 11 2025"
    },
    {
      "id": 1757628111133,
      "type": "smoked",
      "category": "alcohol",
      "timestamp": "2025-09-11T22:01:51.132Z",
      "note": "",
      "date": "Thu Sep 11 2025",
      "cost": 1.25
    },
    {
      "id": 1757677644132,
      "type": "smoked",
      "category": "vaping",
      "timestamp": "2025-09-12T11:47:24.132Z",
      "note": "",
      "date": "Fri Sep 12 2025"
    },
    {
      "id": 1757678622132,
      "type": "smoked",
      "category": "vaping",
      "timestamp": "2025-09-12T12:03:42.132Z",
      "note": "",
      "date": "Fri Sep 12 2025"
    },
    {
      "id": 1757681498132,
      "type": "smoked",
      "category": "vaping",
      "timestamp": "2025-09-12T12:51:38.132Z",
      "note": "",
      "date": "Fri Sep 12 2025"
    },
    {
      "id": 1757685103132,
      "type": "smoked",
      "category": "vaping",
      "timestamp": "2025-09-12T13:51:43.132Z",
      "note": "",
      "date": "Fri Sep 12 2025"
    },
    {
      "id": 1757687735132,
      "type": "smoked",
      "category": "vaping",
      "timestamp": "2025-09-12T14:35:35.132Z",
      "note": "",
      "date": "Fri Sep 12 2025"
    },
    {
      "id": 1757692548133,
      "type": "craving",
      "category": "alcohol",
      "timestamp": "2025-09-12T15:55:28.132Z",
      "note": "",
      "date": "Fri Sep 12 2025",
      "intensity": 1
    },
    {
      "id": 1757698712134,
      "type": "craving",
      "category": "vaping",
      "timestamp": "2025-09-12T17:38:22.132Z",
      "note": "",
      "date": "Fri Sep 12 2025",
      "intensity": 1
    },
    {
      "id": 1757701981134,
      "type": "smoked",
      "category": "alcohol",
      "timestamp": "2025-09-12T18:33:01.132Z",
      "note": "",
      "date": "Fri Sep 12 2025",
      "cost": 0.75
    },
    {
      "id": 1757702555132,
      "type": "smoked",
      "category": "vaping",
      "timestamp": "2025-09-12T18:42:35.132Z",
      "note": "",
      "date": "Fri Sep 12 2025"
    },
    {
      "id": 1757702820132,
      "type": "smoked",
      "category": "vaping",
      "timestamp": "2025-09-12T18:47:00.132Z",
      "note": "",
      "date": "Fri Sep 12 2025"
    },
    {
      "id": 1757702825135,
      "type": "smoked",
      "category": "alcohol",
      "timestamp": "2025-09-12T18:47:05.132Z",
      "note": "",
      "date": "Fri Sep 12 2025",
      "cost": 1
    },
    {
      "id": 1757703176132,
      "type": "craving",
      "category": "alcohol",
      "timestamp": "2025-09-12T18:52:36.132Z",
      "note": "",
      "date": "Fri Sep 12 2025",
      "intensity": 2
    },
    {
      "id": 1757707510133,
      "type": "smoked",
      "category": "alcohol",
      "timestamp": "2025-09-12T20:05:10.132Z",
      "note": "",
      "date": "Fri Sep 12 2025",
      "cost": 0.75
    },
    {
      "id": 1757709359132,
      "type": "smoked",
      "category": "alcohol",
      "timestamp": "2025-09-12T20:35:59.132Z",
      "note": "",
      "date": "Fri Sep 12 2025",
      "cost": 1.25
    },
    {
      "id": 1757711935132,
      "type": "smoked",
      "category": "vaping",
      "timestamp": "2025-09-12T21:18:55.132Z",
      "note": "",
      "date": "Fri Sep 12 2025"
    },
    {
      "id": 1757712456132,
      "type": "craving",
      "category": "vaping",
      "timestamp": "2025-09-12T21:27:26.132Z",
      "note": "",
      "date": "Fri Sep 12 2025",
      "intensity": 3
    },
    {
      "id": 1757715061133,
      "type": "craving",
      "category": "vaping",
      "timestamp": "2025-09-12T22:10:51.132Z",
      "note": "",
      "date": "Fri Sep 12 2025",
      "intensity": 1
    },
    {
      "id": 1757750434132,
      "type": "smoked",
      "category": "vaping",
      "timestamp": "2025-09-13T08:00:34.132Z",
      "note": "",
      "date": "Sat Sep 13 2025"
    },
    {
      "id": 1757753311137,
      "type": "craving",
      "category": "vaping",
      "timestamp": "2025-09-13T08:48:21.132Z",
      "note": "",
      "date": "Sat Sep 13 2025",
      "intensity": 2
    },
    {
      "id": 1757755659132,
      "type": "smoked",
      "category": "vaping",
      "timestamp": "2025-09-13T09:27:39.132Z",
      "note": "",
      "date": "Sat Sep 13 2025"
    },
    {
      "id": 1757756956132,
      "type": "craving",
      "category": "vaping",
      "timestamp": "2025-09-13T09:49:06.132Z",
      "note": "",
      "date": "Sat Sep 13 2025",
      "intensity": 2
    },
    {
      "id": 1757756989132,
      "type": "smoked",
      "category": "vaping",
      "timestamp": "2025-09-13T09:49:49.132Z",
      "note": "",
      "date": "Sat Sep 13 2025"
    },
    {
      "id": 1757759474132,
      "type": "smoked",
      "category": "vaping",
      "timestamp": "2025-09-13T10:31:14.132Z",
      "note": "",
      "date": "Sat Sep 13 2025"
    },
    {
      "id": 1757766360132,
      "type": "smoked",
      "category": "vaping",
      "timestamp": "2025-09-13T12:26:00.132Z",
      "note": "",
      "date": "Sat Sep 13 2025"
    },
    {
      "id": 1757767940132,
      "type": "smoked",
      "category": "vaping",
      "timestamp": "2025-09-13T12:52:20.132Z",
      "note": "",
      "date": "Sat Sep 13 2025"
    },
    {
      "id": 1757783408132,
      "type": "craving",
      "category": "alcohol",
      "timestamp": "2025-09-13T17:09:48.132Z",
      "note": "",
      "date": "Sat Sep 13 2025",
      "intensity": 3
    },
    {
      "id": 1757787776134,
      "type": "craving",
      "category": "vaping",
      "timestamp": "2025-09-13T18:22:46.132Z",
      "note": "",
      "date": "Sat Sep 13 2025",
      "intensity": 2
    },
    {
      "id": 1757788628132,
      "type": "smoked",
      "category": "vaping",
      "timestamp": "2025-09-13T18:37:08.132Z",
      "note": "",
      "date": "Sat Sep 13 2025"
    },
    {
      "id": 1757789403132,
      "type": "smoked",
      "category": "alcohol",
      "timestamp": "2025-09-13T18:50:03.132Z",
      "note": "",
      "date": "Sat Sep 13 2025",
      "cost": 1.25
    },
    {
      "id": 1757789545132,
      "type": "smoked",
      "category": "vaping",
      "timestamp": "2025-09-13T18:52:25.132Z",
      "note": "",
      "date": "Sat Sep 13 2025"
    },
    {
      "id": 1757791358136,
      "type": "smoked",
      "category": "alcohol",
      "timestamp": "2025-09-13T19:22:38.132Z",
      "note": "",
      "date": "Sat Sep 13 2025",
      "cost": 0.75
    },
    {
      "id": 1757791523136,
      "type": "craving",
      "category": "vaping",
      "timestamp": "2025-09-13T19:25:13.132Z",
      "note": "",
      "date": "Sat Sep 13 2025",
      "intensity": 1
    },
    {
      "id": 1757796842133,
      "type": "smoked",
      "category": "alcohol",
      "timestamp": "2025-09-13T20:54:02.132Z",
      "note": "",
      "date": "Sat Sep 13 2025",
      "cost": 1
    },
    {
      "id": 1757798148135,
      "type": "craving",
      "category": "vaping",
      "timestamp": "2025-09-13T21:15:38.132Z",
      "note": "",
      "date": "Sat Sep 13 2025",
      "intensity": 3
    },
    {
      "id": 1757802827134,
      "type": "smoked",
      "category": "alcohol",
      "timestamp": "2025-09-13T22:33:47.132Z",
      "note": "",
      "date": "Sat Sep 13 2025",
      "cost": 1
    },
    {
      "id": 1757802856133,
      "type": "craving",
      "category": "vaping",
      "timestamp": "2025-09-13T22:34:06.132Z",
      "note": "",
      "date": "Sat Sep 13 2025",
      "intensity": 1
    },
    {
      "id": 1757804236135,
      "type": "smoked",
      "category": "alcohol",
      "timestamp": "2025-09-13T22:57:16.132Z",
      "note": "",
      "date": "Sat Sep 13 2025",
      "cost": 1.25
    },
    {
      "id": 1757833533134,
      "type": "craving",
      "category": "vaping",
      "timestamp": "2025-09-14T07:05:23.132Z",
      "note": "",
      "date": "Sun Sep 14 2025",
      "intensity": 1
    },
    {
      "id": 1757834387132,
      "type": "smoked",
      "category": "vaping",
      "timestamp": "2025-09-14T07:19:47.132Z",
      "note": "",
      "date": "Sun Sep 14 2025"
    },
    {
      "id": 1757840701136,
      "type": "craving",
      "category": "vaping",
      "timestamp": "2025-09-14T09:04:51.132Z",
      "note": "",
      "date": "Sun Sep 14 2025",
      "intensity": 3
    },
    {
      "id": 1757847846132,
      "type": "smoked",
      "category": "vaping",
      "timestamp": "2025-09-14T11:04:06.132Z",
      "note": "",
      "date": "Sun Sep 14 2025"
    },
    {
      "id": 1757852555133,
      "type": "craving",
      "category": "vaping",
      "timestamp": "2025-09-14T12:22:25.132Z",
      "note": "",
      "date": "Sun Sep 14 2025",
      "intensity": 2
    },
    {
      "id": 1757858135135,
      "type": "craving",
      "category": "vaping",
      "timestamp": "2025-09-14T13:55:25.132Z",
      "note": "",
      "date": "Sun Sep 14 2025",
      "intensity": 2
    },
    {
      "id": 1757864065132,
      "type": "smoked",
      "category": "vaping",
      "timestamp": "2025-09-14T15:34:25.132Z",
      "note": "",
      "date": "Sun Sep 14 2025"
    },
    {
      "id": 1757867347133,
      "type": "craving",
      "category": "alcohol",
      "timestamp": "2025-09-14T16:28:47.132Z",
      "note": "",
      "date": "Sun Sep 14 2025",
      "intensity": 1
    },
    {
      "id": 1757870126132,
      "type": "craving",
      "category": "vaping",
      "timestamp": "2025-09-14T17:15:16.132Z",
      "note": "",
      "date": "Sun Sep 14 2025",
      "intensity": 2
    },
    {
      "id": 1757870256133,
      "type": "smoked",
      "category": "alcohol",
      "timestamp": "2025-09-14T17:17:36.132Z",
      "note": "",
      "date": "Sun Sep 14 2025",
      "cost": 1
    },
    {
      "id": 1757872225132,
      "type": "smoked",
      "category": "vaping",
      "timestamp": "2025-09-14T17:50:25.132Z",
      "note": "",
      "date": "Sun Sep 14 2025"
    },
    {
      "id": 1757873721132,
      "type": "craving",
      "category": "alcohol",
      "timestamp": "2025-09-14T18:15:01.132Z",
      "note": "",
      "date": "Sun Sep 14 2025",
      "intensity": 1
    },
    {
      "id": 1757873914132,
      "type": "smoked",
      "category": "vaping",
      "timestamp": "2025-09-14T18:18:34.132Z",
      "note": "",
      "date": "Sun Sep 14 2025"
    },
    {
      "id": 1757874629134,
      "type": "smoked",
      "category": "alcohol",
      "timestamp": "2025-09-14T18:30:29.132Z",
      "note": "",
      "date": "Sun Sep 14 2025",
      "cost": 0.75
    },
    {
      "id": 1757875173132,
      "type": "smoked",
      "category": "vaping",
      "timestamp": "2025-09-14T18:39:33.132Z",
      "note": "",
      "date": "Sun Sep 14 2025"
    },
    {
      "id": 1757879578132,
      "type": "smoked",
      "category": "vaping",
      "timestamp": "2025-09-14T19:52:58.132Z",
      "note": "",
      "date": "Sun Sep 14 2025"
    },
    {
      "id": 1757880495132,
      "type": "smoked",
      "category": "vaping",
      "timestamp": "2025-09-14T20:08:15.132Z",
      "note": "",
      "date": "Sun Sep 14 2025"
    },
    {
      "id": 1757881393132,
      "type": "smoked",
      "category": "vaping",
      "timestamp": "2025-09-14T20:23:13.132Z",
      "note": "",
      "date": "Sun Sep 14 2025"
    },
    {
      "id": 1757884204135,
      "type": "smoked",
      "category": "alcohol",
      "timestamp": "2025-09-14T21:10:04.132Z",
      "note": "",
      "date": "Sun Sep 14 2025",
      "cost": 1
    },
    {
      "id": 1757885809132,
      "type": "smoked",
      "category": "alcohol",
      "timestamp": "2025-09-14T21:36:49.132Z",
      "note": "",
      "date": "Sun Sep 14 2025",
      "cost": 0.75
    },
    {
      "id": 1757886210132,
      "type": "smoked",
      "category": "vaping",
      "timestamp": "2025-09-14T21:43:30.132Z",
      "note": "",
      "date": "Sun Sep 14 2025"
    },
    {
      "id": 1757888851132,
      "type": "smoked",
      "category": "vaping",
      "timestamp": "2025-09-14T22:27:31.132Z",
      "note": "",
      "date": "Sun Sep 14 2025"
    },
    {
      "id": 1757930548132,
      "type": "smoked",
      "category": "vaping",
      "timestamp": "2025-09-15T10:02:28.132Z",
      "note": "",
      "date": "Mon Sep 15 2025"
    },
    {
      "id": 1757934468134,
      "type": "craving",
      "category": "vaping",
      "timestamp": "2025-09-15T11:07:38.132Z",
      "note": "",
      "date": "Mon Sep 15 2025",
      "intensity": 3
    },
    {
      "id": 1757940078132,
      "type": "smoked",
      "category": "vaping",
      "timestamp": "2025-09-15T12:41:18.132Z",
      "note": "",
      "date": "Mon Sep 15 2025"
    },
    {
      "id": 1757949507132,
      "type": "craving",
      "category": "vaping",
      "timestamp": "2025-09-15T15:18:17.132Z",
      "note": "",
      "date": "Mon Sep 15 2025",
      "intensity": 3
    },
    {
      "id": 1757950233132,
      "type": "smoked",
      "category": "vaping",
      "timestamp": "2025-09-15T15:30:33.132Z",
      "note": "",
      "date": "Mon Sep 15 2025"
    },
    {
      "id": 1757957312132,
      "type": "craving",
      "category": "alcohol",
      "timestamp": "2025-09-15T17:28:12.132Z",
      "note": "",
      "date": "Mon Sep 15 2025",
      "intensity": 2
    },
    {
      "id": 1757959517132,
      "type": "smoked",
      "category": "vaping",
      "timestamp": "2025-09-15T18:05:17.132Z",
      "note": "",
      "date": "Mon Sep 15 2025"
    },
    {
      "id": 1757962846132,
      "type": "smoked",
      "category": "vaping",
      "timestamp": "2025-09-15T19:00:46.132Z",
      "note": "",
      "date": "Mon Sep 15 2025"
    },
    {
      "id": 1757964180132,
      "type": "smoked",
      "category": "vaping",
      "timestamp": "2025-09-15T19:23:00.132Z",
      "note": "",
      "date": "Mon Sep 15 2025"
    },
    {
      "id": 1757966722133,
      "type": "smoked",
      "category": "alcohol",
      "timestamp": "2025-09-15T20:05:22.132Z",
      "note": "",
      "date": "Mon Sep 15 2025",
      "cost": 0.75
    },
    {
      "id": 1757967227132,
      "type": "smoked",
      "category": "vaping",
      "timestamp": "2025-09-15T20:13:47.132Z",
      "note": "",
      "date": "Mon Sep 15 2025"
    },
    {
      "id": 1757969589132,
      "type": "smoked",
      "category": "vaping",
      "timestamp": "2025-09-15T20:53:09.132Z",
      "note": "",
      "date": "Mon Sep 15 2025"
    },
    {
      "id": 1757971679134,
      "type": "smoked",
      "category": "alcohol",
      "timestamp": "2025-09-15T21:27:59.132Z",
      "note": "",
      "date": "Mon Sep 15 2025",
      "cost": 0.75
    },
    {
      "id": 1757971935132,
      "type": "smoked",
      "category": "alcohol",
      "timestamp": "2025-09-15T21:32:15.132Z",
      "note": "",
      "date": "Mon Sep 15 2025",
      "cost": 1
    },
    {
      "id": 1757974035133,
      "type": "craving",
      "category": "vaping",
      "timestamp": "2025-09-15T22:07:05.132Z",
      "note": "",
      "date": "Mon Sep 15 2025",
      "intensity": 1
    },
    {
      "id": 1757976229132,
      "type": "smoked",
      "category": "vaping",
      "timestamp": "2025-09-15T22:43:49.132Z",
      "note": "",
      "date": "Mon Sep 15 2025"
    },
    {
      "id": 1758013966132,
      "type": "smoked",
      "category": "vaping",
      "timestamp": "2025-09-16T09:12:46.132Z",
      "note": "",
      "date": "Tue Sep 16 2025"
    },
    {
      "id": 1758016749132,
      "type": "smoked",
      "category": "vaping",
      "timestamp": "2025-09-16T09:59:09.132Z",
      "note": "",
      "date": "Tue Sep 16 2025"
    },
    {
      "id": 1758024867132,
      "type": "craving",
      "category": "vaping",
      "timestamp": "2025-09-16T12:14:17.132Z",
      "note": "",
      "date": "Tue Sep 16 2025",
      "intensity": 3
    },
    {
      "id": 1758027648133,
      "type": "craving",
      "category": "vaping",
      "timestamp": "2025-09-16T13:00:38.132Z",
      "note": "",
      "date": "Tue Sep 16 2025",
      "intensity": 2
    },
    {
      "id": 1758028322132,
      "type": "smoked",
      "category": "vaping",
      "timestamp": "2025-09-16T13:12:02.132Z",
      "note": "",
      "date": "Tue Sep 16 2025"
    },
    {
      "id": 1758029030132,
      "type": "smoked",
      "category": "vaping",
      "timestamp": "2025-09-16T13:23:50.132Z",
      "note": "",
      "date": "Tue Sep 16 2025"
    },
    {
      "id": 1758030679132,
      "type": "smoked",
      "category": "vaping",
      "timestamp": "2025-09-16T13:51:19.132Z",
      "note": "",
      "date": "Tue Sep 16 2025"
    },
    {
      "id": 1758033860132,
      "type": "smoked",
      "category": "vaping",
      "timestamp": "2025-09-16T14:44:20.132Z",
      "note": "",
      "date": "Tue Sep 16 2025"
    },
    {
      "id": 1758035595133,
      "type": "craving",
      "category": "alcohol",
      "timestamp": "2025-09-16T15:12:55.132Z",
      "note": "",
      "date": "Tue Sep 16 2025",
      "intensity": 2
    },
    {
      "id": 1758038626132,
      "type": "craving",
      "category": "alcohol",
      "timestamp": "2025-09-16T16:03:26.132Z",
      "note": "",
      "date": "Tue Sep 16 2025",
      "intensity": 2
    },
    {
      "id": 1758039737132,
      "type": "smoked",
      "category": "vaping",
      "timestamp": "2025-09-16T16:22:17.132Z",
      "note": "",
      "date": "Tue Sep 16 2025"
    },
    {
      "id": 1758043185132,
      "type": "smoked",
      "category": "vaping",
      "timestamp": "2025-09-16T17:19:45.132Z",
      "note": "",
      "date": "Tue Sep 16 2025"
    },
    {
      "id": 1758047614132,
      "type": "smoked",
      "category": "alcohol",
      "timestamp": "2025-09-16T18:33:34.132Z",
      "note": "",
      "date": "Tue Sep 16 2025",
      "cost": 0.75
    },
    {
      "id": 1758049884132,
      "type": "smoked",
      "category": "vaping",
      "timestamp": "2025-09-16T19:11:24.132Z",
      "note": "",
      "date": "Tue Sep 16 2025"
    },
    {
      "id": 1758054938133,
      "type": "smoked",
      "category": "alcohol",
      "timestamp": "2025-09-16T20:35:38.132Z",
      "note": "",
      "date": "Tue Sep 16 2025",
      "cost": 0.75
    },
    {
      "id": 1758057628132,
      "type": "smoked",
      "category": "vaping",
      "timestamp": "2025-09-16T21:20:28.132Z",
      "note": "",
      "date": "Tue Sep 16 2025"
    },
    {
      "id": 1758060363134,
      "type": "craving",
      "category": "vaping",
      "timestamp": "2025-09-16T22:05:53.132Z",
      "note": "",
      "date": "Tue Sep 16 2025",
      "intensity": 1
    },
    {
      "id": 1758062498134,
      "type": "smoked",
      "category": "alcohol",
      "timestamp": "2025-09-16T22:41:38.132Z",
      "note": "",
      "date": "Tue Sep 16 2025",
      "cost": 0.75
    },
    {
      "id": 1758063034132,
      "type": "smoked",
      "category": "vaping",
      "timestamp": "2025-09-16T22:50:34.132Z",
      "note": "",
      "date": "Tue Sep 16 2025"
    },
    {
      "id": 1758092723132,
      "type": "smoked",
      "category": "vaping",
      "timestamp": "2025-09-17T07:05:23.132Z",
      "note": "",
      "date": "Wed Sep 17 2025"
    },
    {
      "id": 1758093875132,
      "type": "smoked",
      "category": "vaping",
      "timestamp": "2025-09-17T07:24:35.132Z",
      "note": "",
      "date": "Wed Sep 17 2025"
    },
    {
      "id": 1758098940134,
      "type": "craving",
      "category": "vaping",
      "timestamp": "2025-09-17T08:48:50.132Z",
      "note": "",
      "date": "Wed Sep 17 2025",
      "intensity": 1
    },
    {
      "id": 1758101723133,
      "type": "craving",
      "category": "vaping",
      "timestamp": "2025-09-17T09:35:13.132Z",
      "note": "",
      "date": "Wed Sep 17 2025",
      "intensity": 1
    },
    {
      "id": 1758104749132,
      "type": "craving",
      "category": "vaping",
      "timestamp": "2025-09-17T10:25:39.132Z",
      "note": "",
      "date": "Wed Sep 17 2025",
      "intensity": 2
    },
    {
      "id": 1758106850132,
      "type": "smoked",
      "category": "vaping",
      "timestamp": "2025-09-17T11:00:50.132Z",
      "note": "",
      "date": "Wed Sep 17 2025"
    },
    {
      "id": 1758113619136,
      "type": "craving",
      "category": "vaping",
      "timestamp": "2025-09-17T12:53:29.132Z",
      "note": "",
      "date": "Wed Sep 17 2025",
      "intensity": 2
    },
    {
      "id": 1758120458132,
      "type": "smoked",
      "category": "vaping",
      "timestamp": "2025-09-17T14:47:38.132Z",
      "note": "",
      "date": "Wed Sep 17 2025"
    },
    {
      "id": 1758121744132,
      "type": "smoked",
      "category": "vaping",
      "timestamp": "2025-09-17T15:09:04.132Z",
      "note": "",
      "date": "Wed Sep 17 2025"
    },
    {
      "id": 1758124072135,
      "type": "craving",
      "category": "vaping",
      "timestamp": "2025-09-17T15:47:42.132Z",
      "note": "",
      "date": "Wed Sep 17 2025",
      "intensity": 1
    },
    {
      "id": 1758124184132,
      "type": "smoked",
      "category": "vaping",
      "timestamp": "2025-09-17T15:49:44.132Z",
      "note": "",
      "date": "Wed Sep 17 2025"
    },
    {
      "id": 1758124876132,
      "type": "craving",
      "category": "alcohol",
      "timestamp": "2025-09-17T16:00:56.132Z",
      "note": "",
      "date": "Wed Sep 17 2025",
      "intensity": 1
    },
    {
      "id": 1758125262132,
      "type": "smoked",
      "category": "vaping",
      "timestamp": "2025-09-17T16:07:42.132Z",
      "note": "",
      "date": "Wed Sep 17 2025"
    },
    {
      "id": 1758131455133,
      "type": "smoked",
      "category": "alcohol",
      "timestamp": "2025-09-17T17:50:55.132Z",
      "note": "",
      "date": "Wed Sep 17 2025",
      "cost": 1
    },
    {
      "id": 1758136064132,
      "type": "smoked",
      "category": "vaping",
      "timestamp": "2025-09-17T19:07:44.132Z",
      "note": "",
      "date": "Wed Sep 17 2025"
    },
    {
      "id": 1758136748137,
      "type": "craving",
      "category": "vaping",
      "timestamp": "2025-09-17T19:18:58.132Z",
      "note": "",
      "date": "Wed Sep 17 2025",
      "intensity": 2
    },
    {
      "id": 1758137573135,
      "type": "smoked",
      "category": "alcohol",
      "timestamp": "2025-09-17T19:32:53.132Z",
      "note": "",
      "date": "Wed Sep 17 2025",
      "cost": 1
    },
    {
      "id": 1758139392132,
      "type": "smoked",
      "category": "alcohol",
      "timestamp": "2025-09-17T20:03:12.132Z",
      "note": "",
      "date": "Wed Sep 17 2025",
      "cost": 1
    },
    {
      "id": 1758142378134,
      "type": "smoked",
      "category": "alcohol",
      "timestamp": "2025-09-17T20:52:58.132Z",
      "note": "",
      "date": "Wed Sep 17 2025",
      "cost": 1.25
    },
    {
      "id": 1758145817132,
      "type": "smoked",
      "category": "vaping",
      "timestamp": "2025-09-17T21:50:17.132Z",
      "note": "",
      "date": "Wed Sep 17 2025"
    },
    {
      "id": 1758180863132,
      "type": "smoked",
      "category": "vaping",
      "timestamp": "2025-09-18T07:34:23.132Z",
      "note": "",
      "date": "Thu Sep 18 2025"
    },
    {
      "id": 1758185020132,
      "type": "smoked",
      "category": "vaping",
      "timestamp": "2025-09-18T08:43:40.132Z",
      "note": "",
      "date": "Thu Sep 18 2025"
    },
    {
      "id": 1758193237133,
      "type": "craving",
      "category": "vaping",
      "timestamp": "2025-09-18T11:00:27.132Z",
      "note": "",
      "date": "Thu Sep 18 2025",
      "intensity": 2
    },
    {
      "id": 1758211390134,
      "type": "craving",
      "category": "vaping",
      "timestamp": "2025-09-18T16:03:00.132Z",
      "note": "",
      "date": "Thu Sep 18 2025",
      "intensity": 3
    },
    {
      "id": 1758213761132,
      "type": "smoked",
      "category": "vaping",
      "timestamp": "2025-09-18T16:42:41.132Z",
      "note": "",
      "date": "Thu Sep 18 2025"
    },
    {
      "id": 1758214474132,
      "type": "smoked",
      "category": "vaping",
      "timestamp": "2025-09-18T16:54:34.132Z",
      "note": "",
      "date": "Thu Sep 18 2025"
    },
    {
      "id": 1758214551132,
      "type": "smoked",
      "category": "vaping",
      "timestamp": "2025-09-18T16:55:51.132Z",
      "note": "",
      "date": "Thu Sep 18 2025"
    },
    {
      "id": 1758214653132,
      "type": "smoked",
      "category": "vaping",
      "timestamp": "2025-09-18T16:57:33.132Z",
      "note": "",
      "date": "Thu Sep 18 2025"
    },
    {
      "id": 1758214805133,
      "type": "craving",
      "category": "alcohol",
      "timestamp": "2025-09-18T16:59:45.132Z",
      "note": "",
      "date": "Thu Sep 18 2025",
      "intensity": 2
    },
    {
      "id": 1758215174132,
      "type": "smoked",
      "category": "alcohol",
      "timestamp": "2025-09-18T17:06:14.132Z",
      "note": "",
      "date": "Thu Sep 18 2025",
      "cost": 1
    },
    {
      "id": 1758218211132,
      "type": "smoked",
      "category": "vaping",
      "timestamp": "2025-09-18T17:56:51.132Z",
      "note": "",
      "date": "Thu Sep 18 2025"
    },
    {
      "id": 1758220965132,
      "type": "craving",
      "category": "alcohol",
      "timestamp": "2025-09-18T18:42:25.132Z",
      "note": "",
      "date": "Thu Sep 18 2025",
      "intensity": 1
    },
    {
      "id": 1758222557133,
      "type": "smoked",
      "category": "alcohol",
      "timestamp": "2025-09-18T19:09:17.132Z",
      "note": "",
      "date": "Thu Sep 18 2025",
      "cost": 1
    },
    {
      "id": 1758224511132,
      "type": "smoked",
      "category": "vaping",
      "timestamp": "2025-09-18T19:41:51.132Z",
      "note": "",
      "date": "Thu Sep 18 2025"
    },
    {
      "id": 1758224651132,
      "type": "smoked",
      "category": "vaping",
      "timestamp": "2025-09-18T19:44:11.132Z",
      "note": "",
      "date": "Thu Sep 18 2025"
    },
    {
      "id": 1758225029132,
      "type": "craving",
      "category": "vaping",
      "timestamp": "2025-09-18T19:50:19.132Z",
      "note": "",
      "date": "Thu Sep 18 2025",
      "intensity": 2
    },
    {
      "id": 1758227993132,
      "type": "smoked",
      "category": "vaping",
      "timestamp": "2025-09-18T20:39:53.132Z",
      "note": "",
      "date": "Thu Sep 18 2025"
    },
    {
      "id": 1758230267132,
      "type": "smoked",
      "category": "vaping",
      "timestamp": "2025-09-18T21:17:47.132Z",
      "note": "",
      "date": "Thu Sep 18 2025"
    },
    {
      "id": 1758230278135,
      "type": "smoked",
      "category": "alcohol",
      "timestamp": "2025-09-18T21:17:58.132Z",
      "note": "",
      "date": "Thu Sep 18 2025",
      "cost": 0.75
    },
    {
      "id": 1758233290134,
      "type": "smoked",
      "category": "alcohol",
      "timestamp": "2025-09-18T22:08:10.132Z",
      "note": "",
      "date": "Thu Sep 18 2025",
      "cost": 1
    },
    {
      "id": 1758233756136,
      "type": "smoked",
      "category": "alcohol",
      "timestamp": "2025-09-18T22:15:56.132Z",
      "note": "",
      "date": "Thu Sep 18 2025",
      "cost": 1
    },
    {
      "id": 1758267735132,
      "type": "craving",
      "category": "vaping",
      "timestamp": "2025-09-19T07:42:05.132Z",
      "note": "",
      "date": "Fri Sep 19 2025",
      "intensity": 1
    },
    {
      "id": 1758268497136,
      "type": "craving",
      "category": "vaping",
      "timestamp": "2025-09-19T07:54:47.132Z",
      "note": "",
      "date": "Fri Sep 19 2025",
      "intensity": 3
    },
    {
      "id": 1758274069134,
      "type": "craving",
      "category": "vaping",
      "timestamp": "2025-09-19T09:27:39.132Z",
      "note": "",
      "date": "Fri Sep 19 2025",
      "intensity": 2
    },
    {
      "id": 1758277851132,
      "type": "smoked",
      "category": "vaping",
      "timestamp": "2025-09-19T10:30:51.132Z",
      "note": "",
      "date": "Fri Sep 19 2025"
    },
    {
      "id": 1758281388132,
      "type": "smoked",
      "category": "vaping",
      "timestamp": "2025-09-19T11:29:48.132Z",
      "note": "",
      "date": "Fri Sep 19 2025"
    },
    {
      "id": 1758281611132,
      "type": "smoked",
      "category": "vaping",
      "timestamp": "2025-09-19T11:33:31.132Z",
      "note": "",
      "date": "Fri Sep 19 2025"
    },
    {
      "id": 1758283032132,
      "type": "smoked",
      "category": "vaping",
      "timestamp": "2025-09-19T11:57:12.132Z",
      "note": "",
      "date": "Fri Sep 19 2025"
    },
    {
      "id": 1758284093132,
      "type": "smoked",
      "category": "vaping",
      "timestamp": "2025-09-19T12:14:53.132Z",
      "note": "",
      "date": "Fri Sep 19 2025"
    },
    {
      "id": 1758290848132,
      "type": "smoked",
      "category": "vaping",
      "timestamp": "2025-09-19T14:07:28.132Z",
      "note": "",
      "date": "Fri Sep 19 2025"
    },
    {
      "id": 1758292224132,
      "type": "smoked",
      "category": "vaping",
      "timestamp": "2025-09-19T14:30:24.132Z",
      "note": "",
      "date": "Fri Sep 19 2025"
    },
    {
      "id": 1758295267132,
      "type": "craving",
      "category": "alcohol",
      "timestamp": "2025-09-19T15:20:47.132Z",
      "note": "",
      "date": "Fri Sep 19 2025",
      "intensity": 3
    },
    {
      "id": 1758303689132,
      "type": "smoked",
      "category": "vaping",
      "timestamp": "2025-09-19T17:41:29.132Z",
      "note": "",
      "date": "Fri Sep 19 2025"
    },
    {
      "id": 1758303913136,
      "type": "smoked",
      "category": "alcohol",
      "timestamp": "2025-09-19T17:45:13.132Z",
      "note": "",
      "date": "Fri Sep 19 2025",
      "cost": 1
    },
    {
      "id": 1758304264135,
      "type": "smoked",
      "category": "alcohol",
      "timestamp": "2025-09-19T17:51:04.132Z",
      "note": "",
      "date": "Fri Sep 19 2025",
      "cost": 1.25
    },
    {
      "id": 1758305117133,
      "type": "craving",
      "category": "vaping",
      "timestamp": "2025-09-19T18:05:07.132Z",
      "note": "",
      "date": "Fri Sep 19 2025",
      "intensity": 3
    },
    {
      "id": 1758310123134,
      "type": "smoked",
      "category": "alcohol",
      "timestamp": "2025-09-19T19:28:43.132Z",
      "note": "",
      "date": "Fri Sep 19 2025",
      "cost": 1
    },
    {
      "id": 1758312422133,
      "type": "smoked",
      "category": "alcohol",
      "timestamp": "2025-09-19T20:07:02.132Z",
      "note": "",
      "date": "Fri Sep 19 2025",
      "cost": 1.25
    },
    {
      "id": 1758313669135,
      "type": "craving",
      "category": "vaping",
      "timestamp": "2025-09-19T20:27:39.132Z",
      "note": "",
      "date": "Fri Sep 19 2025",
      "intensity": 3
    },
    {
      "id": 1758315647132,
      "type": "smoked",
      "category": "vaping",
      "timestamp": "2025-09-19T21:00:47.132Z",
      "note": "",
      "date": "Fri Sep 19 2025"
    },
    {
      "id": 1758319574132,
      "type": "smoked",
      "category": "alcohol",
      "timestamp": "2025-09-19T22:06:14.132Z",
      "note": "",
      "date": "Fri Sep 19 2025",
      "cost": 0.75
    },
    {
      "id": 1758319825132,
      "type": "smoked",
      "category": "vaping",
      "timestamp": "2025-09-19T22:10:25.132Z",
      "note": "",
      "date": "Fri Sep 19 2025"
    },
    {
      "id": 1758351744135,
      "type": "craving",
      "category": "vaping",
      "timestamp": "2025-09-20T07:02:14.132Z",
      "note": "",
      "date": "Sat Sep 20 2025",
      "intensity": 2
    },
    {
      "id": 1758351870133,
      "type": "craving",
      "category": "vaping",
      "timestamp": "2025-09-20T07:04:20.132Z",
      "note": "",
      "date": "Sat Sep 20 2025",
      "intensity": 2
    },
    {
      "id": 1758355307132,
      "type": "smoked",
      "category": "vaping",
      "timestamp": "2025-09-20T08:01:47.132Z",
      "note": "",
      "date": "Sat Sep 20 2025"
    },
    {
      "id": 1758365198132,
      "type": "smoked",
      "category": "vaping",
      "timestamp": "2025-09-20T10:46:38.132Z",
      "note": "",
      "date": "Sat Sep 20 2025"
    },
    {
      "id": 1758365745132,
      "type": "smoked",
      "category": "vaping",
      "timestamp": "2025-09-20T10:55:45.132Z",
      "note": "",
      "date": "Sat Sep 20 2025"
    },
    {
      "id": 1758369977132,
      "type": "smoked",
      "category": "vaping",
      "timestamp": "2025-09-20T12:06:17.132Z",
      "note": "",
      "date": "Sat Sep 20 2025"
    },
    {
      "id": 1758370711136,
      "type": "craving",
      "category": "vaping",
      "timestamp": "2025-09-20T12:18:21.132Z",
      "note": "",
      "date": "Sat Sep 20 2025",
      "intensity": 1
    },
    {
      "id": 1758371281132,
      "type": "smoked",
      "category": "vaping",
      "timestamp": "2025-09-20T12:28:01.132Z",
      "note": "",
      "date": "Sat Sep 20 2025"
    },
    {
      "id": 1758373056132,
      "type": "smoked",
      "category": "vaping",
      "timestamp": "2025-09-20T12:57:36.132Z",
      "note": "",
      "date": "Sat Sep 20 2025"
    },
    {
      "id": 1758374795132,
      "type": "smoked",
      "category": "vaping",
      "timestamp": "2025-09-20T13:26:35.132Z",
      "note": "",
      "date": "Sat Sep 20 2025"
    },
    {
      "id": 1758377583132,
      "type": "craving",
      "category": "vaping",
      "timestamp": "2025-09-20T14:12:53.132Z",
      "note": "",
      "date": "Sat Sep 20 2025",
      "intensity": 1
    },
    {
      "id": 1758382949132,
      "type": "craving",
      "category": "alcohol",
      "timestamp": "2025-09-20T15:42:09.132Z",
      "note": "",
      "date": "Sat Sep 20 2025",
      "intensity": 2
    },
    {
      "id": 1758387625135,
      "type": "smoked",
      "category": "alcohol",
      "timestamp": "2025-09-20T17:00:25.132Z",
      "note": "",
      "date": "Sat Sep 20 2025",
      "cost": 1
    },
    {
      "id": 1758394366134,
      "type": "craving",
      "category": "vaping",
      "timestamp": "2025-09-20T18:52:36.132Z",
      "note": "",
      "date": "Sat Sep 20 2025",
      "intensity": 1
    },
    {
      "id": 1758396920132,
      "type": "smoked",
      "category": "vaping",
      "timestamp": "2025-09-20T19:35:20.132Z",
      "note": "",
      "date": "Sat Sep 20 2025"
    },
    {
      "id": 1758398076137,
      "type": "smoked",
      "category": "alcohol",
      "timestamp": "2025-09-20T19:54:36.132Z",
      "note": "",
      "date": "Sat Sep 20 2025",
      "cost": 1
    },
    {
      "id": 1758398622136,
      "type": "smoked",
      "category": "alcohol",
      "timestamp": "2025-09-20T20:03:42.132Z",
      "note": "",
      "date": "Sat Sep 20 2025",
      "cost": 1
    },
    {
      "id": 1758399179132,
      "type": "smoked",
      "category": "vaping",
      "timestamp": "2025-09-20T20:12:59.132Z",
      "note": "",
      "date": "Sat Sep 20 2025"
    },
    {
      "id": 1758401453133,
      "type": "smoked",
      "category": "alcohol",
      "timestamp": "2025-09-20T20:50:53.132Z",
      "note": "",
      "date": "Sat Sep 20 2025",
      "cost": 1.25
    },
    {
      "id": 1758402503132,
      "type": "smoked",
      "category": "vaping",
      "timestamp": "2025-09-20T21:08:23.132Z",
      "note": "",
      "date": "Sat Sep 20 2025"
    },
    {
      "id": 1758404855134,
      "type": "smoked",
      "category": "alcohol",
      "timestamp": "2025-09-20T21:47:35.132Z",
      "note": "",
      "date": "Sat Sep 20 2025",
      "cost": 1
    },
    {
      "id": 1758405966132,
      "type": "smoked",
      "category": "vaping",
      "timestamp": "2025-09-20T22:06:06.132Z",
      "note": "",
      "date": "Sat Sep 20 2025"
    },
    {
      "id": 1758407945132,
      "type": "smoked",
      "category": "alcohol",
      "timestamp": "2025-09-20T22:39:05.132Z",
      "note": "",
      "date": "Sat Sep 20 2025",
      "cost": 1
    },
    {
      "id": 1758442370132,
      "type": "smoked",
      "category": "vaping",
      "timestamp": "2025-09-21T08:12:50.132Z",
      "note": "",
      "date": "Sun Sep 21 2025"
    },
    {
      "id": 1758449350132,
      "type": "smoked",
      "category": "vaping",
      "timestamp": "2025-09-21T10:09:10.132Z",
      "note": "",
      "date": "Sun Sep 21 2025"
    },
    {
      "id": 1758455336133,
      "type": "craving",
      "category": "vaping",
      "timestamp": "2025-09-21T11:48:46.132Z",
      "note": "",
      "date": "Sun Sep 21 2025",
      "intensity": 2
    },
    {
      "id": 1758456155132,
      "type": "craving",
      "category": "vaping",
      "timestamp": "2025-09-21T12:02:25.132Z",
      "note": "",
      "date": "Sun Sep 21 2025",
      "intensity": 2
    },
    {
      "id": 1758465618132,
      "type": "smoked",
      "category": "vaping",
      "timestamp": "2025-09-21T14:40:18.132Z",
      "note": "",
      "date": "Sun Sep 21 2025"
    },
    {
      "id": 1758465754132,
      "type": "smoked",
      "category": "vaping",
      "timestamp": "2025-09-21T14:42:34.132Z",
      "note": "",
      "date": "Sun Sep 21 2025"
    },
    {
      "id": 1758468692132,
      "type": "smoked",
      "category": "vaping",
      "timestamp": "2025-09-21T15:31:32.132Z",
      "note": "",
      "date": "Sun Sep 21 2025"
    },
    {
      "id": 1758468808135,
      "type": "craving",
      "category": "vaping",
      "timestamp": "2025-09-21T15:33:18.132Z",
      "note": "",
      "date": "Sun Sep 21 2025",
      "intensity": 1
    },
    {
      "id": 1758470432132,
      "type": "smoked",
      "category": "vaping",
      "timestamp": "2025-09-21T16:00:32.132Z",
      "note": "",
      "date": "Sun Sep 21 2025"
    },
    {
      "id": 1758472992134,
      "type": "craving",
      "category": "vaping",
      "timestamp": "2025-09-21T16:43:02.132Z",
      "note": "",
      "date": "Sun Sep 21 2025",
      "intensity": 2
    },
    {
      "id": 1758473862132,
      "type": "craving",
      "category": "alcohol",
      "timestamp": "2025-09-21T16:57:22.132Z",
      "note": "",
      "date": "Sun Sep 21 2025",
      "intensity": 3
    },
    {
      "id": 1758475049137,
      "type": "craving",
      "category": "vaping",
      "timestamp": "2025-09-21T17:17:19.132Z",
      "note": "",
      "date": "Sun Sep 21 2025",
      "intensity": 2
    },
    {
      "id": 1758475635133,
      "type": "craving",
      "category": "alcohol",
      "timestamp": "2025-09-21T17:26:55.132Z",
      "note": "",
      "date": "Sun Sep 21 2025",
      "intensity": 1
    },
    {
      "id": 1758478439136,
      "type": "craving",
      "category": "vaping",
      "timestamp": "2025-09-21T18:13:49.132Z",
      "note": "",
      "date": "Sun Sep 21 2025",
      "intensity": 2
    },
    {
      "id": 1758479277135,
      "type": "smoked",
      "category": "alcohol",
      "timestamp": "2025-09-21T18:27:57.132Z",
      "note": "",
      "date": "Sun Sep 21 2025",
      "cost": 1
    },
    {
      "id": 1758480928132,
      "type": "smoked",
      "category": "vaping",
      "timestamp": "2025-09-21T18:55:28.132Z",
      "note": "",
      "date": "Sun Sep 21 2025"
    },
    {
      "id": 1758481623132,
      "type": "smoked",
      "category": "vaping",
      "timestamp": "2025-09-21T19:07:03.132Z",
      "note": "",
      "date": "Sun Sep 21 2025"
    },
    {
      "id": 1758482245134,
      "type": "smoked",
      "category": "alcohol",
      "timestamp": "2025-09-21T19:17:25.132Z",
      "note": "",
      "date": "Sun Sep 21 2025",
      "cost": 1
    },
    {
      "id": 1758486142132,
      "type": "smoked",
      "category": "vaping",
      "timestamp": "2025-09-21T20:22:22.132Z",
      "note": "",
      "date": "Sun Sep 21 2025"
    },
    {
      "id": 1758490468132,
      "type": "smoked",
      "category": "vaping",
      "timestamp": "2025-09-21T21:34:28.132Z",
      "note": "",
      "date": "Sun Sep 21 2025"
    },
    {
      "id": 1758490818132,
      "type": "smoked",
      "category": "alcohol",
      "timestamp": "2025-09-21T21:40:18.132Z",
      "note": "",
      "date": "Sun Sep 21 2025",
      "cost": 1
    },
    {
      "id": 1758493377132,
      "type": "smoked",
      "category": "vaping",
      "timestamp": "2025-09-21T22:22:57.132Z",
      "note": "",
      "date": "Sun Sep 21 2025"
    },
    {
      "id": 1758493787132,
      "type": "smoked",
      "category": "vaping",
      "timestamp": "2025-09-21T22:29:47.132Z",
      "note": "",
      "date": "Sun Sep 21 2025"
    },
    {
      "id": 1758495264133,
      "type": "smoked",
      "category": "alcohol",
      "timestamp": "2025-09-21T22:54:24.132Z",
      "note": "",
      "date": "Sun Sep 21 2025",
      "cost": 0.75
    },
    {
      "id": 1758533879132,
      "type": "smoked",
      "category": "vaping",
      "timestamp": "2025-09-22T09:37:59.132Z",
      "note": "",
      "date": "Mon Sep 22 2025"
    },
    {
      "id": 1758535368132,
      "type": "craving",
      "category": "vaping",
      "timestamp": "2025-09-22T10:02:38.132Z",
      "note": "",
      "date": "Mon Sep 22 2025",
      "intensity": 1
    },
    {
      "id": 1758541825132,
      "type": "smoked",
      "category": "vaping",
      "timestamp": "2025-09-22T11:50:25.132Z",
      "note": "",
      "date": "Mon Sep 22 2025"
    },
    {
      "id": 1758544812133,
      "type": "craving",
      "category": "vaping",
      "timestamp": "2025-09-22T12:40:02.132Z",
      "note": "",
      "date": "Mon Sep 22 2025",
      "intensity": 2
    },
    {
      "id": 1758551350132,
      "type": "smoked",
      "category": "vaping",
      "timestamp": "2025-09-22T14:29:10.132Z",
      "note": "",
      "date": "Mon Sep 22 2025"
    },
    {
      "id": 1758556587134,
      "type": "craving",
      "category": "vaping",
      "timestamp": "2025-09-22T15:56:17.132Z",
      "note": "",
      "date": "Mon Sep 22 2025",
      "intensity": 2
    },
    {
      "id": 1758556856132,
      "type": "smoked",
      "category": "vaping",
      "timestamp": "2025-09-22T16:00:56.132Z",
      "note": "",
      "date": "Mon Sep 22 2025"
    },
    {
      "id": 1758560642132,
      "type": "craving",
      "category": "alcohol",
      "timestamp": "2025-09-22T17:03:42.132Z",
      "note": "",
      "date": "Mon Sep 22 2025",
      "intensity": 2
    },
    {
      "id": 1758563762132,
      "type": "smoked",
      "category": "vaping",
      "timestamp": "2025-09-22T17:56:02.132Z",
      "note": "",
      "date": "Mon Sep 22 2025"
    },
    {
      "id": 1758563886132,
      "type": "smoked",
      "category": "vaping",
      "timestamp": "2025-09-22T17:58:06.132Z",
      "note": "",
      "date": "Mon Sep 22 2025"
    },
    {
      "id": 1758564022134,
      "type": "smoked",
      "category": "alcohol",
      "timestamp": "2025-09-22T18:00:22.132Z",
      "note": "",
      "date": "Mon Sep 22 2025",
      "cost": 1
    },
    {
      "id": 1758567138132,
      "type": "smoked",
      "category": "vaping",
      "timestamp": "2025-09-22T18:52:18.132Z",
      "note": "",
      "date": "Mon Sep 22 2025"
    },
    {
      "id": 1758568662132,
      "type": "smoked",
      "category": "alcohol",
      "timestamp": "2025-09-22T19:17:42.132Z",
      "note": "",
      "date": "Mon Sep 22 2025",
      "cost": 1.25
    },
    {
      "id": 1758571803132,
      "type": "smoked",
      "category": "vaping",
      "timestamp": "2025-09-22T20:10:03.132Z",
      "note": "",
      "date": "Mon Sep 22 2025"
    },
    {
      "id": 1758574093132,
      "type": "smoked",
      "category": "vaping",
      "timestamp": "2025-09-22T20:48:13.132Z",
      "note": "",
      "date": "Mon Sep 22 2025"
    },
    {
      "id": 1758576449132,
      "type": "smoked",
      "category": "vaping",
      "timestamp": "2025-09-22T21:27:29.132Z",
      "note": "",
      "date": "Mon Sep 22 2025"
    },
    {
      "id": 1758576715133,
      "type": "smoked",
      "category": "alcohol",
      "timestamp": "2025-09-22T21:31:55.132Z",
      "note": "",
      "date": "Mon Sep 22 2025",
      "cost": 1.25
    },
    {
      "id": 1758579145132,
      "type": "smoked",
      "category": "vaping",
      "timestamp": "2025-09-22T22:12:25.132Z",
      "note": "",
      "date": "Mon Sep 22 2025"
    },
    {
      "id": 1758581616132,
      "type": "smoked",
      "category": "vaping",
      "timestamp": "2025-09-22T22:53:36.132Z",
      "note": "",
      "date": "Mon Sep 22 2025"
    },
    {
      "id": 1758612505132,
      "type": "smoked",
      "category": "vaping",
      "timestamp": "2025-09-23T07:28:25.132Z",
      "note": "",
      "date": "Tue Sep 23 2025"
    },
    {
      "id": 1758617996132,
      "type": "smoked",
      "category": "vaping",
      "timestamp": "2025-09-23T08:59:56.132Z",
      "note": "",
      "date": "Tue Sep 23 2025"
    },
    {
      "id": 1758618528133,
      "type": "craving",
      "category": "vaping",
      "timestamp": "2025-09-23T09:08:38.132Z",
      "note": "",
      "date": "Tue Sep 23 2025",
      "intensity": 3
    },
    {
      "id": 1758625663135,
      "type": "craving",
      "category": "vaping",
      "timestamp": "2025-09-23T11:07:33.132Z",
      "note": "",
      "date": "Tue Sep 23 2025",
      "intensity": 2
    },
    {
      "id": 1758628728132,
      "type": "smoked",
      "category": "vaping",
      "timestamp": "2025-09-23T11:58:48.132Z",
      "note": "",
      "date": "Tue Sep 23 2025"
    },
    {
      "id": 1758632327137,
      "type": "craving",
      "category": "vaping",
      "timestamp": "2025-09-23T12:58:37.132Z",
      "note": "",
      "date": "Tue Sep 23 2025",
      "intensity": 2
    },
    {
      "id": 1758637127132,
      "type": "smoked",
      "category": "vaping",
      "timestamp": "2025-09-23T14:18:47.132Z",
      "note": "",
      "date": "Tue Sep 23 2025"
    },
    {
      "id": 1758637486134,
      "type": "craving",
      "category": "vaping",
      "timestamp": "2025-09-23T14:24:36.132Z",
      "note": "",
      "date": "Tue Sep 23 2025",
      "intensity": 2
    },
    {
      "id": 1758640248132,
      "type": "smoked",
      "category": "vaping",
      "timestamp": "2025-09-23T15:10:48.132Z",
      "note": "",
      "date": "Tue Sep 23 2025"
    },
    {
      "id": 1758641908136,
      "type": "craving",
      "category": "vaping",
      "timestamp": "2025-09-23T15:38:18.132Z",
      "note": "",
      "date": "Tue Sep 23 2025",
      "intensity": 2
    },
    {
      "id": 1758642528132,
      "type": "craving",
      "category": "vaping",
      "timestamp": "2025-09-23T15:48:38.132Z",
      "note": "",
      "date": "Tue Sep 23 2025",
      "intensity": 3
    },
    {
      "id": 1758647235132,
      "type": "smoked",
      "category": "vaping",
      "timestamp": "2025-09-23T17:07:15.132Z",
      "note": "",
      "date": "Tue Sep 23 2025"
    },
    {
      "id": 1758647656132,
      "type": "craving",
      "category": "alcohol",
      "timestamp": "2025-09-23T17:13:56.132Z",
      "note": "",
      "date": "Tue Sep 23 2025",
      "intensity": 2
    },
    {
      "id": 1758652261132,
      "type": "smoked",
      "category": "vaping",
      "timestamp": "2025-09-23T18:31:01.132Z",
      "note": "",
      "date": "Tue Sep 23 2025"
    },
    {
      "id": 1758652362134,
      "type": "smoked",
      "category": "alcohol",
      "timestamp": "2025-09-23T18:32:42.132Z",
      "note": "",
      "date": "Tue Sep 23 2025",
      "cost": 1
    },
    {
      "id": 1758653494135,
      "type": "smoked",
      "category": "alcohol",
      "timestamp": "2025-09-23T18:51:34.132Z",
      "note": "",
      "date": "Tue Sep 23 2025",
      "cost": 0.75
    },
    {
      "id": 1758654021132,
      "type": "smoked",
      "category": "vaping",
      "timestamp": "2025-09-23T19:00:21.132Z",
      "note": "",
      "date": "Tue Sep 23 2025"
    },
    {
      "id": 1758661019132,
      "type": "smoked",
      "category": "vaping",
      "timestamp": "2025-09-23T20:56:59.132Z",
      "note": "",
      "date": "Tue Sep 23 2025"
    },
    {
      "id": 1758662050132,
      "type": "smoked",
      "category": "vaping",
      "timestamp": "2025-09-23T21:14:10.132Z",
      "note": "",
      "date": "Tue Sep 23 2025"
    },
    {
      "id": 1758665197132,
      "type": "smoked",
      "category": "alcohol",
      "timestamp": "2025-09-23T22:06:37.132Z",
      "note": "",
      "date": "Tue Sep 23 2025",
      "cost": 1.25
    },
    {
      "id": 1758665654133,
      "type": "smoked",
      "category": "alcohol",
      "timestamp": "2025-09-23T22:14:14.132Z",
      "note": "",
      "date": "Tue Sep 23 2025",
      "cost": 1
    },
    {
      "id": 1758666048136,
      "type": "smoked",
      "category": "alcohol",
      "timestamp": "2025-09-23T22:20:48.132Z",
      "note": "",
      "date": "Tue Sep 23 2025",
      "cost": 1
    },
    {
      "id": 1758667403132,
      "type": "smoked",
      "category": "vaping",
      "timestamp": "2025-09-23T22:43:23.132Z",
      "note": "",
      "date": "Tue Sep 23 2025"
    },
    {
      "id": 1758698348132,
      "type": "smoked",
      "category": "vaping",
      "timestamp": "2025-09-24T07:19:08.132Z",
      "note": "",
      "date": "Wed Sep 24 2025"
    },
    {
      "id": 1758700654135,
      "type": "craving",
      "category": "vaping",
      "timestamp": "2025-09-24T07:57:24.132Z",
      "note": "",
      "date": "Wed Sep 24 2025",
      "intensity": 2
    },
    {
      "id": 1758701041132,
      "type": "smoked",
      "category": "vaping",
      "timestamp": "2025-09-24T08:04:01.132Z",
      "note": "",
      "date": "Wed Sep 24 2025"
    },
    {
      "id": 1758701225133,
      "type": "craving",
      "category": "vaping",
      "timestamp": "2025-09-24T08:06:55.132Z",
      "note": "",
      "date": "Wed Sep 24 2025",
      "intensity": 3
    },
    {
      "id": 1758719294136,
      "type": "craving",
      "category": "vaping",
      "timestamp": "2025-09-24T13:08:04.132Z",
      "note": "",
      "date": "Wed Sep 24 2025",
      "intensity": 2
    },
    {
      "id": 1758720731132,
      "type": "smoked",
      "category": "vaping",
      "timestamp": "2025-09-24T13:32:11.132Z",
      "note": "",
      "date": "Wed Sep 24 2025"
    },
    {
      "id": 1758722799132,
      "type": "craving",
      "category": "vaping",
      "timestamp": "2025-09-24T14:06:29.132Z",
      "note": "",
      "date": "Wed Sep 24 2025",
      "intensity": 3
    },
    {
      "id": 1758737332132,
      "type": "smoked",
      "category": "alcohol",
      "timestamp": "2025-09-24T18:08:52.132Z",
      "note": "",
      "date": "Wed Sep 24 2025",
      "cost": 1.25
    },
    {
      "id": 1758737372132,
      "type": "craving",
      "category": "alcohol",
      "timestamp": "2025-09-24T18:09:12.132Z",
      "note": "",
      "date": "Wed Sep 24 2025",
      "intensity": 3
    },
    {
      "id": 1758738620134,
      "type": "craving",
      "category": "vaping",
      "timestamp": "2025-09-24T18:30:10.132Z",
      "note": "",
      "date": "Wed Sep 24 2025",
      "intensity": 1
    },
    {
      "id": 1758739668132,
      "type": "smoked",
      "category": "vaping",
      "timestamp": "2025-09-24T18:47:48.132Z",
      "note": "",
      "date": "Wed Sep 24 2025"
    },
    {
      "id": 1758740130133,
      "type": "smoked",
      "category": "alcohol",
      "timestamp": "2025-09-24T18:55:30.132Z",
      "note": "",
      "date": "Wed Sep 24 2025",
      "cost": 0.75
    },
    {
      "id": 1758741701132,
      "type": "smoked",
      "category": "vaping",
      "timestamp": "2025-09-24T19:21:41.132Z",
      "note": "",
      "date": "Wed Sep 24 2025"
    },
    {
      "id": 1758744509134,
      "type": "smoked",
      "category": "alcohol",
      "timestamp": "2025-09-24T20:08:29.132Z",
      "note": "",
      "date": "Wed Sep 24 2025",
      "cost": 1
    },
    {
      "id": 1758748993132,
      "type": "smoked",
      "category": "vaping",
      "timestamp": "2025-09-24T21:23:13.132Z",
      "note": "",
      "date": "Wed Sep 24 2025"
    },
    {
      "id": 1758749397136,
      "type": "smoked",
      "category": "alcohol",
      "timestamp": "2025-09-24T21:29:57.132Z",
      "note": "",
      "date": "Wed Sep 24 2025",
      "cost": 1
    },
    {
      "id": 1758749455135,
      "type": "smoked",
      "category": "alcohol",
      "timestamp": "2025-09-24T21:30:55.132Z",
      "note": "",
      "date": "Wed Sep 24 2025",
      "cost": 1
    },
    {
      "id": 1758751829132,
      "type": "smoked",
      "category": "vaping",
      "timestamp": "2025-09-24T22:10:29.132Z",
      "note": "",
      "date": "Wed Sep 24 2025"
    },
    {
      "id": 1758753395132,
      "type": "smoked",
      "category": "vaping",
      "timestamp": "2025-09-24T22:36:35.132Z",
      "note": "",
      "date": "Wed Sep 24 2025"
    },
    {
      "id": 1758786960132,
      "type": "smoked",
      "category": "vaping",
      "timestamp": "2025-09-25T07:56:00.132Z",
      "note": "",
      "date": "Thu Sep 25 2025"
    },
    {
      "id": 1758789193132,
      "type": "smoked",
      "category": "vaping",
      "timestamp": "2025-09-25T08:33:13.132Z",
      "note": "",
      "date": "Thu Sep 25 2025"
    },
    {
      "id": 1758791000132,
      "type": "smoked",
      "category": "vaping",
      "timestamp": "2025-09-25T09:03:20.132Z",
      "note": "",
      "date": "Thu Sep 25 2025"
    },
    {
      "id": 1758796508132,
      "type": "smoked",
      "category": "vaping",
      "timestamp": "2025-09-25T10:35:08.132Z",
      "note": "",
      "date": "Thu Sep 25 2025"
    },
    {
      "id": 1758798656132,
      "type": "smoked",
      "category": "vaping",
      "timestamp": "2025-09-25T11:10:56.132Z",
      "note": "",
      "date": "Thu Sep 25 2025"
    },
    {
      "id": 1758798712132,
      "type": "smoked",
      "category": "vaping",
      "timestamp": "2025-09-25T11:11:52.132Z",
      "note": "",
      "date": "Thu Sep 25 2025"
    },
    {
      "id": 1758807151132,
      "type": "smoked",
      "category": "vaping",
      "timestamp": "2025-09-25T13:32:31.132Z",
      "note": "",
      "date": "Thu Sep 25 2025"
    },
    {
      "id": 1758807752134,
      "type": "craving",
      "category": "vaping",
      "timestamp": "2025-09-25T13:42:22.132Z",
      "note": "",
      "date": "Thu Sep 25 2025",
      "intensity": 2
    },
    {
      "id": 1758811689132,
      "type": "smoked",
      "category": "vaping",
      "timestamp": "2025-09-25T14:48:09.132Z",
      "note": "",
      "date": "Thu Sep 25 2025"
    },
    {
      "id": 1758814989132,
      "type": "smoked",
      "category": "vaping",
      "timestamp": "2025-09-25T15:43:09.132Z",
      "note": "",
      "date": "Thu Sep 25 2025"
    },
    {
      "id": 1758816961132,
      "type": "craving",
      "category": "alcohol",
      "timestamp": "2025-09-25T16:15:41.132Z",
      "note": "",
      "date": "Thu Sep 25 2025",
      "intensity": 1
    },
    {
      "id": 1758819541132,
      "type": "craving",
      "category": "vaping",
      "timestamp": "2025-09-25T16:58:51.132Z",
      "note": "",
      "date": "Thu Sep 25 2025",
      "intensity": 1
    },
    {
      "id": 1758820090132,
      "type": "smoked",
      "category": "vaping",
      "timestamp": "2025-09-25T17:08:10.132Z",
      "note": "",
      "date": "Thu Sep 25 2025"
    },
    {
      "id": 1758822380136,
      "type": "smoked",
      "category": "alcohol",
      "timestamp": "2025-09-25T17:46:20.132Z",
      "note": "",
      "date": "Thu Sep 25 2025",
      "cost": 0.75
    },
    {
      "id": 1758828302134,
      "type": "smoked",
      "category": "alcohol",
      "timestamp": "2025-09-25T19:25:02.132Z",
      "note": "",
      "date": "Thu Sep 25 2025",
      "cost": 1
    },
    {
      "id": 1758829357135,
      "type": "craving",
      "category": "vaping",
      "timestamp": "2025-09-25T19:42:27.132Z",
      "note": "",
      "date": "Thu Sep 25 2025",
      "intensity": 3
    },
    {
      "id": 1758830330132,
      "type": "smoked",
      "category": "vaping",
      "timestamp": "2025-09-25T19:58:50.132Z",
      "note": "",
      "date": "Thu Sep 25 2025"
    },
    {
      "id": 1758831965136,
      "type": "craving",
      "category": "vaping",
      "timestamp": "2025-09-25T20:25:55.132Z",
      "note": "",
      "date": "Thu Sep 25 2025",
      "intensity": 2
    },
    {
      "id": 1758832331132,
      "type": "smoked",
      "category": "vaping",
      "timestamp": "2025-09-25T20:32:11.132Z",
      "note": "",
      "date": "Thu Sep 25 2025"
    },
    {
      "id": 1758832384135,
      "type": "smoked",
      "category": "alcohol",
      "timestamp": "2025-09-25T20:33:04.132Z",
      "note": "",
      "date": "Thu Sep 25 2025",
      "cost": 1
    },
    {
      "id": 1758833254133,
      "type": "smoked",
      "category": "alcohol",
      "timestamp": "2025-09-25T20:47:34.132Z",
      "note": "",
      "date": "Thu Sep 25 2025",
      "cost": 1.25
    },
    {
      "id": 1758833960133,
      "type": "craving",
      "category": "vaping",
      "timestamp": "2025-09-25T20:59:10.132Z",
      "note": "",
      "date": "Thu Sep 25 2025",
      "intensity": 2
    },
    {
      "id": 1758839354132,
      "type": "smoked",
      "category": "alcohol",
      "timestamp": "2025-09-25T22:29:14.132Z",
      "note": "",
      "date": "Thu Sep 25 2025",
      "cost": 1.25
    }
  ]
}

Generated 3726 entries over 6 months
Data saved to dummy_data.json in the correct format
You can import this file using the "Import Data" feature in your app.
